2023-11-30T00:58:00.464-07:00  INFO 36396 --- [restartedMain] c.c.c.CinematchAppApplication            : Starting CinematchAppApplication using Java 19 with PID 36396 (C:\Users\jrven\Documents\GitHub\Cinematch\backend\target\classes started by jrven in C:\Users\jrven\Documents\GitHub\Cinematch)
2023-11-30T00:58:00.468-07:00  INFO 36396 --- [restartedMain] c.c.c.CinematchAppApplication            : No active profile set, falling back to 1 default profile: "default"
2023-11-30T00:58:00.505-07:00  INFO 36396 --- [restartedMain] .e.DevToolsPropertyDefaultsPostProcessor : Devtools property defaults active! Set 'spring.devtools.add-properties' to 'false' to disable
2023-11-30T00:58:00.505-07:00  INFO 36396 --- [restartedMain] .e.DevToolsPropertyDefaultsPostProcessor : For additional web related logging consider setting the 'logging.level.web' property to 'DEBUG'
2023-11-30T00:58:01.335-07:00  INFO 36396 --- [restartedMain] .s.d.r.c.RepositoryConfigurationDelegate : Bootstrapping Spring Data JPA repositories in DEFAULT mode.
2023-11-30T00:58:01.390-07:00  INFO 36396 --- [restartedMain] .s.d.r.c.RepositoryConfigurationDelegate : Finished Spring Data repository scanning in 49 ms. Found 7 JPA repository interfaces.
2023-11-30T00:58:01.946-07:00  INFO 36396 --- [restartedMain] o.s.b.w.embedded.tomcat.TomcatWebServer  : Tomcat initialized with port(s): 8080 (http)
2023-11-30T00:58:01.954-07:00  INFO 36396 --- [restartedMain] o.apache.catalina.core.StandardService   : Starting service [Tomcat]
2023-11-30T00:58:01.954-07:00  INFO 36396 --- [restartedMain] o.apache.catalina.core.StandardEngine    : Starting Servlet engine: [Apache Tomcat/10.1.12]
2023-11-30T00:58:02.010-07:00  INFO 36396 --- [restartedMain] o.a.c.c.C.[Tomcat].[localhost].[/]       : Initializing Spring embedded WebApplicationContext
2023-11-30T00:58:02.011-07:00  INFO 36396 --- [restartedMain] w.s.c.ServletWebServerApplicationContext : Root WebApplicationContext: initialization completed in 1505 ms
2023-11-30T00:58:02.468-07:00  INFO 36396 --- [restartedMain] o.s.o.j.p.SpringPersistenceUnitInfo      : No LoadTimeWeaver setup: ignoring JPA class transformer
2023-11-30T00:58:02.481-07:00  INFO 36396 --- [restartedMain] com.zaxxer.hikari.HikariDataSource       : HikariPool-1 - Starting...
2023-11-30T00:58:02.732-07:00  INFO 36396 --- [restartedMain] com.zaxxer.hikari.pool.HikariPool        : HikariPool-1 - Added connection com.mysql.cj.jdbc.ConnectionImpl@4f27605a
2023-11-30T00:58:02.733-07:00  INFO 36396 --- [restartedMain] com.zaxxer.hikari.HikariDataSource       : HikariPool-1 - Start completed.
2023-11-30T00:58:03.745-07:00 DEBUG 36396 --- [restartedMain] org.hibernate.SQL                        : 
    alter table friend_request 
       modify column request_status  enum ('ACCEPTED','PENDING','REJECTED') not null
2023-11-30T00:58:03.758-07:00 DEBUG 36396 --- [restartedMain] org.hibernate.SQL                        : 
    alter table friendship 
       modify column friendship_status  enum ('ACCEPTED') not null
2023-11-30T00:58:03.799-07:00  INFO 36396 --- [restartedMain] j.LocalContainerEntityManagerFactoryBean : Initialized JPA EntityManagerFactory for persistence unit 'default'
2023-11-30T00:58:03.991-07:00  INFO 36396 --- [restartedMain] o.s.d.j.r.query.QueryEnhancerFactory     : Hibernate is in classpath; If applicable, HQL parser will be used.
2023-11-30T00:58:04.491-07:00 DEBUG 36396 --- [restartedMain] org.hibernate.SQL                        : 
    select
        r1_0.role_id,
        r1_0.name 
    from
        role r1_0 
    where
        r1_0.name=?
2023-11-30T00:58:04.512-07:00 DEBUG 36396 --- [restartedMain] org.hibernate.SQL                        : 
    select
        r1_0.role_id,
        r1_0.name 
    from
        role r1_0 
    where
        r1_0.name=?
2023-11-30T00:58:04.515-07:00 DEBUG 36396 --- [restartedMain] org.hibernate.SQL                        : 
    select
        u1_0.user_id 
    from
        user u1_0 
    where
        u1_0.username=? limit ?
2023-11-30T00:58:04.517-07:00 DEBUG 36396 --- [restartedMain] org.hibernate.SQL                        : 
    select
        u1_0.user_id 
    from
        user u1_0 
    where
        u1_0.username=? limit ?
2023-11-30T00:58:04.518-07:00 DEBUG 36396 --- [restartedMain] org.hibernate.SQL                        : 
    select
        u1_0.user_id 
    from
        user u1_0 
    where
        u1_0.username=? limit ?
2023-11-30T00:58:04.520-07:00 DEBUG 36396 --- [restartedMain] org.hibernate.SQL                        : 
    select
        a1_0.avatar_id,
        a1_0.file_name,
        a1_0.path,
        a1_0.file_size 
    from
        avatar a1_0 
    where
        a1_0.path=?
2023-11-30T00:58:04.950-07:00  INFO 36396 --- [restartedMain] o.s.b.a.e.web.EndpointLinksResolver      : Exposing 1 endpoint(s) beneath base path '/actuator'
2023-11-30T00:58:04.999-07:00  INFO 36396 --- [restartedMain] o.s.s.web.DefaultSecurityFilterChain     : Will secure any request with [org.springframework.security.web.session.DisableEncodeUrlFilter@ff624ff, org.springframework.security.web.context.request.async.WebAsyncManagerIntegrationFilter@2fcb5d45, org.springframework.security.web.context.SecurityContextHolderFilter@1eca4c1d, org.springframework.security.web.header.HeaderWriterFilter@4a1b293d, org.springframework.web.filter.CorsFilter@239a28e8, org.springframework.security.web.authentication.logout.LogoutFilter@3b8ad09e, com.cm.cinematchapp.security.JwtAuthenticationFilter@12839e5b, org.springframework.security.web.savedrequest.RequestCacheAwareFilter@16f56417, org.springframework.security.web.servletapi.SecurityContextHolderAwareRequestFilter@3de7012c, org.springframework.security.web.authentication.AnonymousAuthenticationFilter@164963bd, org.springframework.security.web.session.SessionManagementFilter@38d8a9f8, org.springframework.security.web.access.ExceptionTranslationFilter@62aeae10, org.springframework.security.web.access.intercept.AuthorizationFilter@28981d80]
2023-11-30T00:58:05.111-07:00  WARN 36396 --- [restartedMain] ion$DefaultTemplateResolverConfiguration : Cannot find template location: classpath:/templates/ (please add some templates, check your Thymeleaf configuration, or set spring.thymeleaf.check-template-location=false)
2023-11-30T00:58:05.236-07:00  INFO 36396 --- [restartedMain] o.s.b.d.a.OptionalLiveReloadServer       : LiveReload server is running on port 35729
2023-11-30T00:58:05.280-07:00  INFO 36396 --- [restartedMain] o.s.b.w.embedded.tomcat.TomcatWebServer  : Tomcat started on port(s): 8080 (http) with context path ''
2023-11-30T00:58:05.291-07:00  INFO 36396 --- [restartedMain] c.c.c.CinematchAppApplication            : Started CinematchAppApplication in 5.103 seconds (process running for 5.72)
2023-11-30T00:58:05.506-07:00  INFO 36396 --- [RMI TCP Connection(2)-192.168.56.1] o.a.c.c.C.[Tomcat].[localhost].[/]       : Initializing Spring DispatcherServlet 'dispatcherServlet'
2023-11-30T00:59:20.005-07:00 DEBUG 36396 --- [http-nio-8080-exec-1] o.s.security.web.FilterChainProxy        : Securing OPTIONS /api/actions/login
2023-11-30T00:59:20.022-07:00 DEBUG 36396 --- [http-nio-8080-exec-2] o.s.security.web.FilterChainProxy        : Securing POST /api/actions/login
2023-11-30T00:59:20.025-07:00 DEBUG 36396 --- [http-nio-8080-exec-2] o.s.s.w.a.AnonymousAuthenticationFilter  : Set SecurityContextHolder to anonymous SecurityContext
2023-11-30T00:59:20.030-07:00 DEBUG 36396 --- [http-nio-8080-exec-2] o.s.security.web.FilterChainProxy        : Secured POST /api/actions/login
2023-11-30T00:59:20.068-07:00 DEBUG 36396 --- [http-nio-8080-exec-2] org.hibernate.SQL                        : 
    select
        u1_0.user_id 
    from
        user u1_0 
    where
        u1_0.username=? limit ?
2023-11-30T00:59:20.069-07:00  INFO 36396 --- [http-nio-8080-exec-2] c.c.c.s.JwtAuthenticationProvider        : authenticate, username:Admin1, password:password123?
2023-11-30T00:59:20.075-07:00 DEBUG 36396 --- [http-nio-8080-exec-2] org.hibernate.SQL                        : 
    select
        u1_0.user_id,
        u1_0.avatar_id,
        u1_0.email,
        u1_0.first_name,
        u1_0.last_name,
        u1_0.password,
        u1_0.username 
    from
        user u1_0 
    where
        upper(u1_0.username)=upper(?)
2023-11-30T00:59:20.080-07:00 DEBUG 36396 --- [http-nio-8080-exec-2] org.hibernate.SQL                        : 
    select
        r1_0.user_id,
        r1_1.role_id,
        r1_1.name 
    from
        user_roles r1_0 
    join
        role r1_1 
            on r1_1.role_id=r1_0.role_id 
    where
        r1_0.user_id=?
2023-11-30T00:59:20.083-07:00  INFO 36396 --- [http-nio-8080-exec-2] c.c.c.s.JwtAuthenticationProvider        : [ROLE_USER, ROLE_ADMIN]
2023-11-30T00:59:20.205-07:00 DEBUG 36396 --- [http-nio-8080-exec-3] o.s.security.web.FilterChainProxy        : Securing OPTIONS /api/entities/user
2023-11-30T00:59:20.207-07:00 DEBUG 36396 --- [http-nio-8080-exec-4] o.s.security.web.FilterChainProxy        : Securing GET /api/entities/user
2023-11-30T00:59:20.207-07:00  INFO 36396 --- [http-nio-8080-exec-4] c.c.c.security.JwtAuthenticationFilter   : authToken:eyJ0eXAiOiJKV1QiLCJhbGciOiJIUzI1NiJ9.eyJleHAiOjE3MDEzMzQ3NjAsInVzZXJuYW1lIjoiQWRtaW4xIn0.8zFzAfL_tmmn_VPovheH85S05JsisWdt-rL_iZu2uKs
2023-11-30T00:59:20.218-07:00  INFO 36396 --- [http-nio-8080-exec-4] c.c.c.security.JwtAuthenticationFilter   : username: Admin1
2023-11-30T00:59:20.220-07:00 DEBUG 36396 --- [http-nio-8080-exec-4] org.hibernate.SQL                        : 
    select
        u1_0.user_id,
        u1_0.avatar_id,
        u1_0.email,
        u1_0.first_name,
        u1_0.last_name,
        u1_0.password,
        u1_0.username 
    from
        user u1_0 
    where
        upper(u1_0.username)=upper(?)
2023-11-30T00:59:20.222-07:00 DEBUG 36396 --- [http-nio-8080-exec-4] org.hibernate.SQL                        : 
    select
        r1_0.user_id,
        r1_1.role_id,
        r1_1.name 
    from
        user_roles r1_0 
    join
        role r1_1 
            on r1_1.role_id=r1_0.role_id 
    where
        r1_0.user_id=?
2023-11-30T00:59:20.223-07:00  INFO 36396 --- [http-nio-8080-exec-4] c.c.c.security.JwtAuthenticationFilter   : Authorities: [ROLE_USER, ROLE_ADMIN]
2023-11-30T00:59:20.223-07:00  INFO 36396 --- [http-nio-8080-exec-4] c.c.c.security.JwtAuthenticationFilter   : SecurityContextImpl [Authentication=UsernamePasswordAuthenticationToken [Principal=Admin1, Credentials=[PROTECTED], Authenticated=true, Details=WebAuthenticationDetails [RemoteIpAddress=0:0:0:0:0:0:0:1, SessionId=null], Granted Authorities=[ROLE_USER, ROLE_ADMIN]]]
2023-11-30T00:59:20.226-07:00 DEBUG 36396 --- [http-nio-8080-exec-4] o.s.security.web.FilterChainProxy        : Secured GET /api/entities/user
2023-11-30T00:59:20.227-07:00 DEBUG 36396 --- [http-nio-8080-exec-4] horizationManagerBeforeMethodInterceptor : Authorizing method invocation ReflectiveMethodInvocation: public org.springframework.http.ResponseEntity com.cm.cinematchapp.controllers.EntityController.getCurrentUser(); target is of class [com.cm.cinematchapp.controllers.EntityController]
2023-11-30T00:59:20.247-07:00 DEBUG 36396 --- [http-nio-8080-exec-4] horizationManagerBeforeMethodInterceptor : Authorized method invocation ReflectiveMethodInvocation: public org.springframework.http.ResponseEntity com.cm.cinematchapp.controllers.EntityController.getCurrentUser(); target is of class [com.cm.cinematchapp.controllers.EntityController]
2023-11-30T00:59:20.249-07:00 DEBUG 36396 --- [http-nio-8080-exec-4] org.hibernate.SQL                        : 
    select
        u1_0.user_id,
        u1_0.avatar_id,
        u1_0.email,
        u1_0.first_name,
        u1_0.last_name,
        u1_0.password,
        u1_0.username 
    from
        user u1_0 
    where
        upper(u1_0.username)=upper(?)
2023-11-30T00:59:20.250-07:00 DEBUG 36396 --- [http-nio-8080-exec-4] org.hibernate.SQL                        : 
    select
        r1_0.user_id,
        r1_1.role_id,
        r1_1.name 
    from
        user_roles r1_0 
    join
        role r1_1 
            on r1_1.role_id=r1_0.role_id 
    where
        r1_0.user_id=?
2023-11-30T00:59:20.253-07:00 DEBUG 36396 --- [http-nio-8080-exec-4] org.hibernate.SQL                        : 
    select
        u1_0.user_id,
        u1_0.avatar_id,
        u1_0.email,
        u1_0.first_name,
        u1_0.last_name,
        u1_0.password,
        u1_0.username 
    from
        user u1_0 
    where
        u1_0.user_id=?
2023-11-30T00:59:20.282-07:00 DEBUG 36396 --- [http-nio-8080-exec-5] o.s.security.web.FilterChainProxy        : Securing OPTIONS /api/entities/movies
2023-11-30T00:59:20.286-07:00 DEBUG 36396 --- [http-nio-8080-exec-6] o.s.security.web.FilterChainProxy        : Securing GET /api/entities/movies
2023-11-30T00:59:20.287-07:00  INFO 36396 --- [http-nio-8080-exec-6] c.c.c.security.JwtAuthenticationFilter   : authToken:eyJ0eXAiOiJKV1QiLCJhbGciOiJIUzI1NiJ9.eyJleHAiOjE3MDEzMzQ3NjAsInVzZXJuYW1lIjoiQWRtaW4xIn0.8zFzAfL_tmmn_VPovheH85S05JsisWdt-rL_iZu2uKs
2023-11-30T00:59:20.287-07:00  INFO 36396 --- [http-nio-8080-exec-6] c.c.c.security.JwtAuthenticationFilter   : username: Admin1
2023-11-30T00:59:20.291-07:00 DEBUG 36396 --- [http-nio-8080-exec-6] org.hibernate.SQL                        : 
    select
        u1_0.user_id,
        u1_0.avatar_id,
        u1_0.email,
        u1_0.first_name,
        u1_0.last_name,
        u1_0.password,
        u1_0.username 
    from
        user u1_0 
    where
        upper(u1_0.username)=upper(?)
2023-11-30T00:59:20.292-07:00 DEBUG 36396 --- [http-nio-8080-exec-6] org.hibernate.SQL                        : 
    select
        r1_0.user_id,
        r1_1.role_id,
        r1_1.name 
    from
        user_roles r1_0 
    join
        role r1_1 
            on r1_1.role_id=r1_0.role_id 
    where
        r1_0.user_id=?
2023-11-30T00:59:20.294-07:00  INFO 36396 --- [http-nio-8080-exec-6] c.c.c.security.JwtAuthenticationFilter   : Authorities: [ROLE_USER, ROLE_ADMIN]
2023-11-30T00:59:20.294-07:00  INFO 36396 --- [http-nio-8080-exec-6] c.c.c.security.JwtAuthenticationFilter   : SecurityContextImpl [Authentication=UsernamePasswordAuthenticationToken [Principal=Admin1, Credentials=[PROTECTED], Authenticated=true, Details=WebAuthenticationDetails [RemoteIpAddress=0:0:0:0:0:0:0:1, SessionId=null], Granted Authorities=[ROLE_USER, ROLE_ADMIN]]]
2023-11-30T00:59:20.296-07:00 DEBUG 36396 --- [http-nio-8080-exec-6] o.s.security.web.FilterChainProxy        : Secured GET /api/entities/movies
2023-11-30T00:59:20.297-07:00 DEBUG 36396 --- [http-nio-8080-exec-6] horizationManagerBeforeMethodInterceptor : Authorizing method invocation ReflectiveMethodInvocation: public org.springframework.http.ResponseEntity com.cm.cinematchapp.controllers.EntityController.getAllMovies(); target is of class [com.cm.cinematchapp.controllers.EntityController]
2023-11-30T00:59:20.297-07:00 DEBUG 36396 --- [http-nio-8080-exec-6] horizationManagerBeforeMethodInterceptor : Authorized method invocation ReflectiveMethodInvocation: public org.springframework.http.ResponseEntity com.cm.cinematchapp.controllers.EntityController.getAllMovies(); target is of class [com.cm.cinematchapp.controllers.EntityController]
2023-11-30T00:59:20.304-07:00 DEBUG 36396 --- [http-nio-8080-exec-6] org.hibernate.SQL                        : 
    select
        m1_0.movie_id,
        m1_0.description,
        m1_0.poster_id,
        m1_0.rated,
        m1_0.title,
        m1_0.year 
    from
        movie m1_0
2023-11-30T00:59:20.308-07:00 DEBUG 36396 --- [http-nio-8080-exec-6] org.hibernate.SQL                        : 
    select
        m1_0.poster_id,
        m1_0.file_name,
        m1_0.path,
        m1_0.file_size 
    from
        movie_poster m1_0 
    where
        m1_0.poster_id=?
2023-11-30T00:59:20.310-07:00 DEBUG 36396 --- [http-nio-8080-exec-6] org.hibernate.SQL                        : 
    select
        m1_0.poster_id,
        m1_0.file_name,
        m1_0.path,
        m1_0.file_size 
    from
        movie_poster m1_0 
    where
        m1_0.poster_id=?
2023-11-30T00:59:20.311-07:00 DEBUG 36396 --- [http-nio-8080-exec-6] org.hibernate.SQL                        : 
    select
        m1_0.poster_id,
        m1_0.file_name,
        m1_0.path,
        m1_0.file_size 
    from
        movie_poster m1_0 
    where
        m1_0.poster_id=?
2023-11-30T00:59:20.312-07:00 DEBUG 36396 --- [http-nio-8080-exec-6] org.hibernate.SQL                        : 
    select
        m1_0.poster_id,
        m1_0.file_name,
        m1_0.path,
        m1_0.file_size 
    from
        movie_poster m1_0 
    where
        m1_0.poster_id=?
2023-11-30T00:59:20.313-07:00 DEBUG 36396 --- [http-nio-8080-exec-6] org.hibernate.SQL                        : 
    select
        m1_0.poster_id,
        m1_0.file_name,
        m1_0.path,
        m1_0.file_size 
    from
        movie_poster m1_0 
    where
        m1_0.poster_id=?
2023-11-30T00:59:20.313-07:00 DEBUG 36396 --- [http-nio-8080-exec-6] org.hibernate.SQL                        : 
    select
        m1_0.poster_id,
        m1_0.file_name,
        m1_0.path,
        m1_0.file_size 
    from
        movie_poster m1_0 
    where
        m1_0.poster_id=?
2023-11-30T00:59:20.314-07:00 DEBUG 36396 --- [http-nio-8080-exec-6] org.hibernate.SQL                        : 
    select
        m1_0.poster_id,
        m1_0.file_name,
        m1_0.path,
        m1_0.file_size 
    from
        movie_poster m1_0 
    where
        m1_0.poster_id=?
2023-11-30T00:59:20.314-07:00 DEBUG 36396 --- [http-nio-8080-exec-6] org.hibernate.SQL                        : 
    select
        m1_0.poster_id,
        m1_0.file_name,
        m1_0.path,
        m1_0.file_size 
    from
        movie_poster m1_0 
    where
        m1_0.poster_id=?
2023-11-30T00:59:20.315-07:00 DEBUG 36396 --- [http-nio-8080-exec-6] org.hibernate.SQL                        : 
    select
        m1_0.poster_id,
        m1_0.file_name,
        m1_0.path,
        m1_0.file_size 
    from
        movie_poster m1_0 
    where
        m1_0.poster_id=?
2023-11-30T00:59:20.316-07:00 DEBUG 36396 --- [http-nio-8080-exec-6] org.hibernate.SQL                        : 
    select
        m1_0.poster_id,
        m1_0.file_name,
        m1_0.path,
        m1_0.file_size 
    from
        movie_poster m1_0 
    where
        m1_0.poster_id=?
2023-11-30T00:59:20.316-07:00 DEBUG 36396 --- [http-nio-8080-exec-6] org.hibernate.SQL                        : 
    select
        m1_0.poster_id,
        m1_0.file_name,
        m1_0.path,
        m1_0.file_size 
    from
        movie_poster m1_0 
    where
        m1_0.poster_id=?
2023-11-30T00:59:20.317-07:00 DEBUG 36396 --- [http-nio-8080-exec-6] org.hibernate.SQL                        : 
    select
        m1_0.poster_id,
        m1_0.file_name,
        m1_0.path,
        m1_0.file_size 
    from
        movie_poster m1_0 
    where
        m1_0.poster_id=?
2023-11-30T00:59:20.318-07:00 DEBUG 36396 --- [http-nio-8080-exec-6] org.hibernate.SQL                        : 
    select
        m1_0.poster_id,
        m1_0.file_name,
        m1_0.path,
        m1_0.file_size 
    from
        movie_poster m1_0 
    where
        m1_0.poster_id=?
2023-11-30T00:59:20.318-07:00 DEBUG 36396 --- [http-nio-8080-exec-6] org.hibernate.SQL                        : 
    select
        m1_0.poster_id,
        m1_0.file_name,
        m1_0.path,
        m1_0.file_size 
    from
        movie_poster m1_0 
    where
        m1_0.poster_id=?
2023-11-30T00:59:20.324-07:00 DEBUG 36396 --- [http-nio-8080-exec-6] org.hibernate.SQL                        : 
    select
        c1_0.streaming_info_id,
        c1_0.link,
        c1_0.service,
        c1_0.streaming_type 
    from
        country_info c1_0 
    where
        c1_0.streaming_info_id=?
2023-11-30T00:59:20.327-07:00 DEBUG 36396 --- [http-nio-8080-exec-6] org.hibernate.SQL                        : 
    select
        c1_0.streaming_info_id,
        c1_0.link,
        c1_0.service,
        c1_0.streaming_type 
    from
        country_info c1_0 
    where
        c1_0.streaming_info_id=?
2023-11-30T00:59:20.328-07:00 DEBUG 36396 --- [http-nio-8080-exec-6] org.hibernate.SQL                        : 
    select
        c1_0.streaming_info_id,
        c1_0.link,
        c1_0.service,
        c1_0.streaming_type 
    from
        country_info c1_0 
    where
        c1_0.streaming_info_id=?
2023-11-30T00:59:20.330-07:00 DEBUG 36396 --- [http-nio-8080-exec-6] org.hibernate.SQL                        : 
    select
        c1_0.streaming_info_id,
        c1_0.link,
        c1_0.service,
        c1_0.streaming_type 
    from
        country_info c1_0 
    where
        c1_0.streaming_info_id=?
2023-11-30T00:59:20.331-07:00 DEBUG 36396 --- [http-nio-8080-exec-6] org.hibernate.SQL                        : 
    select
        c1_0.streaming_info_id,
        c1_0.link,
        c1_0.service,
        c1_0.streaming_type 
    from
        country_info c1_0 
    where
        c1_0.streaming_info_id=?
2023-11-30T00:59:20.332-07:00 DEBUG 36396 --- [http-nio-8080-exec-6] org.hibernate.SQL                        : 
    select
        c1_0.streaming_info_id,
        c1_0.link,
        c1_0.service,
        c1_0.streaming_type 
    from
        country_info c1_0 
    where
        c1_0.streaming_info_id=?
2023-11-30T00:59:20.333-07:00 DEBUG 36396 --- [http-nio-8080-exec-6] org.hibernate.SQL                        : 
    select
        c1_0.streaming_info_id,
        c1_0.link,
        c1_0.service,
        c1_0.streaming_type 
    from
        country_info c1_0 
    where
        c1_0.streaming_info_id=?
2023-11-30T00:59:20.335-07:00 DEBUG 36396 --- [http-nio-8080-exec-6] org.hibernate.SQL                        : 
    select
        c1_0.streaming_info_id,
        c1_0.link,
        c1_0.service,
        c1_0.streaming_type 
    from
        country_info c1_0 
    where
        c1_0.streaming_info_id=?
2023-11-30T00:59:20.336-07:00 DEBUG 36396 --- [http-nio-8080-exec-6] org.hibernate.SQL                        : 
    select
        c1_0.streaming_info_id,
        c1_0.link,
        c1_0.service,
        c1_0.streaming_type 
    from
        country_info c1_0 
    where
        c1_0.streaming_info_id=?
2023-11-30T00:59:20.337-07:00 DEBUG 36396 --- [http-nio-8080-exec-6] org.hibernate.SQL                        : 
    select
        c1_0.streaming_info_id,
        c1_0.link,
        c1_0.service,
        c1_0.streaming_type 
    from
        country_info c1_0 
    where
        c1_0.streaming_info_id=?
2023-11-30T00:59:20.338-07:00 DEBUG 36396 --- [http-nio-8080-exec-6] org.hibernate.SQL                        : 
    select
        c1_0.streaming_info_id,
        c1_0.link,
        c1_0.service,
        c1_0.streaming_type 
    from
        country_info c1_0 
    where
        c1_0.streaming_info_id=?
2023-11-30T00:59:20.339-07:00 DEBUG 36396 --- [http-nio-8080-exec-6] org.hibernate.SQL                        : 
    select
        c1_0.streaming_info_id,
        c1_0.link,
        c1_0.service,
        c1_0.streaming_type 
    from
        country_info c1_0 
    where
        c1_0.streaming_info_id=?
2023-11-30T00:59:20.340-07:00 DEBUG 36396 --- [http-nio-8080-exec-6] org.hibernate.SQL                        : 
    select
        c1_0.streaming_info_id,
        c1_0.link,
        c1_0.service,
        c1_0.streaming_type 
    from
        country_info c1_0 
    where
        c1_0.streaming_info_id=?
2023-11-30T00:59:20.341-07:00 DEBUG 36396 --- [http-nio-8080-exec-6] org.hibernate.SQL                        : 
    select
        c1_0.streaming_info_id,
        c1_0.link,
        c1_0.service,
        c1_0.streaming_type 
    from
        country_info c1_0 
    where
        c1_0.streaming_info_id=?
2023-11-30T00:59:23.116-07:00 DEBUG 36396 --- [http-nio-8080-exec-7] o.s.security.web.FilterChainProxy        : Securing GET /api/entities/movies
2023-11-30T00:59:23.117-07:00  INFO 36396 --- [http-nio-8080-exec-7] c.c.c.security.JwtAuthenticationFilter   : authToken:eyJ0eXAiOiJKV1QiLCJhbGciOiJIUzI1NiJ9.eyJleHAiOjE3MDEzMzQ3NjAsInVzZXJuYW1lIjoiQWRtaW4xIn0.8zFzAfL_tmmn_VPovheH85S05JsisWdt-rL_iZu2uKs
2023-11-30T00:59:23.118-07:00  INFO 36396 --- [http-nio-8080-exec-7] c.c.c.security.JwtAuthenticationFilter   : username: Admin1
2023-11-30T00:59:23.122-07:00 DEBUG 36396 --- [http-nio-8080-exec-7] org.hibernate.SQL                        : 
    select
        u1_0.user_id,
        u1_0.avatar_id,
        u1_0.email,
        u1_0.first_name,
        u1_0.last_name,
        u1_0.password,
        u1_0.username 
    from
        user u1_0 
    where
        upper(u1_0.username)=upper(?)
2023-11-30T00:59:23.124-07:00 DEBUG 36396 --- [http-nio-8080-exec-7] org.hibernate.SQL                        : 
    select
        r1_0.user_id,
        r1_1.role_id,
        r1_1.name 
    from
        user_roles r1_0 
    join
        role r1_1 
            on r1_1.role_id=r1_0.role_id 
    where
        r1_0.user_id=?
2023-11-30T00:59:23.125-07:00  INFO 36396 --- [http-nio-8080-exec-7] c.c.c.security.JwtAuthenticationFilter   : Authorities: [ROLE_USER, ROLE_ADMIN]
2023-11-30T00:59:23.126-07:00  INFO 36396 --- [http-nio-8080-exec-7] c.c.c.security.JwtAuthenticationFilter   : SecurityContextImpl [Authentication=UsernamePasswordAuthenticationToken [Principal=Admin1, Credentials=[PROTECTED], Authenticated=true, Details=WebAuthenticationDetails [RemoteIpAddress=0:0:0:0:0:0:0:1, SessionId=null], Granted Authorities=[ROLE_USER, ROLE_ADMIN]]]
2023-11-30T00:59:23.127-07:00 DEBUG 36396 --- [http-nio-8080-exec-7] o.s.security.web.FilterChainProxy        : Secured GET /api/entities/movies
2023-11-30T00:59:23.128-07:00 DEBUG 36396 --- [http-nio-8080-exec-7] horizationManagerBeforeMethodInterceptor : Authorizing method invocation ReflectiveMethodInvocation: public org.springframework.http.ResponseEntity com.cm.cinematchapp.controllers.EntityController.getAllMovies(); target is of class [com.cm.cinematchapp.controllers.EntityController]
2023-11-30T00:59:23.128-07:00 DEBUG 36396 --- [http-nio-8080-exec-7] horizationManagerBeforeMethodInterceptor : Authorized method invocation ReflectiveMethodInvocation: public org.springframework.http.ResponseEntity com.cm.cinematchapp.controllers.EntityController.getAllMovies(); target is of class [com.cm.cinematchapp.controllers.EntityController]
2023-11-30T00:59:23.129-07:00 DEBUG 36396 --- [http-nio-8080-exec-7] org.hibernate.SQL                        : 
    select
        m1_0.movie_id,
        m1_0.description,
        m1_0.poster_id,
        m1_0.rated,
        m1_0.title,
        m1_0.year 
    from
        movie m1_0
2023-11-30T00:59:23.130-07:00 DEBUG 36396 --- [http-nio-8080-exec-7] org.hibernate.SQL                        : 
    select
        m1_0.poster_id,
        m1_0.file_name,
        m1_0.path,
        m1_0.file_size 
    from
        movie_poster m1_0 
    where
        m1_0.poster_id=?
2023-11-30T00:59:23.130-07:00 DEBUG 36396 --- [http-nio-8080-exec-7] org.hibernate.SQL                        : 
    select
        m1_0.poster_id,
        m1_0.file_name,
        m1_0.path,
        m1_0.file_size 
    from
        movie_poster m1_0 
    where
        m1_0.poster_id=?
2023-11-30T00:59:23.131-07:00 DEBUG 36396 --- [http-nio-8080-exec-7] org.hibernate.SQL                        : 
    select
        m1_0.poster_id,
        m1_0.file_name,
        m1_0.path,
        m1_0.file_size 
    from
        movie_poster m1_0 
    where
        m1_0.poster_id=?
2023-11-30T00:59:23.131-07:00 DEBUG 36396 --- [http-nio-8080-exec-7] org.hibernate.SQL                        : 
    select
        m1_0.poster_id,
        m1_0.file_name,
        m1_0.path,
        m1_0.file_size 
    from
        movie_poster m1_0 
    where
        m1_0.poster_id=?
2023-11-30T00:59:23.132-07:00 DEBUG 36396 --- [http-nio-8080-exec-7] org.hibernate.SQL                        : 
    select
        m1_0.poster_id,
        m1_0.file_name,
        m1_0.path,
        m1_0.file_size 
    from
        movie_poster m1_0 
    where
        m1_0.poster_id=?
2023-11-30T00:59:23.133-07:00 DEBUG 36396 --- [http-nio-8080-exec-7] org.hibernate.SQL                        : 
    select
        m1_0.poster_id,
        m1_0.file_name,
        m1_0.path,
        m1_0.file_size 
    from
        movie_poster m1_0 
    where
        m1_0.poster_id=?
2023-11-30T00:59:23.133-07:00 DEBUG 36396 --- [http-nio-8080-exec-7] org.hibernate.SQL                        : 
    select
        m1_0.poster_id,
        m1_0.file_name,
        m1_0.path,
        m1_0.file_size 
    from
        movie_poster m1_0 
    where
        m1_0.poster_id=?
2023-11-30T00:59:23.134-07:00 DEBUG 36396 --- [http-nio-8080-exec-7] org.hibernate.SQL                        : 
    select
        m1_0.poster_id,
        m1_0.file_name,
        m1_0.path,
        m1_0.file_size 
    from
        movie_poster m1_0 
    where
        m1_0.poster_id=?
2023-11-30T00:59:23.134-07:00 DEBUG 36396 --- [http-nio-8080-exec-7] org.hibernate.SQL                        : 
    select
        m1_0.poster_id,
        m1_0.file_name,
        m1_0.path,
        m1_0.file_size 
    from
        movie_poster m1_0 
    where
        m1_0.poster_id=?
2023-11-30T00:59:23.135-07:00 DEBUG 36396 --- [http-nio-8080-exec-7] org.hibernate.SQL                        : 
    select
        m1_0.poster_id,
        m1_0.file_name,
        m1_0.path,
        m1_0.file_size 
    from
        movie_poster m1_0 
    where
        m1_0.poster_id=?
2023-11-30T00:59:23.135-07:00 DEBUG 36396 --- [http-nio-8080-exec-7] org.hibernate.SQL                        : 
    select
        m1_0.poster_id,
        m1_0.file_name,
        m1_0.path,
        m1_0.file_size 
    from
        movie_poster m1_0 
    where
        m1_0.poster_id=?
2023-11-30T00:59:23.136-07:00 DEBUG 36396 --- [http-nio-8080-exec-7] org.hibernate.SQL                        : 
    select
        m1_0.poster_id,
        m1_0.file_name,
        m1_0.path,
        m1_0.file_size 
    from
        movie_poster m1_0 
    where
        m1_0.poster_id=?
2023-11-30T00:59:23.136-07:00 DEBUG 36396 --- [http-nio-8080-exec-7] org.hibernate.SQL                        : 
    select
        m1_0.poster_id,
        m1_0.file_name,
        m1_0.path,
        m1_0.file_size 
    from
        movie_poster m1_0 
    where
        m1_0.poster_id=?
2023-11-30T00:59:23.137-07:00 DEBUG 36396 --- [http-nio-8080-exec-7] org.hibernate.SQL                        : 
    select
        m1_0.poster_id,
        m1_0.file_name,
        m1_0.path,
        m1_0.file_size 
    from
        movie_poster m1_0 
    where
        m1_0.poster_id=?
2023-11-30T00:59:23.139-07:00 DEBUG 36396 --- [http-nio-8080-exec-7] org.hibernate.SQL                        : 
    select
        c1_0.streaming_info_id,
        c1_0.link,
        c1_0.service,
        c1_0.streaming_type 
    from
        country_info c1_0 
    where
        c1_0.streaming_info_id=?
2023-11-30T00:59:23.140-07:00 DEBUG 36396 --- [http-nio-8080-exec-7] org.hibernate.SQL                        : 
    select
        c1_0.streaming_info_id,
        c1_0.link,
        c1_0.service,
        c1_0.streaming_type 
    from
        country_info c1_0 
    where
        c1_0.streaming_info_id=?
2023-11-30T00:59:23.141-07:00 DEBUG 36396 --- [http-nio-8080-exec-7] org.hibernate.SQL                        : 
    select
        c1_0.streaming_info_id,
        c1_0.link,
        c1_0.service,
        c1_0.streaming_type 
    from
        country_info c1_0 
    where
        c1_0.streaming_info_id=?
2023-11-30T00:59:23.143-07:00 DEBUG 36396 --- [http-nio-8080-exec-7] org.hibernate.SQL                        : 
    select
        c1_0.streaming_info_id,
        c1_0.link,
        c1_0.service,
        c1_0.streaming_type 
    from
        country_info c1_0 
    where
        c1_0.streaming_info_id=?
2023-11-30T00:59:23.144-07:00 DEBUG 36396 --- [http-nio-8080-exec-7] org.hibernate.SQL                        : 
    select
        c1_0.streaming_info_id,
        c1_0.link,
        c1_0.service,
        c1_0.streaming_type 
    from
        country_info c1_0 
    where
        c1_0.streaming_info_id=?
2023-11-30T00:59:23.144-07:00 DEBUG 36396 --- [http-nio-8080-exec-7] org.hibernate.SQL                        : 
    select
        c1_0.streaming_info_id,
        c1_0.link,
        c1_0.service,
        c1_0.streaming_type 
    from
        country_info c1_0 
    where
        c1_0.streaming_info_id=?
2023-11-30T00:59:23.145-07:00 DEBUG 36396 --- [http-nio-8080-exec-7] org.hibernate.SQL                        : 
    select
        c1_0.streaming_info_id,
        c1_0.link,
        c1_0.service,
        c1_0.streaming_type 
    from
        country_info c1_0 
    where
        c1_0.streaming_info_id=?
2023-11-30T00:59:23.146-07:00 DEBUG 36396 --- [http-nio-8080-exec-7] org.hibernate.SQL                        : 
    select
        c1_0.streaming_info_id,
        c1_0.link,
        c1_0.service,
        c1_0.streaming_type 
    from
        country_info c1_0 
    where
        c1_0.streaming_info_id=?
2023-11-30T00:59:23.147-07:00 DEBUG 36396 --- [http-nio-8080-exec-7] org.hibernate.SQL                        : 
    select
        c1_0.streaming_info_id,
        c1_0.link,
        c1_0.service,
        c1_0.streaming_type 
    from
        country_info c1_0 
    where
        c1_0.streaming_info_id=?
2023-11-30T00:59:23.148-07:00 DEBUG 36396 --- [http-nio-8080-exec-7] org.hibernate.SQL                        : 
    select
        c1_0.streaming_info_id,
        c1_0.link,
        c1_0.service,
        c1_0.streaming_type 
    from
        country_info c1_0 
    where
        c1_0.streaming_info_id=?
2023-11-30T00:59:23.149-07:00 DEBUG 36396 --- [http-nio-8080-exec-7] org.hibernate.SQL                        : 
    select
        c1_0.streaming_info_id,
        c1_0.link,
        c1_0.service,
        c1_0.streaming_type 
    from
        country_info c1_0 
    where
        c1_0.streaming_info_id=?
2023-11-30T00:59:23.150-07:00 DEBUG 36396 --- [http-nio-8080-exec-7] org.hibernate.SQL                        : 
    select
        c1_0.streaming_info_id,
        c1_0.link,
        c1_0.service,
        c1_0.streaming_type 
    from
        country_info c1_0 
    where
        c1_0.streaming_info_id=?
2023-11-30T00:59:23.151-07:00 DEBUG 36396 --- [http-nio-8080-exec-7] org.hibernate.SQL                        : 
    select
        c1_0.streaming_info_id,
        c1_0.link,
        c1_0.service,
        c1_0.streaming_type 
    from
        country_info c1_0 
    where
        c1_0.streaming_info_id=?
2023-11-30T00:59:23.152-07:00 DEBUG 36396 --- [http-nio-8080-exec-7] org.hibernate.SQL                        : 
    select
        c1_0.streaming_info_id,
        c1_0.link,
        c1_0.service,
        c1_0.streaming_type 
    from
        country_info c1_0 
    where
        c1_0.streaming_info_id=?
2023-11-30T00:59:23.157-07:00 DEBUG 36396 --- [http-nio-8080-exec-8] o.s.security.web.FilterChainProxy        : Securing OPTIONS /api/images/movie/1
2023-11-30T00:59:23.158-07:00 DEBUG 36396 --- [http-nio-8080-exec-9] o.s.security.web.FilterChainProxy        : Securing OPTIONS /api/images/movie/2
2023-11-30T00:59:23.159-07:00 DEBUG 36396 --- [http-nio-8080-exec-10] o.s.security.web.FilterChainProxy        : Securing OPTIONS /api/images/movie/5
2023-11-30T00:59:23.159-07:00 DEBUG 36396 --- [http-nio-8080-exec-1] o.s.security.web.FilterChainProxy        : Securing OPTIONS /api/images/movie/6
2023-11-30T00:59:23.159-07:00 DEBUG 36396 --- [http-nio-8080-exec-2] o.s.security.web.FilterChainProxy        : Securing OPTIONS /api/images/movie/9
2023-11-30T00:59:23.159-07:00 DEBUG 36396 --- [http-nio-8080-exec-3] o.s.security.web.FilterChainProxy        : Securing OPTIONS /api/images/movie/10
2023-11-30T00:59:23.160-07:00 DEBUG 36396 --- [http-nio-8080-exec-4] o.s.security.web.FilterChainProxy        : Securing OPTIONS /api/images/movie/12
2023-11-30T00:59:23.161-07:00 DEBUG 36396 --- [http-nio-8080-exec-5] o.s.security.web.FilterChainProxy        : Securing OPTIONS /api/images/movie/13
2023-11-30T00:59:23.161-07:00 DEBUG 36396 --- [http-nio-8080-exec-6] o.s.security.web.FilterChainProxy        : Securing OPTIONS /api/images/movie/14
2023-11-30T00:59:23.161-07:00 DEBUG 36396 --- [http-nio-8080-exec-7] o.s.security.web.FilterChainProxy        : Securing OPTIONS /api/images/movie/15
2023-11-30T00:59:23.162-07:00 DEBUG 36396 --- [http-nio-8080-exec-8] o.s.security.web.FilterChainProxy        : Securing OPTIONS /api/images/movie/16
2023-11-30T00:59:23.162-07:00 DEBUG 36396 --- [http-nio-8080-exec-9] o.s.security.web.FilterChainProxy        : Securing OPTIONS /api/images/movie/17
2023-11-30T00:59:23.162-07:00 DEBUG 36396 --- [http-nio-8080-exec-10] o.s.security.web.FilterChainProxy        : Securing OPTIONS /api/images/movie/18
2023-11-30T00:59:23.163-07:00 DEBUG 36396 --- [http-nio-8080-exec-1] o.s.security.web.FilterChainProxy        : Securing OPTIONS /api/images/movie/19
2023-11-30T00:59:23.163-07:00 DEBUG 36396 --- [http-nio-8080-exec-2] o.s.security.web.FilterChainProxy        : Securing GET /api/images/movie/1
2023-11-30T00:59:23.163-07:00 DEBUG 36396 --- [http-nio-8080-exec-3] o.s.security.web.FilterChainProxy        : Securing GET /api/images/movie/2
2023-11-30T00:59:23.164-07:00  INFO 36396 --- [http-nio-8080-exec-2] c.c.c.security.JwtAuthenticationFilter   : authToken:eyJ0eXAiOiJKV1QiLCJhbGciOiJIUzI1NiJ9.eyJleHAiOjE3MDEzMzQ3NjAsInVzZXJuYW1lIjoiQWRtaW4xIn0.8zFzAfL_tmmn_VPovheH85S05JsisWdt-rL_iZu2uKs
2023-11-30T00:59:23.164-07:00 DEBUG 36396 --- [http-nio-8080-exec-4] o.s.security.web.FilterChainProxy        : Securing GET /api/images/movie/5
2023-11-30T00:59:23.164-07:00  INFO 36396 --- [http-nio-8080-exec-2] c.c.c.security.JwtAuthenticationFilter   : username: Admin1
2023-11-30T00:59:23.164-07:00  INFO 36396 --- [http-nio-8080-exec-3] c.c.c.security.JwtAuthenticationFilter   : authToken:eyJ0eXAiOiJKV1QiLCJhbGciOiJIUzI1NiJ9.eyJleHAiOjE3MDEzMzQ3NjAsInVzZXJuYW1lIjoiQWRtaW4xIn0.8zFzAfL_tmmn_VPovheH85S05JsisWdt-rL_iZu2uKs
2023-11-30T00:59:23.165-07:00  INFO 36396 --- [http-nio-8080-exec-4] c.c.c.security.JwtAuthenticationFilter   : authToken:eyJ0eXAiOiJKV1QiLCJhbGciOiJIUzI1NiJ9.eyJleHAiOjE3MDEzMzQ3NjAsInVzZXJuYW1lIjoiQWRtaW4xIn0.8zFzAfL_tmmn_VPovheH85S05JsisWdt-rL_iZu2uKs
2023-11-30T00:59:23.165-07:00  INFO 36396 --- [http-nio-8080-exec-3] c.c.c.security.JwtAuthenticationFilter   : username: Admin1
2023-11-30T00:59:23.165-07:00 DEBUG 36396 --- [http-nio-8080-exec-5] o.s.security.web.FilterChainProxy        : Securing GET /api/images/movie/6
2023-11-30T00:59:23.165-07:00  INFO 36396 --- [http-nio-8080-exec-4] c.c.c.security.JwtAuthenticationFilter   : username: Admin1
2023-11-30T00:59:23.165-07:00 DEBUG 36396 --- [http-nio-8080-exec-6] o.s.security.web.FilterChainProxy        : Securing GET /api/images/movie/9
2023-11-30T00:59:23.165-07:00  INFO 36396 --- [http-nio-8080-exec-5] c.c.c.security.JwtAuthenticationFilter   : authToken:eyJ0eXAiOiJKV1QiLCJhbGciOiJIUzI1NiJ9.eyJleHAiOjE3MDEzMzQ3NjAsInVzZXJuYW1lIjoiQWRtaW4xIn0.8zFzAfL_tmmn_VPovheH85S05JsisWdt-rL_iZu2uKs
2023-11-30T00:59:23.165-07:00 DEBUG 36396 --- [http-nio-8080-exec-7] o.s.security.web.FilterChainProxy        : Securing GET /api/images/movie/10
2023-11-30T00:59:23.165-07:00  INFO 36396 --- [http-nio-8080-exec-6] c.c.c.security.JwtAuthenticationFilter   : authToken:eyJ0eXAiOiJKV1QiLCJhbGciOiJIUzI1NiJ9.eyJleHAiOjE3MDEzMzQ3NjAsInVzZXJuYW1lIjoiQWRtaW4xIn0.8zFzAfL_tmmn_VPovheH85S05JsisWdt-rL_iZu2uKs
2023-11-30T00:59:23.165-07:00  INFO 36396 --- [http-nio-8080-exec-5] c.c.c.security.JwtAuthenticationFilter   : username: Admin1
2023-11-30T00:59:23.166-07:00  INFO 36396 --- [http-nio-8080-exec-7] c.c.c.security.JwtAuthenticationFilter   : authToken:eyJ0eXAiOiJKV1QiLCJhbGciOiJIUzI1NiJ9.eyJleHAiOjE3MDEzMzQ3NjAsInVzZXJuYW1lIjoiQWRtaW4xIn0.8zFzAfL_tmmn_VPovheH85S05JsisWdt-rL_iZu2uKs
2023-11-30T00:59:23.166-07:00  INFO 36396 --- [http-nio-8080-exec-6] c.c.c.security.JwtAuthenticationFilter   : username: Admin1
2023-11-30T00:59:23.166-07:00  INFO 36396 --- [http-nio-8080-exec-7] c.c.c.security.JwtAuthenticationFilter   : username: Admin1
2023-11-30T00:59:23.166-07:00 DEBUG 36396 --- [http-nio-8080-exec-2] org.hibernate.SQL                        : 
    select
        u1_0.user_id,
        u1_0.avatar_id,
        u1_0.email,
        u1_0.first_name,
        u1_0.last_name,
        u1_0.password,
        u1_0.username 
    from
        user u1_0 
    where
        upper(u1_0.username)=upper(?)
2023-11-30T00:59:23.166-07:00 DEBUG 36396 --- [http-nio-8080-exec-4] org.hibernate.SQL                        : 
    select
        u1_0.user_id,
        u1_0.avatar_id,
        u1_0.email,
        u1_0.first_name,
        u1_0.last_name,
        u1_0.password,
        u1_0.username 
    from
        user u1_0 
    where
        upper(u1_0.username)=upper(?)
2023-11-30T00:59:23.166-07:00 DEBUG 36396 --- [http-nio-8080-exec-3] org.hibernate.SQL                        : 
    select
        u1_0.user_id,
        u1_0.avatar_id,
        u1_0.email,
        u1_0.first_name,
        u1_0.last_name,
        u1_0.password,
        u1_0.username 
    from
        user u1_0 
    where
        upper(u1_0.username)=upper(?)
2023-11-30T00:59:23.167-07:00 DEBUG 36396 --- [http-nio-8080-exec-6] org.hibernate.SQL                        : 
    select
        u1_0.user_id,
        u1_0.avatar_id,
        u1_0.email,
        u1_0.first_name,
        u1_0.last_name,
        u1_0.password,
        u1_0.username 
    from
        user u1_0 
    where
        upper(u1_0.username)=upper(?)
2023-11-30T00:59:23.167-07:00 DEBUG 36396 --- [http-nio-8080-exec-5] org.hibernate.SQL                        : 
    select
        u1_0.user_id,
        u1_0.avatar_id,
        u1_0.email,
        u1_0.first_name,
        u1_0.last_name,
        u1_0.password,
        u1_0.username 
    from
        user u1_0 
    where
        upper(u1_0.username)=upper(?)
2023-11-30T00:59:23.167-07:00 DEBUG 36396 --- [http-nio-8080-exec-7] org.hibernate.SQL                        : 
    select
        u1_0.user_id,
        u1_0.avatar_id,
        u1_0.email,
        u1_0.first_name,
        u1_0.last_name,
        u1_0.password,
        u1_0.username 
    from
        user u1_0 
    where
        upper(u1_0.username)=upper(?)
2023-11-30T00:59:23.168-07:00 DEBUG 36396 --- [http-nio-8080-exec-4] org.hibernate.SQL                        : 
    select
        r1_0.user_id,
        r1_1.role_id,
        r1_1.name 
    from
        user_roles r1_0 
    join
        role r1_1 
            on r1_1.role_id=r1_0.role_id 
    where
        r1_0.user_id=?
2023-11-30T00:59:23.168-07:00 DEBUG 36396 --- [http-nio-8080-exec-2] org.hibernate.SQL                        : 
    select
        r1_0.user_id,
        r1_1.role_id,
        r1_1.name 
    from
        user_roles r1_0 
    join
        role r1_1 
            on r1_1.role_id=r1_0.role_id 
    where
        r1_0.user_id=?
2023-11-30T00:59:23.168-07:00 DEBUG 36396 --- [http-nio-8080-exec-3] org.hibernate.SQL                        : 
    select
        r1_0.user_id,
        r1_1.role_id,
        r1_1.name 
    from
        user_roles r1_0 
    join
        role r1_1 
            on r1_1.role_id=r1_0.role_id 
    where
        r1_0.user_id=?
2023-11-30T00:59:23.168-07:00 DEBUG 36396 --- [http-nio-8080-exec-5] org.hibernate.SQL                        : 
    select
        r1_0.user_id,
        r1_1.role_id,
        r1_1.name 
    from
        user_roles r1_0 
    join
        role r1_1 
            on r1_1.role_id=r1_0.role_id 
    where
        r1_0.user_id=?
2023-11-30T00:59:23.168-07:00 DEBUG 36396 --- [http-nio-8080-exec-6] org.hibernate.SQL                        : 
    select
        r1_0.user_id,
        r1_1.role_id,
        r1_1.name 
    from
        user_roles r1_0 
    join
        role r1_1 
            on r1_1.role_id=r1_0.role_id 
    where
        r1_0.user_id=?
2023-11-30T00:59:23.168-07:00 DEBUG 36396 --- [http-nio-8080-exec-7] org.hibernate.SQL                        : 
    select
        r1_0.user_id,
        r1_1.role_id,
        r1_1.name 
    from
        user_roles r1_0 
    join
        role r1_1 
            on r1_1.role_id=r1_0.role_id 
    where
        r1_0.user_id=?
2023-11-30T00:59:23.169-07:00  INFO 36396 --- [http-nio-8080-exec-7] c.c.c.security.JwtAuthenticationFilter   : Authorities: [ROLE_USER, ROLE_ADMIN]
2023-11-30T00:59:23.169-07:00  INFO 36396 --- [http-nio-8080-exec-2] c.c.c.security.JwtAuthenticationFilter   : Authorities: [ROLE_USER, ROLE_ADMIN]
2023-11-30T00:59:23.169-07:00  INFO 36396 --- [http-nio-8080-exec-6] c.c.c.security.JwtAuthenticationFilter   : Authorities: [ROLE_USER, ROLE_ADMIN]
2023-11-30T00:59:23.169-07:00  INFO 36396 --- [http-nio-8080-exec-3] c.c.c.security.JwtAuthenticationFilter   : Authorities: [ROLE_USER, ROLE_ADMIN]
2023-11-30T00:59:23.169-07:00  INFO 36396 --- [http-nio-8080-exec-5] c.c.c.security.JwtAuthenticationFilter   : Authorities: [ROLE_USER, ROLE_ADMIN]
2023-11-30T00:59:23.169-07:00  INFO 36396 --- [http-nio-8080-exec-4] c.c.c.security.JwtAuthenticationFilter   : Authorities: [ROLE_USER, ROLE_ADMIN]
2023-11-30T00:59:23.169-07:00  INFO 36396 --- [http-nio-8080-exec-7] c.c.c.security.JwtAuthenticationFilter   : SecurityContextImpl [Authentication=UsernamePasswordAuthenticationToken [Principal=Admin1, Credentials=[PROTECTED], Authenticated=true, Details=WebAuthenticationDetails [RemoteIpAddress=0:0:0:0:0:0:0:1, SessionId=null], Granted Authorities=[ROLE_USER, ROLE_ADMIN]]]
2023-11-30T00:59:23.169-07:00  INFO 36396 --- [http-nio-8080-exec-2] c.c.c.security.JwtAuthenticationFilter   : SecurityContextImpl [Authentication=UsernamePasswordAuthenticationToken [Principal=Admin1, Credentials=[PROTECTED], Authenticated=true, Details=WebAuthenticationDetails [RemoteIpAddress=0:0:0:0:0:0:0:1, SessionId=null], Granted Authorities=[ROLE_USER, ROLE_ADMIN]]]
2023-11-30T00:59:23.169-07:00  INFO 36396 --- [http-nio-8080-exec-3] c.c.c.security.JwtAuthenticationFilter   : SecurityContextImpl [Authentication=UsernamePasswordAuthenticationToken [Principal=Admin1, Credentials=[PROTECTED], Authenticated=true, Details=WebAuthenticationDetails [RemoteIpAddress=0:0:0:0:0:0:0:1, SessionId=null], Granted Authorities=[ROLE_USER, ROLE_ADMIN]]]
2023-11-30T00:59:23.169-07:00  INFO 36396 --- [http-nio-8080-exec-5] c.c.c.security.JwtAuthenticationFilter   : SecurityContextImpl [Authentication=UsernamePasswordAuthenticationToken [Principal=Admin1, Credentials=[PROTECTED], Authenticated=true, Details=WebAuthenticationDetails [RemoteIpAddress=0:0:0:0:0:0:0:1, SessionId=null], Granted Authorities=[ROLE_USER, ROLE_ADMIN]]]
2023-11-30T00:59:23.169-07:00  INFO 36396 --- [http-nio-8080-exec-6] c.c.c.security.JwtAuthenticationFilter   : SecurityContextImpl [Authentication=UsernamePasswordAuthenticationToken [Principal=Admin1, Credentials=[PROTECTED], Authenticated=true, Details=WebAuthenticationDetails [RemoteIpAddress=0:0:0:0:0:0:0:1, SessionId=null], Granted Authorities=[ROLE_USER, ROLE_ADMIN]]]
2023-11-30T00:59:23.169-07:00  INFO 36396 --- [http-nio-8080-exec-4] c.c.c.security.JwtAuthenticationFilter   : SecurityContextImpl [Authentication=UsernamePasswordAuthenticationToken [Principal=Admin1, Credentials=[PROTECTED], Authenticated=true, Details=WebAuthenticationDetails [RemoteIpAddress=0:0:0:0:0:0:0:1, SessionId=null], Granted Authorities=[ROLE_USER, ROLE_ADMIN]]]
2023-11-30T00:59:23.172-07:00 DEBUG 36396 --- [http-nio-8080-exec-7] o.s.security.web.FilterChainProxy        : Secured GET /api/images/movie/10
2023-11-30T00:59:23.173-07:00 DEBUG 36396 --- [http-nio-8080-exec-2] o.s.security.web.FilterChainProxy        : Secured GET /api/images/movie/1
2023-11-30T00:59:23.173-07:00 DEBUG 36396 --- [http-nio-8080-exec-4] o.s.security.web.FilterChainProxy        : Secured GET /api/images/movie/5
2023-11-30T00:59:23.173-07:00 DEBUG 36396 --- [http-nio-8080-exec-5] o.s.security.web.FilterChainProxy        : Secured GET /api/images/movie/6
2023-11-30T00:59:23.173-07:00 DEBUG 36396 --- [http-nio-8080-exec-3] o.s.security.web.FilterChainProxy        : Secured GET /api/images/movie/2
2023-11-30T00:59:23.173-07:00 DEBUG 36396 --- [http-nio-8080-exec-6] o.s.security.web.FilterChainProxy        : Secured GET /api/images/movie/9
2023-11-30T00:59:23.175-07:00 DEBUG 36396 --- [http-nio-8080-exec-5] horizationManagerBeforeMethodInterceptor : Authorizing method invocation ReflectiveMethodInvocation: public org.springframework.http.ResponseEntity com.cm.cinematchapp.controllers.ImageController.getMoviePoster(java.lang.Long) throws java.io.IOException; target is of class [com.cm.cinematchapp.controllers.ImageController]
2023-11-30T00:59:23.175-07:00 DEBUG 36396 --- [http-nio-8080-exec-6] horizationManagerBeforeMethodInterceptor : Authorizing method invocation ReflectiveMethodInvocation: public org.springframework.http.ResponseEntity com.cm.cinematchapp.controllers.ImageController.getMoviePoster(java.lang.Long) throws java.io.IOException; target is of class [com.cm.cinematchapp.controllers.ImageController]
2023-11-30T00:59:23.175-07:00 DEBUG 36396 --- [http-nio-8080-exec-3] horizationManagerBeforeMethodInterceptor : Authorizing method invocation ReflectiveMethodInvocation: public org.springframework.http.ResponseEntity com.cm.cinematchapp.controllers.ImageController.getMoviePoster(java.lang.Long) throws java.io.IOException; target is of class [com.cm.cinematchapp.controllers.ImageController]
2023-11-30T00:59:23.175-07:00 DEBUG 36396 --- [http-nio-8080-exec-4] horizationManagerBeforeMethodInterceptor : Authorizing method invocation ReflectiveMethodInvocation: public org.springframework.http.ResponseEntity com.cm.cinematchapp.controllers.ImageController.getMoviePoster(java.lang.Long) throws java.io.IOException; target is of class [com.cm.cinematchapp.controllers.ImageController]
2023-11-30T00:59:23.175-07:00 DEBUG 36396 --- [http-nio-8080-exec-2] horizationManagerBeforeMethodInterceptor : Authorizing method invocation ReflectiveMethodInvocation: public org.springframework.http.ResponseEntity com.cm.cinematchapp.controllers.ImageController.getMoviePoster(java.lang.Long) throws java.io.IOException; target is of class [com.cm.cinematchapp.controllers.ImageController]
2023-11-30T00:59:23.175-07:00 DEBUG 36396 --- [http-nio-8080-exec-7] horizationManagerBeforeMethodInterceptor : Authorizing method invocation ReflectiveMethodInvocation: public org.springframework.http.ResponseEntity com.cm.cinematchapp.controllers.ImageController.getMoviePoster(java.lang.Long) throws java.io.IOException; target is of class [com.cm.cinematchapp.controllers.ImageController]
2023-11-30T00:59:23.175-07:00 DEBUG 36396 --- [http-nio-8080-exec-7] horizationManagerBeforeMethodInterceptor : Authorized method invocation ReflectiveMethodInvocation: public org.springframework.http.ResponseEntity com.cm.cinematchapp.controllers.ImageController.getMoviePoster(java.lang.Long) throws java.io.IOException; target is of class [com.cm.cinematchapp.controllers.ImageController]
2023-11-30T00:59:23.175-07:00 DEBUG 36396 --- [http-nio-8080-exec-3] horizationManagerBeforeMethodInterceptor : Authorized method invocation ReflectiveMethodInvocation: public org.springframework.http.ResponseEntity com.cm.cinematchapp.controllers.ImageController.getMoviePoster(java.lang.Long) throws java.io.IOException; target is of class [com.cm.cinematchapp.controllers.ImageController]
2023-11-30T00:59:23.175-07:00 DEBUG 36396 --- [http-nio-8080-exec-5] horizationManagerBeforeMethodInterceptor : Authorized method invocation ReflectiveMethodInvocation: public org.springframework.http.ResponseEntity com.cm.cinematchapp.controllers.ImageController.getMoviePoster(java.lang.Long) throws java.io.IOException; target is of class [com.cm.cinematchapp.controllers.ImageController]
2023-11-30T00:59:23.175-07:00 DEBUG 36396 --- [http-nio-8080-exec-2] horizationManagerBeforeMethodInterceptor : Authorized method invocation ReflectiveMethodInvocation: public org.springframework.http.ResponseEntity com.cm.cinematchapp.controllers.ImageController.getMoviePoster(java.lang.Long) throws java.io.IOException; target is of class [com.cm.cinematchapp.controllers.ImageController]
2023-11-30T00:59:23.175-07:00 DEBUG 36396 --- [http-nio-8080-exec-6] horizationManagerBeforeMethodInterceptor : Authorized method invocation ReflectiveMethodInvocation: public org.springframework.http.ResponseEntity com.cm.cinematchapp.controllers.ImageController.getMoviePoster(java.lang.Long) throws java.io.IOException; target is of class [com.cm.cinematchapp.controllers.ImageController]
2023-11-30T00:59:23.175-07:00 DEBUG 36396 --- [http-nio-8080-exec-4] horizationManagerBeforeMethodInterceptor : Authorized method invocation ReflectiveMethodInvocation: public org.springframework.http.ResponseEntity com.cm.cinematchapp.controllers.ImageController.getMoviePoster(java.lang.Long) throws java.io.IOException; target is of class [com.cm.cinematchapp.controllers.ImageController]
2023-11-30T00:59:23.177-07:00 DEBUG 36396 --- [http-nio-8080-exec-5] org.hibernate.SQL                        : 
    select
        m1_0.movie_id,
        m1_0.description,
        m1_0.poster_id,
        m1_0.rated,
        m1_0.title,
        m1_0.year 
    from
        movie m1_0 
    where
        m1_0.movie_id=?
2023-11-30T00:59:23.177-07:00 DEBUG 36396 --- [http-nio-8080-exec-4] org.hibernate.SQL                        : 
    select
        m1_0.movie_id,
        m1_0.description,
        m1_0.poster_id,
        m1_0.rated,
        m1_0.title,
        m1_0.year 
    from
        movie m1_0 
    where
        m1_0.movie_id=?
2023-11-30T00:59:23.177-07:00 DEBUG 36396 --- [http-nio-8080-exec-6] org.hibernate.SQL                        : 
    select
        m1_0.movie_id,
        m1_0.description,
        m1_0.poster_id,
        m1_0.rated,
        m1_0.title,
        m1_0.year 
    from
        movie m1_0 
    where
        m1_0.movie_id=?
2023-11-30T00:59:23.177-07:00 DEBUG 36396 --- [http-nio-8080-exec-7] org.hibernate.SQL                        : 
    select
        m1_0.movie_id,
        m1_0.description,
        m1_0.poster_id,
        m1_0.rated,
        m1_0.title,
        m1_0.year 
    from
        movie m1_0 
    where
        m1_0.movie_id=?
2023-11-30T00:59:23.177-07:00 DEBUG 36396 --- [http-nio-8080-exec-2] org.hibernate.SQL                        : 
    select
        m1_0.movie_id,
        m1_0.description,
        m1_0.poster_id,
        m1_0.rated,
        m1_0.title,
        m1_0.year 
    from
        movie m1_0 
    where
        m1_0.movie_id=?
2023-11-30T00:59:23.177-07:00 DEBUG 36396 --- [http-nio-8080-exec-3] org.hibernate.SQL                        : 
    select
        m1_0.movie_id,
        m1_0.description,
        m1_0.poster_id,
        m1_0.rated,
        m1_0.title,
        m1_0.year 
    from
        movie m1_0 
    where
        m1_0.movie_id=?
2023-11-30T00:59:23.178-07:00 DEBUG 36396 --- [http-nio-8080-exec-4] org.hibernate.SQL                        : 
    select
        m1_0.poster_id,
        m1_0.file_name,
        m1_0.path,
        m1_0.file_size 
    from
        movie_poster m1_0 
    where
        m1_0.poster_id=?
2023-11-30T00:59:23.178-07:00 DEBUG 36396 --- [http-nio-8080-exec-5] org.hibernate.SQL                        : 
    select
        m1_0.poster_id,
        m1_0.file_name,
        m1_0.path,
        m1_0.file_size 
    from
        movie_poster m1_0 
    where
        m1_0.poster_id=?
2023-11-30T00:59:23.178-07:00 DEBUG 36396 --- [http-nio-8080-exec-2] org.hibernate.SQL                        : 
    select
        m1_0.poster_id,
        m1_0.file_name,
        m1_0.path,
        m1_0.file_size 
    from
        movie_poster m1_0 
    where
        m1_0.poster_id=?
2023-11-30T00:59:23.178-07:00 DEBUG 36396 --- [http-nio-8080-exec-6] org.hibernate.SQL                        : 
    select
        m1_0.poster_id,
        m1_0.file_name,
        m1_0.path,
        m1_0.file_size 
    from
        movie_poster m1_0 
    where
        m1_0.poster_id=?
2023-11-30T00:59:23.178-07:00 DEBUG 36396 --- [http-nio-8080-exec-3] org.hibernate.SQL                        : 
    select
        m1_0.poster_id,
        m1_0.file_name,
        m1_0.path,
        m1_0.file_size 
    from
        movie_poster m1_0 
    where
        m1_0.poster_id=?
2023-11-30T00:59:23.178-07:00 DEBUG 36396 --- [http-nio-8080-exec-7] org.hibernate.SQL                        : 
    select
        m1_0.poster_id,
        m1_0.file_name,
        m1_0.path,
        m1_0.file_size 
    from
        movie_poster m1_0 
    where
        m1_0.poster_id=?
2023-11-30T00:59:23.187-07:00 DEBUG 36396 --- [http-nio-8080-exec-10] o.s.security.web.FilterChainProxy        : Securing GET /api/images/movie/14
2023-11-30T00:59:23.187-07:00 DEBUG 36396 --- [http-nio-8080-exec-5] o.s.security.web.FilterChainProxy        : Securing GET /api/images/movie/16
2023-11-30T00:59:23.187-07:00 DEBUG 36396 --- [http-nio-8080-exec-1] o.s.security.web.FilterChainProxy        : Securing GET /api/images/movie/15
2023-11-30T00:59:23.187-07:00 DEBUG 36396 --- [http-nio-8080-exec-9] o.s.security.web.FilterChainProxy        : Securing GET /api/images/movie/13
2023-11-30T00:59:23.187-07:00 DEBUG 36396 --- [http-nio-8080-exec-8] o.s.security.web.FilterChainProxy        : Securing GET /api/images/movie/12
2023-11-30T00:59:23.187-07:00 DEBUG 36396 --- [http-nio-8080-exec-7] o.s.security.web.FilterChainProxy        : Securing GET /api/images/movie/17
2023-11-30T00:59:23.187-07:00  INFO 36396 --- [http-nio-8080-exec-5] c.c.c.security.JwtAuthenticationFilter   : authToken:eyJ0eXAiOiJKV1QiLCJhbGciOiJIUzI1NiJ9.eyJleHAiOjE3MDEzMzQ3NjAsInVzZXJuYW1lIjoiQWRtaW4xIn0.8zFzAfL_tmmn_VPovheH85S05JsisWdt-rL_iZu2uKs
2023-11-30T00:59:23.187-07:00  INFO 36396 --- [http-nio-8080-exec-7] c.c.c.security.JwtAuthenticationFilter   : authToken:eyJ0eXAiOiJKV1QiLCJhbGciOiJIUzI1NiJ9.eyJleHAiOjE3MDEzMzQ3NjAsInVzZXJuYW1lIjoiQWRtaW4xIn0.8zFzAfL_tmmn_VPovheH85S05JsisWdt-rL_iZu2uKs
2023-11-30T00:59:23.187-07:00  INFO 36396 --- [http-nio-8080-exec-8] c.c.c.security.JwtAuthenticationFilter   : authToken:eyJ0eXAiOiJKV1QiLCJhbGciOiJIUzI1NiJ9.eyJleHAiOjE3MDEzMzQ3NjAsInVzZXJuYW1lIjoiQWRtaW4xIn0.8zFzAfL_tmmn_VPovheH85S05JsisWdt-rL_iZu2uKs
2023-11-30T00:59:23.187-07:00  INFO 36396 --- [http-nio-8080-exec-10] c.c.c.security.JwtAuthenticationFilter   : authToken:eyJ0eXAiOiJKV1QiLCJhbGciOiJIUzI1NiJ9.eyJleHAiOjE3MDEzMzQ3NjAsInVzZXJuYW1lIjoiQWRtaW4xIn0.8zFzAfL_tmmn_VPovheH85S05JsisWdt-rL_iZu2uKs
2023-11-30T00:59:23.187-07:00  INFO 36396 --- [http-nio-8080-exec-9] c.c.c.security.JwtAuthenticationFilter   : authToken:eyJ0eXAiOiJKV1QiLCJhbGciOiJIUzI1NiJ9.eyJleHAiOjE3MDEzMzQ3NjAsInVzZXJuYW1lIjoiQWRtaW4xIn0.8zFzAfL_tmmn_VPovheH85S05JsisWdt-rL_iZu2uKs
2023-11-30T00:59:23.187-07:00  INFO 36396 --- [http-nio-8080-exec-1] c.c.c.security.JwtAuthenticationFilter   : authToken:eyJ0eXAiOiJKV1QiLCJhbGciOiJIUzI1NiJ9.eyJleHAiOjE3MDEzMzQ3NjAsInVzZXJuYW1lIjoiQWRtaW4xIn0.8zFzAfL_tmmn_VPovheH85S05JsisWdt-rL_iZu2uKs
2023-11-30T00:59:23.188-07:00  INFO 36396 --- [http-nio-8080-exec-7] c.c.c.security.JwtAuthenticationFilter   : username: Admin1
2023-11-30T00:59:23.188-07:00  INFO 36396 --- [http-nio-8080-exec-5] c.c.c.security.JwtAuthenticationFilter   : username: Admin1
2023-11-30T00:59:23.188-07:00  INFO 36396 --- [http-nio-8080-exec-9] c.c.c.security.JwtAuthenticationFilter   : username: Admin1
2023-11-30T00:59:23.188-07:00  INFO 36396 --- [http-nio-8080-exec-8] c.c.c.security.JwtAuthenticationFilter   : username: Admin1
2023-11-30T00:59:23.188-07:00  INFO 36396 --- [http-nio-8080-exec-10] c.c.c.security.JwtAuthenticationFilter   : username: Admin1
2023-11-30T00:59:23.188-07:00  INFO 36396 --- [http-nio-8080-exec-1] c.c.c.security.JwtAuthenticationFilter   : username: Admin1
2023-11-30T00:59:23.189-07:00 DEBUG 36396 --- [http-nio-8080-exec-1] org.hibernate.SQL                        : 
    select
        u1_0.user_id,
        u1_0.avatar_id,
        u1_0.email,
        u1_0.first_name,
        u1_0.last_name,
        u1_0.password,
        u1_0.username 
    from
        user u1_0 
    where
        upper(u1_0.username)=upper(?)
2023-11-30T00:59:23.189-07:00 DEBUG 36396 --- [http-nio-8080-exec-9] org.hibernate.SQL                        : 
    select
        u1_0.user_id,
        u1_0.avatar_id,
        u1_0.email,
        u1_0.first_name,
        u1_0.last_name,
        u1_0.password,
        u1_0.username 
    from
        user u1_0 
    where
        upper(u1_0.username)=upper(?)
2023-11-30T00:59:23.189-07:00 DEBUG 36396 --- [http-nio-8080-exec-5] org.hibernate.SQL                        : 
    select
        u1_0.user_id,
        u1_0.avatar_id,
        u1_0.email,
        u1_0.first_name,
        u1_0.last_name,
        u1_0.password,
        u1_0.username 
    from
        user u1_0 
    where
        upper(u1_0.username)=upper(?)
2023-11-30T00:59:23.189-07:00 DEBUG 36396 --- [http-nio-8080-exec-7] org.hibernate.SQL                        : 
    select
        u1_0.user_id,
        u1_0.avatar_id,
        u1_0.email,
        u1_0.first_name,
        u1_0.last_name,
        u1_0.password,
        u1_0.username 
    from
        user u1_0 
    where
        upper(u1_0.username)=upper(?)
2023-11-30T00:59:23.190-07:00 DEBUG 36396 --- [http-nio-8080-exec-8] org.hibernate.SQL                        : 
    select
        u1_0.user_id,
        u1_0.avatar_id,
        u1_0.email,
        u1_0.first_name,
        u1_0.last_name,
        u1_0.password,
        u1_0.username 
    from
        user u1_0 
    where
        upper(u1_0.username)=upper(?)
2023-11-30T00:59:23.190-07:00 DEBUG 36396 --- [http-nio-8080-exec-10] org.hibernate.SQL                        : 
    select
        u1_0.user_id,
        u1_0.avatar_id,
        u1_0.email,
        u1_0.first_name,
        u1_0.last_name,
        u1_0.password,
        u1_0.username 
    from
        user u1_0 
    where
        upper(u1_0.username)=upper(?)
2023-11-30T00:59:23.190-07:00 DEBUG 36396 --- [http-nio-8080-exec-8] org.hibernate.SQL                        : 
    select
        r1_0.user_id,
        r1_1.role_id,
        r1_1.name 
    from
        user_roles r1_0 
    join
        role r1_1 
            on r1_1.role_id=r1_0.role_id 
    where
        r1_0.user_id=?
2023-11-30T00:59:23.190-07:00 DEBUG 36396 --- [http-nio-8080-exec-10] org.hibernate.SQL                        : 
    select
        r1_0.user_id,
        r1_1.role_id,
        r1_1.name 
    from
        user_roles r1_0 
    join
        role r1_1 
            on r1_1.role_id=r1_0.role_id 
    where
        r1_0.user_id=?
2023-11-30T00:59:23.190-07:00 DEBUG 36396 --- [http-nio-8080-exec-7] org.hibernate.SQL                        : 
    select
        r1_0.user_id,
        r1_1.role_id,
        r1_1.name 
    from
        user_roles r1_0 
    join
        role r1_1 
            on r1_1.role_id=r1_0.role_id 
    where
        r1_0.user_id=?
2023-11-30T00:59:23.190-07:00 DEBUG 36396 --- [http-nio-8080-exec-5] org.hibernate.SQL                        : 
    select
        r1_0.user_id,
        r1_1.role_id,
        r1_1.name 
    from
        user_roles r1_0 
    join
        role r1_1 
            on r1_1.role_id=r1_0.role_id 
    where
        r1_0.user_id=?
2023-11-30T00:59:23.190-07:00 DEBUG 36396 --- [http-nio-8080-exec-1] org.hibernate.SQL                        : 
    select
        r1_0.user_id,
        r1_1.role_id,
        r1_1.name 
    from
        user_roles r1_0 
    join
        role r1_1 
            on r1_1.role_id=r1_0.role_id 
    where
        r1_0.user_id=?
2023-11-30T00:59:23.190-07:00 DEBUG 36396 --- [http-nio-8080-exec-9] org.hibernate.SQL                        : 
    select
        r1_0.user_id,
        r1_1.role_id,
        r1_1.name 
    from
        user_roles r1_0 
    join
        role r1_1 
            on r1_1.role_id=r1_0.role_id 
    where
        r1_0.user_id=?
2023-11-30T00:59:23.191-07:00  INFO 36396 --- [http-nio-8080-exec-7] c.c.c.security.JwtAuthenticationFilter   : Authorities: [ROLE_USER, ROLE_ADMIN]
2023-11-30T00:59:23.191-07:00  INFO 36396 --- [http-nio-8080-exec-8] c.c.c.security.JwtAuthenticationFilter   : Authorities: [ROLE_USER, ROLE_ADMIN]
2023-11-30T00:59:23.191-07:00  INFO 36396 --- [http-nio-8080-exec-1] c.c.c.security.JwtAuthenticationFilter   : Authorities: [ROLE_USER, ROLE_ADMIN]
2023-11-30T00:59:23.191-07:00  INFO 36396 --- [http-nio-8080-exec-5] c.c.c.security.JwtAuthenticationFilter   : Authorities: [ROLE_USER, ROLE_ADMIN]
2023-11-30T00:59:23.191-07:00  INFO 36396 --- [http-nio-8080-exec-7] c.c.c.security.JwtAuthenticationFilter   : SecurityContextImpl [Authentication=UsernamePasswordAuthenticationToken [Principal=Admin1, Credentials=[PROTECTED], Authenticated=true, Details=WebAuthenticationDetails [RemoteIpAddress=0:0:0:0:0:0:0:1, SessionId=null], Granted Authorities=[ROLE_USER, ROLE_ADMIN]]]
2023-11-30T00:59:23.191-07:00  INFO 36396 --- [http-nio-8080-exec-5] c.c.c.security.JwtAuthenticationFilter   : SecurityContextImpl [Authentication=UsernamePasswordAuthenticationToken [Principal=Admin1, Credentials=[PROTECTED], Authenticated=true, Details=WebAuthenticationDetails [RemoteIpAddress=0:0:0:0:0:0:0:1, SessionId=null], Granted Authorities=[ROLE_USER, ROLE_ADMIN]]]
2023-11-30T00:59:23.191-07:00  INFO 36396 --- [http-nio-8080-exec-1] c.c.c.security.JwtAuthenticationFilter   : SecurityContextImpl [Authentication=UsernamePasswordAuthenticationToken [Principal=Admin1, Credentials=[PROTECTED], Authenticated=true, Details=WebAuthenticationDetails [RemoteIpAddress=0:0:0:0:0:0:0:1, SessionId=null], Granted Authorities=[ROLE_USER, ROLE_ADMIN]]]
2023-11-30T00:59:23.191-07:00  INFO 36396 --- [http-nio-8080-exec-9] c.c.c.security.JwtAuthenticationFilter   : Authorities: [ROLE_USER, ROLE_ADMIN]
2023-11-30T00:59:23.191-07:00  INFO 36396 --- [http-nio-8080-exec-10] c.c.c.security.JwtAuthenticationFilter   : Authorities: [ROLE_USER, ROLE_ADMIN]
2023-11-30T00:59:23.191-07:00  INFO 36396 --- [http-nio-8080-exec-8] c.c.c.security.JwtAuthenticationFilter   : SecurityContextImpl [Authentication=UsernamePasswordAuthenticationToken [Principal=Admin1, Credentials=[PROTECTED], Authenticated=true, Details=WebAuthenticationDetails [RemoteIpAddress=0:0:0:0:0:0:0:1, SessionId=null], Granted Authorities=[ROLE_USER, ROLE_ADMIN]]]
2023-11-30T00:59:23.191-07:00  INFO 36396 --- [http-nio-8080-exec-9] c.c.c.security.JwtAuthenticationFilter   : SecurityContextImpl [Authentication=UsernamePasswordAuthenticationToken [Principal=Admin1, Credentials=[PROTECTED], Authenticated=true, Details=WebAuthenticationDetails [RemoteIpAddress=0:0:0:0:0:0:0:1, SessionId=null], Granted Authorities=[ROLE_USER, ROLE_ADMIN]]]
2023-11-30T00:59:23.191-07:00  INFO 36396 --- [http-nio-8080-exec-10] c.c.c.security.JwtAuthenticationFilter   : SecurityContextImpl [Authentication=UsernamePasswordAuthenticationToken [Principal=Admin1, Credentials=[PROTECTED], Authenticated=true, Details=WebAuthenticationDetails [RemoteIpAddress=0:0:0:0:0:0:0:1, SessionId=null], Granted Authorities=[ROLE_USER, ROLE_ADMIN]]]
2023-11-30T00:59:23.199-07:00 DEBUG 36396 --- [http-nio-8080-exec-7] o.s.security.web.FilterChainProxy        : Secured GET /api/images/movie/17
2023-11-30T00:59:23.200-07:00 DEBUG 36396 --- [http-nio-8080-exec-8] o.s.security.web.FilterChainProxy        : Secured GET /api/images/movie/12
2023-11-30T00:59:23.199-07:00 DEBUG 36396 --- [http-nio-8080-exec-9] o.s.security.web.FilterChainProxy        : Secured GET /api/images/movie/13
2023-11-30T00:59:23.199-07:00 DEBUG 36396 --- [http-nio-8080-exec-10] o.s.security.web.FilterChainProxy        : Secured GET /api/images/movie/14
2023-11-30T00:59:23.200-07:00 DEBUG 36396 --- [http-nio-8080-exec-1] o.s.security.web.FilterChainProxy        : Secured GET /api/images/movie/15
2023-11-30T00:59:23.200-07:00 DEBUG 36396 --- [http-nio-8080-exec-5] o.s.security.web.FilterChainProxy        : Secured GET /api/images/movie/16
2023-11-30T00:59:23.200-07:00 DEBUG 36396 --- [http-nio-8080-exec-7] horizationManagerBeforeMethodInterceptor : Authorizing method invocation ReflectiveMethodInvocation: public org.springframework.http.ResponseEntity com.cm.cinematchapp.controllers.ImageController.getMoviePoster(java.lang.Long) throws java.io.IOException; target is of class [com.cm.cinematchapp.controllers.ImageController]
2023-11-30T00:59:23.200-07:00 DEBUG 36396 --- [http-nio-8080-exec-9] horizationManagerBeforeMethodInterceptor : Authorizing method invocation ReflectiveMethodInvocation: public org.springframework.http.ResponseEntity com.cm.cinematchapp.controllers.ImageController.getMoviePoster(java.lang.Long) throws java.io.IOException; target is of class [com.cm.cinematchapp.controllers.ImageController]
2023-11-30T00:59:23.200-07:00 DEBUG 36396 --- [http-nio-8080-exec-10] horizationManagerBeforeMethodInterceptor : Authorizing method invocation ReflectiveMethodInvocation: public org.springframework.http.ResponseEntity com.cm.cinematchapp.controllers.ImageController.getMoviePoster(java.lang.Long) throws java.io.IOException; target is of class [com.cm.cinematchapp.controllers.ImageController]
2023-11-30T00:59:23.200-07:00 DEBUG 36396 --- [http-nio-8080-exec-1] horizationManagerBeforeMethodInterceptor : Authorizing method invocation ReflectiveMethodInvocation: public org.springframework.http.ResponseEntity com.cm.cinematchapp.controllers.ImageController.getMoviePoster(java.lang.Long) throws java.io.IOException; target is of class [com.cm.cinematchapp.controllers.ImageController]
2023-11-30T00:59:23.200-07:00 DEBUG 36396 --- [http-nio-8080-exec-5] horizationManagerBeforeMethodInterceptor : Authorizing method invocation ReflectiveMethodInvocation: public org.springframework.http.ResponseEntity com.cm.cinematchapp.controllers.ImageController.getMoviePoster(java.lang.Long) throws java.io.IOException; target is of class [com.cm.cinematchapp.controllers.ImageController]
2023-11-30T00:59:23.200-07:00 DEBUG 36396 --- [http-nio-8080-exec-8] horizationManagerBeforeMethodInterceptor : Authorizing method invocation ReflectiveMethodInvocation: public org.springframework.http.ResponseEntity com.cm.cinematchapp.controllers.ImageController.getMoviePoster(java.lang.Long) throws java.io.IOException; target is of class [com.cm.cinematchapp.controllers.ImageController]
2023-11-30T00:59:23.201-07:00 DEBUG 36396 --- [http-nio-8080-exec-7] horizationManagerBeforeMethodInterceptor : Authorized method invocation ReflectiveMethodInvocation: public org.springframework.http.ResponseEntity com.cm.cinematchapp.controllers.ImageController.getMoviePoster(java.lang.Long) throws java.io.IOException; target is of class [com.cm.cinematchapp.controllers.ImageController]
2023-11-30T00:59:23.201-07:00 DEBUG 36396 --- [http-nio-8080-exec-10] horizationManagerBeforeMethodInterceptor : Authorized method invocation ReflectiveMethodInvocation: public org.springframework.http.ResponseEntity com.cm.cinematchapp.controllers.ImageController.getMoviePoster(java.lang.Long) throws java.io.IOException; target is of class [com.cm.cinematchapp.controllers.ImageController]
2023-11-30T00:59:23.201-07:00 DEBUG 36396 --- [http-nio-8080-exec-9] horizationManagerBeforeMethodInterceptor : Authorized method invocation ReflectiveMethodInvocation: public org.springframework.http.ResponseEntity com.cm.cinematchapp.controllers.ImageController.getMoviePoster(java.lang.Long) throws java.io.IOException; target is of class [com.cm.cinematchapp.controllers.ImageController]
2023-11-30T00:59:23.201-07:00 DEBUG 36396 --- [http-nio-8080-exec-1] horizationManagerBeforeMethodInterceptor : Authorized method invocation ReflectiveMethodInvocation: public org.springframework.http.ResponseEntity com.cm.cinematchapp.controllers.ImageController.getMoviePoster(java.lang.Long) throws java.io.IOException; target is of class [com.cm.cinematchapp.controllers.ImageController]
2023-11-30T00:59:23.201-07:00 DEBUG 36396 --- [http-nio-8080-exec-8] horizationManagerBeforeMethodInterceptor : Authorized method invocation ReflectiveMethodInvocation: public org.springframework.http.ResponseEntity com.cm.cinematchapp.controllers.ImageController.getMoviePoster(java.lang.Long) throws java.io.IOException; target is of class [com.cm.cinematchapp.controllers.ImageController]
2023-11-30T00:59:23.201-07:00 DEBUG 36396 --- [http-nio-8080-exec-5] horizationManagerBeforeMethodInterceptor : Authorized method invocation ReflectiveMethodInvocation: public org.springframework.http.ResponseEntity com.cm.cinematchapp.controllers.ImageController.getMoviePoster(java.lang.Long) throws java.io.IOException; target is of class [com.cm.cinematchapp.controllers.ImageController]
2023-11-30T00:59:23.203-07:00 DEBUG 36396 --- [http-nio-8080-exec-9] org.hibernate.SQL                        : 
    select
        m1_0.movie_id,
        m1_0.description,
        m1_0.poster_id,
        m1_0.rated,
        m1_0.title,
        m1_0.year 
    from
        movie m1_0 
    where
        m1_0.movie_id=?
2023-11-30T00:59:23.203-07:00 DEBUG 36396 --- [http-nio-8080-exec-5] org.hibernate.SQL                        : 
    select
        m1_0.movie_id,
        m1_0.description,
        m1_0.poster_id,
        m1_0.rated,
        m1_0.title,
        m1_0.year 
    from
        movie m1_0 
    where
        m1_0.movie_id=?
2023-11-30T00:59:23.203-07:00 DEBUG 36396 --- [http-nio-8080-exec-8] org.hibernate.SQL                        : 
    select
        m1_0.movie_id,
        m1_0.description,
        m1_0.poster_id,
        m1_0.rated,
        m1_0.title,
        m1_0.year 
    from
        movie m1_0 
    where
        m1_0.movie_id=?
2023-11-30T00:59:23.203-07:00 DEBUG 36396 --- [http-nio-8080-exec-1] org.hibernate.SQL                        : 
    select
        m1_0.movie_id,
        m1_0.description,
        m1_0.poster_id,
        m1_0.rated,
        m1_0.title,
        m1_0.year 
    from
        movie m1_0 
    where
        m1_0.movie_id=?
2023-11-30T00:59:23.203-07:00 DEBUG 36396 --- [http-nio-8080-exec-10] org.hibernate.SQL                        : 
    select
        m1_0.movie_id,
        m1_0.description,
        m1_0.poster_id,
        m1_0.rated,
        m1_0.title,
        m1_0.year 
    from
        movie m1_0 
    where
        m1_0.movie_id=?
2023-11-30T00:59:23.203-07:00 DEBUG 36396 --- [http-nio-8080-exec-7] org.hibernate.SQL                        : 
    select
        m1_0.movie_id,
        m1_0.description,
        m1_0.poster_id,
        m1_0.rated,
        m1_0.title,
        m1_0.year 
    from
        movie m1_0 
    where
        m1_0.movie_id=?
2023-11-30T00:59:23.203-07:00 DEBUG 36396 --- [http-nio-8080-exec-5] org.hibernate.SQL                        : 
    select
        m1_0.poster_id,
        m1_0.file_name,
        m1_0.path,
        m1_0.file_size 
    from
        movie_poster m1_0 
    where
        m1_0.poster_id=?
2023-11-30T00:59:23.204-07:00 DEBUG 36396 --- [http-nio-8080-exec-8] org.hibernate.SQL                        : 
    select
        m1_0.poster_id,
        m1_0.file_name,
        m1_0.path,
        m1_0.file_size 
    from
        movie_poster m1_0 
    where
        m1_0.poster_id=?
2023-11-30T00:59:23.203-07:00 DEBUG 36396 --- [http-nio-8080-exec-9] org.hibernate.SQL                        : 
    select
        m1_0.poster_id,
        m1_0.file_name,
        m1_0.path,
        m1_0.file_size 
    from
        movie_poster m1_0 
    where
        m1_0.poster_id=?
2023-11-30T00:59:23.203-07:00 DEBUG 36396 --- [http-nio-8080-exec-10] org.hibernate.SQL                        : 
    select
        m1_0.poster_id,
        m1_0.file_name,
        m1_0.path,
        m1_0.file_size 
    from
        movie_poster m1_0 
    where
        m1_0.poster_id=?
2023-11-30T00:59:23.203-07:00 DEBUG 36396 --- [http-nio-8080-exec-1] org.hibernate.SQL                        : 
    select
        m1_0.poster_id,
        m1_0.file_name,
        m1_0.path,
        m1_0.file_size 
    from
        movie_poster m1_0 
    where
        m1_0.poster_id=?
2023-11-30T00:59:23.204-07:00 DEBUG 36396 --- [http-nio-8080-exec-7] org.hibernate.SQL                        : 
    select
        m1_0.poster_id,
        m1_0.file_name,
        m1_0.path,
        m1_0.file_size 
    from
        movie_poster m1_0 
    where
        m1_0.poster_id=?
2023-11-30T00:59:23.210-07:00 DEBUG 36396 --- [http-nio-8080-exec-2] o.s.security.web.FilterChainProxy        : Securing GET /api/images/movie/18
2023-11-30T00:59:23.210-07:00 DEBUG 36396 --- [http-nio-8080-exec-4] o.s.security.web.FilterChainProxy        : Securing GET /api/images/movie/19
2023-11-30T00:59:23.211-07:00  INFO 36396 --- [http-nio-8080-exec-2] c.c.c.security.JwtAuthenticationFilter   : authToken:eyJ0eXAiOiJKV1QiLCJhbGciOiJIUzI1NiJ9.eyJleHAiOjE3MDEzMzQ3NjAsInVzZXJuYW1lIjoiQWRtaW4xIn0.8zFzAfL_tmmn_VPovheH85S05JsisWdt-rL_iZu2uKs
2023-11-30T00:59:23.211-07:00  INFO 36396 --- [http-nio-8080-exec-4] c.c.c.security.JwtAuthenticationFilter   : authToken:eyJ0eXAiOiJKV1QiLCJhbGciOiJIUzI1NiJ9.eyJleHAiOjE3MDEzMzQ3NjAsInVzZXJuYW1lIjoiQWRtaW4xIn0.8zFzAfL_tmmn_VPovheH85S05JsisWdt-rL_iZu2uKs
2023-11-30T00:59:23.211-07:00  INFO 36396 --- [http-nio-8080-exec-2] c.c.c.security.JwtAuthenticationFilter   : username: Admin1
2023-11-30T00:59:23.211-07:00  INFO 36396 --- [http-nio-8080-exec-4] c.c.c.security.JwtAuthenticationFilter   : username: Admin1
2023-11-30T00:59:23.213-07:00 DEBUG 36396 --- [http-nio-8080-exec-2] org.hibernate.SQL                        : 
    select
        u1_0.user_id,
        u1_0.avatar_id,
        u1_0.email,
        u1_0.first_name,
        u1_0.last_name,
        u1_0.password,
        u1_0.username 
    from
        user u1_0 
    where
        upper(u1_0.username)=upper(?)
2023-11-30T00:59:23.213-07:00 DEBUG 36396 --- [http-nio-8080-exec-4] org.hibernate.SQL                        : 
    select
        u1_0.user_id,
        u1_0.avatar_id,
        u1_0.email,
        u1_0.first_name,
        u1_0.last_name,
        u1_0.password,
        u1_0.username 
    from
        user u1_0 
    where
        upper(u1_0.username)=upper(?)
2023-11-30T00:59:23.214-07:00 DEBUG 36396 --- [http-nio-8080-exec-2] org.hibernate.SQL                        : 
    select
        r1_0.user_id,
        r1_1.role_id,
        r1_1.name 
    from
        user_roles r1_0 
    join
        role r1_1 
            on r1_1.role_id=r1_0.role_id 
    where
        r1_0.user_id=?
2023-11-30T00:59:23.214-07:00 DEBUG 36396 --- [http-nio-8080-exec-4] org.hibernate.SQL                        : 
    select
        r1_0.user_id,
        r1_1.role_id,
        r1_1.name 
    from
        user_roles r1_0 
    join
        role r1_1 
            on r1_1.role_id=r1_0.role_id 
    where
        r1_0.user_id=?
2023-11-30T00:59:23.215-07:00  INFO 36396 --- [http-nio-8080-exec-2] c.c.c.security.JwtAuthenticationFilter   : Authorities: [ROLE_USER, ROLE_ADMIN]
2023-11-30T00:59:23.215-07:00  INFO 36396 --- [http-nio-8080-exec-4] c.c.c.security.JwtAuthenticationFilter   : Authorities: [ROLE_USER, ROLE_ADMIN]
2023-11-30T00:59:23.215-07:00  INFO 36396 --- [http-nio-8080-exec-2] c.c.c.security.JwtAuthenticationFilter   : SecurityContextImpl [Authentication=UsernamePasswordAuthenticationToken [Principal=Admin1, Credentials=[PROTECTED], Authenticated=true, Details=WebAuthenticationDetails [RemoteIpAddress=0:0:0:0:0:0:0:1, SessionId=null], Granted Authorities=[ROLE_USER, ROLE_ADMIN]]]
2023-11-30T00:59:23.215-07:00  INFO 36396 --- [http-nio-8080-exec-4] c.c.c.security.JwtAuthenticationFilter   : SecurityContextImpl [Authentication=UsernamePasswordAuthenticationToken [Principal=Admin1, Credentials=[PROTECTED], Authenticated=true, Details=WebAuthenticationDetails [RemoteIpAddress=0:0:0:0:0:0:0:1, SessionId=null], Granted Authorities=[ROLE_USER, ROLE_ADMIN]]]
2023-11-30T00:59:23.216-07:00 DEBUG 36396 --- [http-nio-8080-exec-2] o.s.security.web.FilterChainProxy        : Secured GET /api/images/movie/18
2023-11-30T00:59:23.216-07:00 DEBUG 36396 --- [http-nio-8080-exec-4] o.s.security.web.FilterChainProxy        : Secured GET /api/images/movie/19
2023-11-30T00:59:23.217-07:00 DEBUG 36396 --- [http-nio-8080-exec-2] horizationManagerBeforeMethodInterceptor : Authorizing method invocation ReflectiveMethodInvocation: public org.springframework.http.ResponseEntity com.cm.cinematchapp.controllers.ImageController.getMoviePoster(java.lang.Long) throws java.io.IOException; target is of class [com.cm.cinematchapp.controllers.ImageController]
2023-11-30T00:59:23.217-07:00 DEBUG 36396 --- [http-nio-8080-exec-4] horizationManagerBeforeMethodInterceptor : Authorizing method invocation ReflectiveMethodInvocation: public org.springframework.http.ResponseEntity com.cm.cinematchapp.controllers.ImageController.getMoviePoster(java.lang.Long) throws java.io.IOException; target is of class [com.cm.cinematchapp.controllers.ImageController]
2023-11-30T00:59:23.217-07:00 DEBUG 36396 --- [http-nio-8080-exec-4] horizationManagerBeforeMethodInterceptor : Authorized method invocation ReflectiveMethodInvocation: public org.springframework.http.ResponseEntity com.cm.cinematchapp.controllers.ImageController.getMoviePoster(java.lang.Long) throws java.io.IOException; target is of class [com.cm.cinematchapp.controllers.ImageController]
2023-11-30T00:59:23.217-07:00 DEBUG 36396 --- [http-nio-8080-exec-2] horizationManagerBeforeMethodInterceptor : Authorized method invocation ReflectiveMethodInvocation: public org.springframework.http.ResponseEntity com.cm.cinematchapp.controllers.ImageController.getMoviePoster(java.lang.Long) throws java.io.IOException; target is of class [com.cm.cinematchapp.controllers.ImageController]
2023-11-30T00:59:23.218-07:00 DEBUG 36396 --- [http-nio-8080-exec-2] org.hibernate.SQL                        : 
    select
        m1_0.movie_id,
        m1_0.description,
        m1_0.poster_id,
        m1_0.rated,
        m1_0.title,
        m1_0.year 
    from
        movie m1_0 
    where
        m1_0.movie_id=?
2023-11-30T00:59:23.218-07:00 DEBUG 36396 --- [http-nio-8080-exec-4] org.hibernate.SQL                        : 
    select
        m1_0.movie_id,
        m1_0.description,
        m1_0.poster_id,
        m1_0.rated,
        m1_0.title,
        m1_0.year 
    from
        movie m1_0 
    where
        m1_0.movie_id=?
2023-11-30T00:59:23.218-07:00 DEBUG 36396 --- [http-nio-8080-exec-4] org.hibernate.SQL                        : 
    select
        m1_0.poster_id,
        m1_0.file_name,
        m1_0.path,
        m1_0.file_size 
    from
        movie_poster m1_0 
    where
        m1_0.poster_id=?
2023-11-30T00:59:23.219-07:00 DEBUG 36396 --- [http-nio-8080-exec-2] org.hibernate.SQL                        : 
    select
        m1_0.poster_id,
        m1_0.file_name,
        m1_0.path,
        m1_0.file_size 
    from
        movie_poster m1_0 
    where
        m1_0.poster_id=?
2023-11-30T01:05:28.587-07:00 DEBUG 36396 --- [http-nio-8080-exec-1] o.s.security.web.FilterChainProxy        : Securing OPTIONS /api/entities/movies
2023-11-30T01:05:28.590-07:00 DEBUG 36396 --- [http-nio-8080-exec-5] o.s.security.web.FilterChainProxy        : Securing GET /api/entities/movies
2023-11-30T01:05:28.590-07:00  INFO 36396 --- [http-nio-8080-exec-5] c.c.c.security.JwtAuthenticationFilter   : authToken:eyJ0eXAiOiJKV1QiLCJhbGciOiJIUzI1NiJ9.eyJleHAiOjE3MDEzMzQ3NjAsInVzZXJuYW1lIjoiQWRtaW4xIn0.8zFzAfL_tmmn_VPovheH85S05JsisWdt-rL_iZu2uKs
2023-11-30T01:05:28.591-07:00  INFO 36396 --- [http-nio-8080-exec-5] c.c.c.security.JwtAuthenticationFilter   : username: Admin1
2023-11-30T01:05:28.593-07:00 DEBUG 36396 --- [http-nio-8080-exec-5] org.hibernate.SQL                        : 
    select
        u1_0.user_id,
        u1_0.avatar_id,
        u1_0.email,
        u1_0.first_name,
        u1_0.last_name,
        u1_0.password,
        u1_0.username 
    from
        user u1_0 
    where
        upper(u1_0.username)=upper(?)
2023-11-30T01:05:28.594-07:00 DEBUG 36396 --- [http-nio-8080-exec-5] org.hibernate.SQL                        : 
    select
        r1_0.user_id,
        r1_1.role_id,
        r1_1.name 
    from
        user_roles r1_0 
    join
        role r1_1 
            on r1_1.role_id=r1_0.role_id 
    where
        r1_0.user_id=?
2023-11-30T01:05:28.595-07:00  INFO 36396 --- [http-nio-8080-exec-5] c.c.c.security.JwtAuthenticationFilter   : Authorities: [ROLE_USER, ROLE_ADMIN]
2023-11-30T01:05:28.595-07:00  INFO 36396 --- [http-nio-8080-exec-5] c.c.c.security.JwtAuthenticationFilter   : SecurityContextImpl [Authentication=UsernamePasswordAuthenticationToken [Principal=Admin1, Credentials=[PROTECTED], Authenticated=true, Details=WebAuthenticationDetails [RemoteIpAddress=0:0:0:0:0:0:0:1, SessionId=null], Granted Authorities=[ROLE_USER, ROLE_ADMIN]]]
2023-11-30T01:05:28.596-07:00 DEBUG 36396 --- [http-nio-8080-exec-5] o.s.security.web.FilterChainProxy        : Secured GET /api/entities/movies
2023-11-30T01:05:28.597-07:00 DEBUG 36396 --- [http-nio-8080-exec-5] horizationManagerBeforeMethodInterceptor : Authorizing method invocation ReflectiveMethodInvocation: public org.springframework.http.ResponseEntity com.cm.cinematchapp.controllers.EntityController.getAllMovies(); target is of class [com.cm.cinematchapp.controllers.EntityController]
2023-11-30T01:05:28.597-07:00 DEBUG 36396 --- [http-nio-8080-exec-5] horizationManagerBeforeMethodInterceptor : Authorized method invocation ReflectiveMethodInvocation: public org.springframework.http.ResponseEntity com.cm.cinematchapp.controllers.EntityController.getAllMovies(); target is of class [com.cm.cinematchapp.controllers.EntityController]
2023-11-30T01:05:28.600-07:00 DEBUG 36396 --- [http-nio-8080-exec-5] org.hibernate.SQL                        : 
    select
        m1_0.movie_id,
        m1_0.description,
        m1_0.poster_id,
        m1_0.rated,
        m1_0.title,
        m1_0.year 
    from
        movie m1_0
2023-11-30T01:05:28.602-07:00 DEBUG 36396 --- [http-nio-8080-exec-5] org.hibernate.SQL                        : 
    select
        m1_0.poster_id,
        m1_0.file_name,
        m1_0.path,
        m1_0.file_size 
    from
        movie_poster m1_0 
    where
        m1_0.poster_id=?
2023-11-30T01:05:28.603-07:00 DEBUG 36396 --- [http-nio-8080-exec-5] org.hibernate.SQL                        : 
    select
        m1_0.poster_id,
        m1_0.file_name,
        m1_0.path,
        m1_0.file_size 
    from
        movie_poster m1_0 
    where
        m1_0.poster_id=?
2023-11-30T01:05:28.604-07:00 DEBUG 36396 --- [http-nio-8080-exec-5] org.hibernate.SQL                        : 
    select
        m1_0.poster_id,
        m1_0.file_name,
        m1_0.path,
        m1_0.file_size 
    from
        movie_poster m1_0 
    where
        m1_0.poster_id=?
2023-11-30T01:05:28.605-07:00 DEBUG 36396 --- [http-nio-8080-exec-5] org.hibernate.SQL                        : 
    select
        m1_0.poster_id,
        m1_0.file_name,
        m1_0.path,
        m1_0.file_size 
    from
        movie_poster m1_0 
    where
        m1_0.poster_id=?
2023-11-30T01:05:28.606-07:00 DEBUG 36396 --- [http-nio-8080-exec-5] org.hibernate.SQL                        : 
    select
        m1_0.poster_id,
        m1_0.file_name,
        m1_0.path,
        m1_0.file_size 
    from
        movie_poster m1_0 
    where
        m1_0.poster_id=?
2023-11-30T01:05:28.606-07:00 DEBUG 36396 --- [http-nio-8080-exec-5] org.hibernate.SQL                        : 
    select
        m1_0.poster_id,
        m1_0.file_name,
        m1_0.path,
        m1_0.file_size 
    from
        movie_poster m1_0 
    where
        m1_0.poster_id=?
2023-11-30T01:05:28.607-07:00 DEBUG 36396 --- [http-nio-8080-exec-5] org.hibernate.SQL                        : 
    select
        m1_0.poster_id,
        m1_0.file_name,
        m1_0.path,
        m1_0.file_size 
    from
        movie_poster m1_0 
    where
        m1_0.poster_id=?
2023-11-30T01:05:28.607-07:00 DEBUG 36396 --- [http-nio-8080-exec-5] org.hibernate.SQL                        : 
    select
        m1_0.poster_id,
        m1_0.file_name,
        m1_0.path,
        m1_0.file_size 
    from
        movie_poster m1_0 
    where
        m1_0.poster_id=?
2023-11-30T01:05:28.608-07:00 DEBUG 36396 --- [http-nio-8080-exec-5] org.hibernate.SQL                        : 
    select
        m1_0.poster_id,
        m1_0.file_name,
        m1_0.path,
        m1_0.file_size 
    from
        movie_poster m1_0 
    where
        m1_0.poster_id=?
2023-11-30T01:05:28.608-07:00 DEBUG 36396 --- [http-nio-8080-exec-5] org.hibernate.SQL                        : 
    select
        m1_0.poster_id,
        m1_0.file_name,
        m1_0.path,
        m1_0.file_size 
    from
        movie_poster m1_0 
    where
        m1_0.poster_id=?
2023-11-30T01:05:28.609-07:00 DEBUG 36396 --- [http-nio-8080-exec-5] org.hibernate.SQL                        : 
    select
        m1_0.poster_id,
        m1_0.file_name,
        m1_0.path,
        m1_0.file_size 
    from
        movie_poster m1_0 
    where
        m1_0.poster_id=?
2023-11-30T01:05:28.609-07:00 DEBUG 36396 --- [http-nio-8080-exec-5] org.hibernate.SQL                        : 
    select
        m1_0.poster_id,
        m1_0.file_name,
        m1_0.path,
        m1_0.file_size 
    from
        movie_poster m1_0 
    where
        m1_0.poster_id=?
2023-11-30T01:05:28.609-07:00 DEBUG 36396 --- [http-nio-8080-exec-5] org.hibernate.SQL                        : 
    select
        m1_0.poster_id,
        m1_0.file_name,
        m1_0.path,
        m1_0.file_size 
    from
        movie_poster m1_0 
    where
        m1_0.poster_id=?
2023-11-30T01:05:28.610-07:00 DEBUG 36396 --- [http-nio-8080-exec-5] org.hibernate.SQL                        : 
    select
        m1_0.poster_id,
        m1_0.file_name,
        m1_0.path,
        m1_0.file_size 
    from
        movie_poster m1_0 
    where
        m1_0.poster_id=?
2023-11-30T01:05:28.613-07:00 DEBUG 36396 --- [http-nio-8080-exec-5] org.hibernate.SQL                        : 
    select
        c1_0.streaming_info_id,
        c1_0.link,
        c1_0.service,
        c1_0.streaming_type 
    from
        country_info c1_0 
    where
        c1_0.streaming_info_id=?
2023-11-30T01:05:28.615-07:00 DEBUG 36396 --- [http-nio-8080-exec-5] org.hibernate.SQL                        : 
    select
        c1_0.streaming_info_id,
        c1_0.link,
        c1_0.service,
        c1_0.streaming_type 
    from
        country_info c1_0 
    where
        c1_0.streaming_info_id=?
2023-11-30T01:05:28.617-07:00 DEBUG 36396 --- [http-nio-8080-exec-5] org.hibernate.SQL                        : 
    select
        c1_0.streaming_info_id,
        c1_0.link,
        c1_0.service,
        c1_0.streaming_type 
    from
        country_info c1_0 
    where
        c1_0.streaming_info_id=?
2023-11-30T01:05:28.618-07:00 DEBUG 36396 --- [http-nio-8080-exec-5] org.hibernate.SQL                        : 
    select
        c1_0.streaming_info_id,
        c1_0.link,
        c1_0.service,
        c1_0.streaming_type 
    from
        country_info c1_0 
    where
        c1_0.streaming_info_id=?
2023-11-30T01:05:28.619-07:00 DEBUG 36396 --- [http-nio-8080-exec-5] org.hibernate.SQL                        : 
    select
        c1_0.streaming_info_id,
        c1_0.link,
        c1_0.service,
        c1_0.streaming_type 
    from
        country_info c1_0 
    where
        c1_0.streaming_info_id=?
2023-11-30T01:05:28.620-07:00 DEBUG 36396 --- [http-nio-8080-exec-5] org.hibernate.SQL                        : 
    select
        c1_0.streaming_info_id,
        c1_0.link,
        c1_0.service,
        c1_0.streaming_type 
    from
        country_info c1_0 
    where
        c1_0.streaming_info_id=?
2023-11-30T01:05:28.621-07:00 DEBUG 36396 --- [http-nio-8080-exec-5] org.hibernate.SQL                        : 
    select
        c1_0.streaming_info_id,
        c1_0.link,
        c1_0.service,
        c1_0.streaming_type 
    from
        country_info c1_0 
    where
        c1_0.streaming_info_id=?
2023-11-30T01:05:28.621-07:00 DEBUG 36396 --- [http-nio-8080-exec-5] org.hibernate.SQL                        : 
    select
        c1_0.streaming_info_id,
        c1_0.link,
        c1_0.service,
        c1_0.streaming_type 
    from
        country_info c1_0 
    where
        c1_0.streaming_info_id=?
2023-11-30T01:05:28.622-07:00 DEBUG 36396 --- [http-nio-8080-exec-5] org.hibernate.SQL                        : 
    select
        c1_0.streaming_info_id,
        c1_0.link,
        c1_0.service,
        c1_0.streaming_type 
    from
        country_info c1_0 
    where
        c1_0.streaming_info_id=?
2023-11-30T01:05:28.623-07:00 DEBUG 36396 --- [http-nio-8080-exec-5] org.hibernate.SQL                        : 
    select
        c1_0.streaming_info_id,
        c1_0.link,
        c1_0.service,
        c1_0.streaming_type 
    from
        country_info c1_0 
    where
        c1_0.streaming_info_id=?
2023-11-30T01:05:28.623-07:00 DEBUG 36396 --- [http-nio-8080-exec-5] org.hibernate.SQL                        : 
    select
        c1_0.streaming_info_id,
        c1_0.link,
        c1_0.service,
        c1_0.streaming_type 
    from
        country_info c1_0 
    where
        c1_0.streaming_info_id=?
2023-11-30T01:05:28.624-07:00 DEBUG 36396 --- [http-nio-8080-exec-5] org.hibernate.SQL                        : 
    select
        c1_0.streaming_info_id,
        c1_0.link,
        c1_0.service,
        c1_0.streaming_type 
    from
        country_info c1_0 
    where
        c1_0.streaming_info_id=?
2023-11-30T01:05:28.625-07:00 DEBUG 36396 --- [http-nio-8080-exec-5] org.hibernate.SQL                        : 
    select
        c1_0.streaming_info_id,
        c1_0.link,
        c1_0.service,
        c1_0.streaming_type 
    from
        country_info c1_0 
    where
        c1_0.streaming_info_id=?
2023-11-30T01:05:28.626-07:00 DEBUG 36396 --- [http-nio-8080-exec-5] org.hibernate.SQL                        : 
    select
        c1_0.streaming_info_id,
        c1_0.link,
        c1_0.service,
        c1_0.streaming_type 
    from
        country_info c1_0 
    where
        c1_0.streaming_info_id=?
2023-11-30T01:05:28.631-07:00 DEBUG 36396 --- [http-nio-8080-exec-4] o.s.security.web.FilterChainProxy        : Securing OPTIONS /api/images/movie/1
2023-11-30T01:05:28.631-07:00 DEBUG 36396 --- [http-nio-8080-exec-2] o.s.security.web.FilterChainProxy        : Securing OPTIONS /api/images/movie/2
2023-11-30T01:05:28.632-07:00 DEBUG 36396 --- [http-nio-8080-exec-10] o.s.security.web.FilterChainProxy        : Securing OPTIONS /api/images/movie/5
2023-11-30T01:05:28.633-07:00 DEBUG 36396 --- [http-nio-8080-exec-7] o.s.security.web.FilterChainProxy        : Securing OPTIONS /api/images/movie/6
2023-11-30T01:05:28.634-07:00 DEBUG 36396 --- [http-nio-8080-exec-3] o.s.security.web.FilterChainProxy        : Securing OPTIONS /api/images/movie/9
2023-11-30T01:05:28.634-07:00 DEBUG 36396 --- [http-nio-8080-exec-9] o.s.security.web.FilterChainProxy        : Securing OPTIONS /api/images/movie/10
2023-11-30T01:05:28.634-07:00 DEBUG 36396 --- [http-nio-8080-exec-8] o.s.security.web.FilterChainProxy        : Securing OPTIONS /api/images/movie/12
2023-11-30T01:05:28.635-07:00 DEBUG 36396 --- [http-nio-8080-exec-6] o.s.security.web.FilterChainProxy        : Securing OPTIONS /api/images/movie/13
2023-11-30T01:05:28.636-07:00 DEBUG 36396 --- [http-nio-8080-exec-1] o.s.security.web.FilterChainProxy        : Securing OPTIONS /api/images/movie/14
2023-11-30T01:05:28.636-07:00 DEBUG 36396 --- [http-nio-8080-exec-5] o.s.security.web.FilterChainProxy        : Securing OPTIONS /api/images/movie/15
2023-11-30T01:05:28.636-07:00 DEBUG 36396 --- [http-nio-8080-exec-4] o.s.security.web.FilterChainProxy        : Securing OPTIONS /api/images/movie/16
2023-11-30T01:05:28.636-07:00 DEBUG 36396 --- [http-nio-8080-exec-2] o.s.security.web.FilterChainProxy        : Securing OPTIONS /api/images/movie/17
2023-11-30T01:05:28.637-07:00 DEBUG 36396 --- [http-nio-8080-exec-10] o.s.security.web.FilterChainProxy        : Securing OPTIONS /api/images/movie/18
2023-11-30T01:05:28.637-07:00 DEBUG 36396 --- [http-nio-8080-exec-7] o.s.security.web.FilterChainProxy        : Securing OPTIONS /api/images/movie/19
2023-11-30T01:05:28.637-07:00 DEBUG 36396 --- [http-nio-8080-exec-3] o.s.security.web.FilterChainProxy        : Securing GET /api/images/movie/1
2023-11-30T01:05:28.638-07:00 DEBUG 36396 --- [http-nio-8080-exec-9] o.s.security.web.FilterChainProxy        : Securing GET /api/images/movie/2
2023-11-30T01:05:28.638-07:00  INFO 36396 --- [http-nio-8080-exec-3] c.c.c.security.JwtAuthenticationFilter   : authToken:eyJ0eXAiOiJKV1QiLCJhbGciOiJIUzI1NiJ9.eyJleHAiOjE3MDEzMzQ3NjAsInVzZXJuYW1lIjoiQWRtaW4xIn0.8zFzAfL_tmmn_VPovheH85S05JsisWdt-rL_iZu2uKs
2023-11-30T01:05:28.638-07:00  INFO 36396 --- [http-nio-8080-exec-9] c.c.c.security.JwtAuthenticationFilter   : authToken:eyJ0eXAiOiJKV1QiLCJhbGciOiJIUzI1NiJ9.eyJleHAiOjE3MDEzMzQ3NjAsInVzZXJuYW1lIjoiQWRtaW4xIn0.8zFzAfL_tmmn_VPovheH85S05JsisWdt-rL_iZu2uKs
2023-11-30T01:05:28.638-07:00  INFO 36396 --- [http-nio-8080-exec-3] c.c.c.security.JwtAuthenticationFilter   : username: Admin1
2023-11-30T01:05:28.638-07:00  INFO 36396 --- [http-nio-8080-exec-9] c.c.c.security.JwtAuthenticationFilter   : username: Admin1
2023-11-30T01:05:28.638-07:00 DEBUG 36396 --- [http-nio-8080-exec-8] o.s.security.web.FilterChainProxy        : Securing GET /api/images/movie/5
2023-11-30T01:05:28.638-07:00 DEBUG 36396 --- [http-nio-8080-exec-6] o.s.security.web.FilterChainProxy        : Securing GET /api/images/movie/6
2023-11-30T01:05:28.639-07:00  INFO 36396 --- [http-nio-8080-exec-8] c.c.c.security.JwtAuthenticationFilter   : authToken:eyJ0eXAiOiJKV1QiLCJhbGciOiJIUzI1NiJ9.eyJleHAiOjE3MDEzMzQ3NjAsInVzZXJuYW1lIjoiQWRtaW4xIn0.8zFzAfL_tmmn_VPovheH85S05JsisWdt-rL_iZu2uKs
2023-11-30T01:05:28.639-07:00  INFO 36396 --- [http-nio-8080-exec-8] c.c.c.security.JwtAuthenticationFilter   : username: Admin1
2023-11-30T01:05:28.639-07:00 DEBUG 36396 --- [http-nio-8080-exec-1] o.s.security.web.FilterChainProxy        : Securing GET /api/images/movie/9
2023-11-30T01:05:28.639-07:00  INFO 36396 --- [http-nio-8080-exec-6] c.c.c.security.JwtAuthenticationFilter   : authToken:eyJ0eXAiOiJKV1QiLCJhbGciOiJIUzI1NiJ9.eyJleHAiOjE3MDEzMzQ3NjAsInVzZXJuYW1lIjoiQWRtaW4xIn0.8zFzAfL_tmmn_VPovheH85S05JsisWdt-rL_iZu2uKs
2023-11-30T01:05:28.639-07:00  INFO 36396 --- [http-nio-8080-exec-1] c.c.c.security.JwtAuthenticationFilter   : authToken:eyJ0eXAiOiJKV1QiLCJhbGciOiJIUzI1NiJ9.eyJleHAiOjE3MDEzMzQ3NjAsInVzZXJuYW1lIjoiQWRtaW4xIn0.8zFzAfL_tmmn_VPovheH85S05JsisWdt-rL_iZu2uKs
2023-11-30T01:05:28.639-07:00  INFO 36396 --- [http-nio-8080-exec-6] c.c.c.security.JwtAuthenticationFilter   : username: Admin1
2023-11-30T01:05:28.639-07:00  INFO 36396 --- [http-nio-8080-exec-1] c.c.c.security.JwtAuthenticationFilter   : username: Admin1
2023-11-30T01:05:28.639-07:00 DEBUG 36396 --- [http-nio-8080-exec-5] o.s.security.web.FilterChainProxy        : Securing GET /api/images/movie/10
2023-11-30T01:05:28.639-07:00  INFO 36396 --- [http-nio-8080-exec-5] c.c.c.security.JwtAuthenticationFilter   : authToken:eyJ0eXAiOiJKV1QiLCJhbGciOiJIUzI1NiJ9.eyJleHAiOjE3MDEzMzQ3NjAsInVzZXJuYW1lIjoiQWRtaW4xIn0.8zFzAfL_tmmn_VPovheH85S05JsisWdt-rL_iZu2uKs
2023-11-30T01:05:28.640-07:00  INFO 36396 --- [http-nio-8080-exec-5] c.c.c.security.JwtAuthenticationFilter   : username: Admin1
2023-11-30T01:05:28.640-07:00 DEBUG 36396 --- [http-nio-8080-exec-9] org.hibernate.SQL                        : 
    select
        u1_0.user_id,
        u1_0.avatar_id,
        u1_0.email,
        u1_0.first_name,
        u1_0.last_name,
        u1_0.password,
        u1_0.username 
    from
        user u1_0 
    where
        upper(u1_0.username)=upper(?)
2023-11-30T01:05:28.640-07:00 DEBUG 36396 --- [http-nio-8080-exec-3] org.hibernate.SQL                        : 
    select
        u1_0.user_id,
        u1_0.avatar_id,
        u1_0.email,
        u1_0.first_name,
        u1_0.last_name,
        u1_0.password,
        u1_0.username 
    from
        user u1_0 
    where
        upper(u1_0.username)=upper(?)
2023-11-30T01:05:28.640-07:00 DEBUG 36396 --- [http-nio-8080-exec-1] org.hibernate.SQL                        : 
    select
        u1_0.user_id,
        u1_0.avatar_id,
        u1_0.email,
        u1_0.first_name,
        u1_0.last_name,
        u1_0.password,
        u1_0.username 
    from
        user u1_0 
    where
        upper(u1_0.username)=upper(?)
2023-11-30T01:05:28.640-07:00 DEBUG 36396 --- [http-nio-8080-exec-8] org.hibernate.SQL                        : 
    select
        u1_0.user_id,
        u1_0.avatar_id,
        u1_0.email,
        u1_0.first_name,
        u1_0.last_name,
        u1_0.password,
        u1_0.username 
    from
        user u1_0 
    where
        upper(u1_0.username)=upper(?)
2023-11-30T01:05:28.640-07:00 DEBUG 36396 --- [http-nio-8080-exec-6] org.hibernate.SQL                        : 
    select
        u1_0.user_id,
        u1_0.avatar_id,
        u1_0.email,
        u1_0.first_name,
        u1_0.last_name,
        u1_0.password,
        u1_0.username 
    from
        user u1_0 
    where
        upper(u1_0.username)=upper(?)
2023-11-30T01:05:28.641-07:00 DEBUG 36396 --- [http-nio-8080-exec-5] org.hibernate.SQL                        : 
    select
        u1_0.user_id,
        u1_0.avatar_id,
        u1_0.email,
        u1_0.first_name,
        u1_0.last_name,
        u1_0.password,
        u1_0.username 
    from
        user u1_0 
    where
        upper(u1_0.username)=upper(?)
2023-11-30T01:05:28.641-07:00 DEBUG 36396 --- [http-nio-8080-exec-9] org.hibernate.SQL                        : 
    select
        r1_0.user_id,
        r1_1.role_id,
        r1_1.name 
    from
        user_roles r1_0 
    join
        role r1_1 
            on r1_1.role_id=r1_0.role_id 
    where
        r1_0.user_id=?
2023-11-30T01:05:28.641-07:00 DEBUG 36396 --- [http-nio-8080-exec-8] org.hibernate.SQL                        : 
    select
        r1_0.user_id,
        r1_1.role_id,
        r1_1.name 
    from
        user_roles r1_0 
    join
        role r1_1 
            on r1_1.role_id=r1_0.role_id 
    where
        r1_0.user_id=?
2023-11-30T01:05:28.641-07:00 DEBUG 36396 --- [http-nio-8080-exec-3] org.hibernate.SQL                        : 
    select
        r1_0.user_id,
        r1_1.role_id,
        r1_1.name 
    from
        user_roles r1_0 
    join
        role r1_1 
            on r1_1.role_id=r1_0.role_id 
    where
        r1_0.user_id=?
2023-11-30T01:05:28.641-07:00 DEBUG 36396 --- [http-nio-8080-exec-1] org.hibernate.SQL                        : 
    select
        r1_0.user_id,
        r1_1.role_id,
        r1_1.name 
    from
        user_roles r1_0 
    join
        role r1_1 
            on r1_1.role_id=r1_0.role_id 
    where
        r1_0.user_id=?
2023-11-30T01:05:28.641-07:00 DEBUG 36396 --- [http-nio-8080-exec-6] org.hibernate.SQL                        : 
    select
        r1_0.user_id,
        r1_1.role_id,
        r1_1.name 
    from
        user_roles r1_0 
    join
        role r1_1 
            on r1_1.role_id=r1_0.role_id 
    where
        r1_0.user_id=?
2023-11-30T01:05:28.642-07:00 DEBUG 36396 --- [http-nio-8080-exec-5] org.hibernate.SQL                        : 
    select
        r1_0.user_id,
        r1_1.role_id,
        r1_1.name 
    from
        user_roles r1_0 
    join
        role r1_1 
            on r1_1.role_id=r1_0.role_id 
    where
        r1_0.user_id=?
2023-11-30T01:05:28.642-07:00  INFO 36396 --- [http-nio-8080-exec-3] c.c.c.security.JwtAuthenticationFilter   : Authorities: [ROLE_USER, ROLE_ADMIN]
2023-11-30T01:05:28.642-07:00  INFO 36396 --- [http-nio-8080-exec-6] c.c.c.security.JwtAuthenticationFilter   : Authorities: [ROLE_USER, ROLE_ADMIN]
2023-11-30T01:05:28.642-07:00  INFO 36396 --- [http-nio-8080-exec-9] c.c.c.security.JwtAuthenticationFilter   : Authorities: [ROLE_USER, ROLE_ADMIN]
2023-11-30T01:05:28.642-07:00  INFO 36396 --- [http-nio-8080-exec-8] c.c.c.security.JwtAuthenticationFilter   : Authorities: [ROLE_USER, ROLE_ADMIN]
2023-11-30T01:05:28.642-07:00  INFO 36396 --- [http-nio-8080-exec-1] c.c.c.security.JwtAuthenticationFilter   : Authorities: [ROLE_USER, ROLE_ADMIN]
2023-11-30T01:05:28.642-07:00  INFO 36396 --- [http-nio-8080-exec-3] c.c.c.security.JwtAuthenticationFilter   : SecurityContextImpl [Authentication=UsernamePasswordAuthenticationToken [Principal=Admin1, Credentials=[PROTECTED], Authenticated=true, Details=WebAuthenticationDetails [RemoteIpAddress=0:0:0:0:0:0:0:1, SessionId=null], Granted Authorities=[ROLE_USER, ROLE_ADMIN]]]
2023-11-30T01:05:28.642-07:00  INFO 36396 --- [http-nio-8080-exec-6] c.c.c.security.JwtAuthenticationFilter   : SecurityContextImpl [Authentication=UsernamePasswordAuthenticationToken [Principal=Admin1, Credentials=[PROTECTED], Authenticated=true, Details=WebAuthenticationDetails [RemoteIpAddress=0:0:0:0:0:0:0:1, SessionId=null], Granted Authorities=[ROLE_USER, ROLE_ADMIN]]]
2023-11-30T01:05:28.642-07:00  INFO 36396 --- [http-nio-8080-exec-9] c.c.c.security.JwtAuthenticationFilter   : SecurityContextImpl [Authentication=UsernamePasswordAuthenticationToken [Principal=Admin1, Credentials=[PROTECTED], Authenticated=true, Details=WebAuthenticationDetails [RemoteIpAddress=0:0:0:0:0:0:0:1, SessionId=null], Granted Authorities=[ROLE_USER, ROLE_ADMIN]]]
2023-11-30T01:05:28.642-07:00  INFO 36396 --- [http-nio-8080-exec-1] c.c.c.security.JwtAuthenticationFilter   : SecurityContextImpl [Authentication=UsernamePasswordAuthenticationToken [Principal=Admin1, Credentials=[PROTECTED], Authenticated=true, Details=WebAuthenticationDetails [RemoteIpAddress=0:0:0:0:0:0:0:1, SessionId=null], Granted Authorities=[ROLE_USER, ROLE_ADMIN]]]
2023-11-30T01:05:28.642-07:00  INFO 36396 --- [http-nio-8080-exec-8] c.c.c.security.JwtAuthenticationFilter   : SecurityContextImpl [Authentication=UsernamePasswordAuthenticationToken [Principal=Admin1, Credentials=[PROTECTED], Authenticated=true, Details=WebAuthenticationDetails [RemoteIpAddress=0:0:0:0:0:0:0:1, SessionId=null], Granted Authorities=[ROLE_USER, ROLE_ADMIN]]]
2023-11-30T01:05:28.643-07:00  INFO 36396 --- [http-nio-8080-exec-5] c.c.c.security.JwtAuthenticationFilter   : Authorities: [ROLE_USER, ROLE_ADMIN]
2023-11-30T01:05:28.643-07:00  INFO 36396 --- [http-nio-8080-exec-5] c.c.c.security.JwtAuthenticationFilter   : SecurityContextImpl [Authentication=UsernamePasswordAuthenticationToken [Principal=Admin1, Credentials=[PROTECTED], Authenticated=true, Details=WebAuthenticationDetails [RemoteIpAddress=0:0:0:0:0:0:0:1, SessionId=null], Granted Authorities=[ROLE_USER, ROLE_ADMIN]]]
2023-11-30T01:05:28.643-07:00 DEBUG 36396 --- [http-nio-8080-exec-5] o.s.security.web.FilterChainProxy        : Secured GET /api/images/movie/10
2023-11-30T01:05:28.643-07:00 DEBUG 36396 --- [http-nio-8080-exec-1] o.s.security.web.FilterChainProxy        : Secured GET /api/images/movie/9
2023-11-30T01:05:28.644-07:00 DEBUG 36396 --- [http-nio-8080-exec-9] o.s.security.web.FilterChainProxy        : Secured GET /api/images/movie/2
2023-11-30T01:05:28.644-07:00 DEBUG 36396 --- [http-nio-8080-exec-1] horizationManagerBeforeMethodInterceptor : Authorizing method invocation ReflectiveMethodInvocation: public org.springframework.http.ResponseEntity com.cm.cinematchapp.controllers.ImageController.getMoviePoster(java.lang.Long) throws java.io.IOException; target is of class [com.cm.cinematchapp.controllers.ImageController]
2023-11-30T01:05:28.644-07:00 DEBUG 36396 --- [http-nio-8080-exec-5] horizationManagerBeforeMethodInterceptor : Authorizing method invocation ReflectiveMethodInvocation: public org.springframework.http.ResponseEntity com.cm.cinematchapp.controllers.ImageController.getMoviePoster(java.lang.Long) throws java.io.IOException; target is of class [com.cm.cinematchapp.controllers.ImageController]
2023-11-30T01:05:28.644-07:00 DEBUG 36396 --- [http-nio-8080-exec-9] horizationManagerBeforeMethodInterceptor : Authorizing method invocation ReflectiveMethodInvocation: public org.springframework.http.ResponseEntity com.cm.cinematchapp.controllers.ImageController.getMoviePoster(java.lang.Long) throws java.io.IOException; target is of class [com.cm.cinematchapp.controllers.ImageController]
2023-11-30T01:05:28.644-07:00 DEBUG 36396 --- [http-nio-8080-exec-6] o.s.security.web.FilterChainProxy        : Secured GET /api/images/movie/6
2023-11-30T01:05:28.644-07:00 DEBUG 36396 --- [http-nio-8080-exec-3] o.s.security.web.FilterChainProxy        : Secured GET /api/images/movie/1
2023-11-30T01:05:28.644-07:00 DEBUG 36396 --- [http-nio-8080-exec-8] o.s.security.web.FilterChainProxy        : Secured GET /api/images/movie/5
2023-11-30T01:05:28.644-07:00 DEBUG 36396 --- [http-nio-8080-exec-9] horizationManagerBeforeMethodInterceptor : Authorized method invocation ReflectiveMethodInvocation: public org.springframework.http.ResponseEntity com.cm.cinematchapp.controllers.ImageController.getMoviePoster(java.lang.Long) throws java.io.IOException; target is of class [com.cm.cinematchapp.controllers.ImageController]
2023-11-30T01:05:28.644-07:00 DEBUG 36396 --- [http-nio-8080-exec-5] horizationManagerBeforeMethodInterceptor : Authorized method invocation ReflectiveMethodInvocation: public org.springframework.http.ResponseEntity com.cm.cinematchapp.controllers.ImageController.getMoviePoster(java.lang.Long) throws java.io.IOException; target is of class [com.cm.cinematchapp.controllers.ImageController]
2023-11-30T01:05:28.644-07:00 DEBUG 36396 --- [http-nio-8080-exec-1] horizationManagerBeforeMethodInterceptor : Authorized method invocation ReflectiveMethodInvocation: public org.springframework.http.ResponseEntity com.cm.cinematchapp.controllers.ImageController.getMoviePoster(java.lang.Long) throws java.io.IOException; target is of class [com.cm.cinematchapp.controllers.ImageController]
2023-11-30T01:05:28.644-07:00 DEBUG 36396 --- [http-nio-8080-exec-3] horizationManagerBeforeMethodInterceptor : Authorizing method invocation ReflectiveMethodInvocation: public org.springframework.http.ResponseEntity com.cm.cinematchapp.controllers.ImageController.getMoviePoster(java.lang.Long) throws java.io.IOException; target is of class [com.cm.cinematchapp.controllers.ImageController]
2023-11-30T01:05:28.644-07:00 DEBUG 36396 --- [http-nio-8080-exec-6] horizationManagerBeforeMethodInterceptor : Authorizing method invocation ReflectiveMethodInvocation: public org.springframework.http.ResponseEntity com.cm.cinematchapp.controllers.ImageController.getMoviePoster(java.lang.Long) throws java.io.IOException; target is of class [com.cm.cinematchapp.controllers.ImageController]
2023-11-30T01:05:28.645-07:00 DEBUG 36396 --- [http-nio-8080-exec-8] horizationManagerBeforeMethodInterceptor : Authorizing method invocation ReflectiveMethodInvocation: public org.springframework.http.ResponseEntity com.cm.cinematchapp.controllers.ImageController.getMoviePoster(java.lang.Long) throws java.io.IOException; target is of class [com.cm.cinematchapp.controllers.ImageController]
2023-11-30T01:05:28.645-07:00 DEBUG 36396 --- [http-nio-8080-exec-3] horizationManagerBeforeMethodInterceptor : Authorized method invocation ReflectiveMethodInvocation: public org.springframework.http.ResponseEntity com.cm.cinematchapp.controllers.ImageController.getMoviePoster(java.lang.Long) throws java.io.IOException; target is of class [com.cm.cinematchapp.controllers.ImageController]
2023-11-30T01:05:28.645-07:00 DEBUG 36396 --- [http-nio-8080-exec-6] horizationManagerBeforeMethodInterceptor : Authorized method invocation ReflectiveMethodInvocation: public org.springframework.http.ResponseEntity com.cm.cinematchapp.controllers.ImageController.getMoviePoster(java.lang.Long) throws java.io.IOException; target is of class [com.cm.cinematchapp.controllers.ImageController]
2023-11-30T01:05:28.645-07:00 DEBUG 36396 --- [http-nio-8080-exec-8] horizationManagerBeforeMethodInterceptor : Authorized method invocation ReflectiveMethodInvocation: public org.springframework.http.ResponseEntity com.cm.cinematchapp.controllers.ImageController.getMoviePoster(java.lang.Long) throws java.io.IOException; target is of class [com.cm.cinematchapp.controllers.ImageController]
2023-11-30T01:05:28.646-07:00 DEBUG 36396 --- [http-nio-8080-exec-1] org.hibernate.SQL                        : 
    select
        m1_0.movie_id,
        m1_0.description,
        m1_0.poster_id,
        m1_0.rated,
        m1_0.title,
        m1_0.year 
    from
        movie m1_0 
    where
        m1_0.movie_id=?
2023-11-30T01:05:28.646-07:00 DEBUG 36396 --- [http-nio-8080-exec-9] org.hibernate.SQL                        : 
    select
        m1_0.movie_id,
        m1_0.description,
        m1_0.poster_id,
        m1_0.rated,
        m1_0.title,
        m1_0.year 
    from
        movie m1_0 
    where
        m1_0.movie_id=?
2023-11-30T01:05:28.646-07:00 DEBUG 36396 --- [http-nio-8080-exec-5] org.hibernate.SQL                        : 
    select
        m1_0.movie_id,
        m1_0.description,
        m1_0.poster_id,
        m1_0.rated,
        m1_0.title,
        m1_0.year 
    from
        movie m1_0 
    where
        m1_0.movie_id=?
2023-11-30T01:05:28.646-07:00 DEBUG 36396 --- [http-nio-8080-exec-6] org.hibernate.SQL                        : 
    select
        m1_0.movie_id,
        m1_0.description,
        m1_0.poster_id,
        m1_0.rated,
        m1_0.title,
        m1_0.year 
    from
        movie m1_0 
    where
        m1_0.movie_id=?
2023-11-30T01:05:28.646-07:00 DEBUG 36396 --- [http-nio-8080-exec-3] org.hibernate.SQL                        : 
    select
        m1_0.movie_id,
        m1_0.description,
        m1_0.poster_id,
        m1_0.rated,
        m1_0.title,
        m1_0.year 
    from
        movie m1_0 
    where
        m1_0.movie_id=?
2023-11-30T01:05:28.646-07:00 DEBUG 36396 --- [http-nio-8080-exec-8] org.hibernate.SQL                        : 
    select
        m1_0.movie_id,
        m1_0.description,
        m1_0.poster_id,
        m1_0.rated,
        m1_0.title,
        m1_0.year 
    from
        movie m1_0 
    where
        m1_0.movie_id=?
2023-11-30T01:05:28.646-07:00 DEBUG 36396 --- [http-nio-8080-exec-5] org.hibernate.SQL                        : 
    select
        m1_0.poster_id,
        m1_0.file_name,
        m1_0.path,
        m1_0.file_size 
    from
        movie_poster m1_0 
    where
        m1_0.poster_id=?
2023-11-30T01:05:28.646-07:00 DEBUG 36396 --- [http-nio-8080-exec-1] org.hibernate.SQL                        : 
    select
        m1_0.poster_id,
        m1_0.file_name,
        m1_0.path,
        m1_0.file_size 
    from
        movie_poster m1_0 
    where
        m1_0.poster_id=?
2023-11-30T01:05:28.646-07:00 DEBUG 36396 --- [http-nio-8080-exec-9] org.hibernate.SQL                        : 
    select
        m1_0.poster_id,
        m1_0.file_name,
        m1_0.path,
        m1_0.file_size 
    from
        movie_poster m1_0 
    where
        m1_0.poster_id=?
2023-11-30T01:05:28.646-07:00 DEBUG 36396 --- [http-nio-8080-exec-6] org.hibernate.SQL                        : 
    select
        m1_0.poster_id,
        m1_0.file_name,
        m1_0.path,
        m1_0.file_size 
    from
        movie_poster m1_0 
    where
        m1_0.poster_id=?
2023-11-30T01:05:28.646-07:00 DEBUG 36396 --- [http-nio-8080-exec-8] org.hibernate.SQL                        : 
    select
        m1_0.poster_id,
        m1_0.file_name,
        m1_0.path,
        m1_0.file_size 
    from
        movie_poster m1_0 
    where
        m1_0.poster_id=?
2023-11-30T01:05:28.647-07:00 DEBUG 36396 --- [http-nio-8080-exec-3] org.hibernate.SQL                        : 
    select
        m1_0.poster_id,
        m1_0.file_name,
        m1_0.path,
        m1_0.file_size 
    from
        movie_poster m1_0 
    where
        m1_0.poster_id=?
2023-11-30T01:05:28.651-07:00 DEBUG 36396 --- [http-nio-8080-exec-2] o.s.security.web.FilterChainProxy        : Securing GET /api/images/movie/13
2023-11-30T01:05:28.651-07:00 DEBUG 36396 --- [http-nio-8080-exec-4] o.s.security.web.FilterChainProxy        : Securing GET /api/images/movie/12
2023-11-30T01:05:28.651-07:00 DEBUG 36396 --- [http-nio-8080-exec-10] o.s.security.web.FilterChainProxy        : Securing GET /api/images/movie/14
2023-11-30T01:05:28.651-07:00 DEBUG 36396 --- [http-nio-8080-exec-7] o.s.security.web.FilterChainProxy        : Securing GET /api/images/movie/15
2023-11-30T01:05:28.651-07:00  INFO 36396 --- [http-nio-8080-exec-10] c.c.c.security.JwtAuthenticationFilter   : authToken:eyJ0eXAiOiJKV1QiLCJhbGciOiJIUzI1NiJ9.eyJleHAiOjE3MDEzMzQ3NjAsInVzZXJuYW1lIjoiQWRtaW4xIn0.8zFzAfL_tmmn_VPovheH85S05JsisWdt-rL_iZu2uKs
2023-11-30T01:05:28.651-07:00  INFO 36396 --- [http-nio-8080-exec-4] c.c.c.security.JwtAuthenticationFilter   : authToken:eyJ0eXAiOiJKV1QiLCJhbGciOiJIUzI1NiJ9.eyJleHAiOjE3MDEzMzQ3NjAsInVzZXJuYW1lIjoiQWRtaW4xIn0.8zFzAfL_tmmn_VPovheH85S05JsisWdt-rL_iZu2uKs
2023-11-30T01:05:28.651-07:00  INFO 36396 --- [http-nio-8080-exec-2] c.c.c.security.JwtAuthenticationFilter   : authToken:eyJ0eXAiOiJKV1QiLCJhbGciOiJIUzI1NiJ9.eyJleHAiOjE3MDEzMzQ3NjAsInVzZXJuYW1lIjoiQWRtaW4xIn0.8zFzAfL_tmmn_VPovheH85S05JsisWdt-rL_iZu2uKs
2023-11-30T01:05:28.651-07:00 DEBUG 36396 --- [http-nio-8080-exec-5] o.s.security.web.FilterChainProxy        : Securing GET /api/images/movie/16
2023-11-30T01:05:28.652-07:00 DEBUG 36396 --- [http-nio-8080-exec-8] o.s.security.web.FilterChainProxy        : Securing GET /api/images/movie/17
2023-11-30T01:05:28.652-07:00  INFO 36396 --- [http-nio-8080-exec-7] c.c.c.security.JwtAuthenticationFilter   : authToken:eyJ0eXAiOiJKV1QiLCJhbGciOiJIUzI1NiJ9.eyJleHAiOjE3MDEzMzQ3NjAsInVzZXJuYW1lIjoiQWRtaW4xIn0.8zFzAfL_tmmn_VPovheH85S05JsisWdt-rL_iZu2uKs
2023-11-30T01:05:28.652-07:00  INFO 36396 --- [http-nio-8080-exec-8] c.c.c.security.JwtAuthenticationFilter   : authToken:eyJ0eXAiOiJKV1QiLCJhbGciOiJIUzI1NiJ9.eyJleHAiOjE3MDEzMzQ3NjAsInVzZXJuYW1lIjoiQWRtaW4xIn0.8zFzAfL_tmmn_VPovheH85S05JsisWdt-rL_iZu2uKs
2023-11-30T01:05:28.652-07:00  INFO 36396 --- [http-nio-8080-exec-2] c.c.c.security.JwtAuthenticationFilter   : username: Admin1
2023-11-30T01:05:28.652-07:00  INFO 36396 --- [http-nio-8080-exec-4] c.c.c.security.JwtAuthenticationFilter   : username: Admin1
2023-11-30T01:05:28.652-07:00  INFO 36396 --- [http-nio-8080-exec-10] c.c.c.security.JwtAuthenticationFilter   : username: Admin1
2023-11-30T01:05:28.652-07:00  INFO 36396 --- [http-nio-8080-exec-7] c.c.c.security.JwtAuthenticationFilter   : username: Admin1
2023-11-30T01:05:28.652-07:00  INFO 36396 --- [http-nio-8080-exec-5] c.c.c.security.JwtAuthenticationFilter   : authToken:eyJ0eXAiOiJKV1QiLCJhbGciOiJIUzI1NiJ9.eyJleHAiOjE3MDEzMzQ3NjAsInVzZXJuYW1lIjoiQWRtaW4xIn0.8zFzAfL_tmmn_VPovheH85S05JsisWdt-rL_iZu2uKs
2023-11-30T01:05:28.652-07:00  INFO 36396 --- [http-nio-8080-exec-8] c.c.c.security.JwtAuthenticationFilter   : username: Admin1
2023-11-30T01:05:28.652-07:00  INFO 36396 --- [http-nio-8080-exec-5] c.c.c.security.JwtAuthenticationFilter   : username: Admin1
2023-11-30T01:05:28.654-07:00 DEBUG 36396 --- [http-nio-8080-exec-5] org.hibernate.SQL                        : 
    select
        u1_0.user_id,
        u1_0.avatar_id,
        u1_0.email,
        u1_0.first_name,
        u1_0.last_name,
        u1_0.password,
        u1_0.username 
    from
        user u1_0 
    where
        upper(u1_0.username)=upper(?)
2023-11-30T01:05:28.654-07:00 DEBUG 36396 --- [http-nio-8080-exec-2] org.hibernate.SQL                        : 
    select
        u1_0.user_id,
        u1_0.avatar_id,
        u1_0.email,
        u1_0.first_name,
        u1_0.last_name,
        u1_0.password,
        u1_0.username 
    from
        user u1_0 
    where
        upper(u1_0.username)=upper(?)
2023-11-30T01:05:28.654-07:00 DEBUG 36396 --- [http-nio-8080-exec-4] org.hibernate.SQL                        : 
    select
        u1_0.user_id,
        u1_0.avatar_id,
        u1_0.email,
        u1_0.first_name,
        u1_0.last_name,
        u1_0.password,
        u1_0.username 
    from
        user u1_0 
    where
        upper(u1_0.username)=upper(?)
2023-11-30T01:05:28.654-07:00 DEBUG 36396 --- [http-nio-8080-exec-8] org.hibernate.SQL                        : 
    select
        u1_0.user_id,
        u1_0.avatar_id,
        u1_0.email,
        u1_0.first_name,
        u1_0.last_name,
        u1_0.password,
        u1_0.username 
    from
        user u1_0 
    where
        upper(u1_0.username)=upper(?)
2023-11-30T01:05:28.654-07:00 DEBUG 36396 --- [http-nio-8080-exec-10] org.hibernate.SQL                        : 
    select
        u1_0.user_id,
        u1_0.avatar_id,
        u1_0.email,
        u1_0.first_name,
        u1_0.last_name,
        u1_0.password,
        u1_0.username 
    from
        user u1_0 
    where
        upper(u1_0.username)=upper(?)
2023-11-30T01:05:28.654-07:00 DEBUG 36396 --- [http-nio-8080-exec-7] org.hibernate.SQL                        : 
    select
        u1_0.user_id,
        u1_0.avatar_id,
        u1_0.email,
        u1_0.first_name,
        u1_0.last_name,
        u1_0.password,
        u1_0.username 
    from
        user u1_0 
    where
        upper(u1_0.username)=upper(?)
2023-11-30T01:05:28.655-07:00 DEBUG 36396 --- [http-nio-8080-exec-7] org.hibernate.SQL                        : 
    select
        r1_0.user_id,
        r1_1.role_id,
        r1_1.name 
    from
        user_roles r1_0 
    join
        role r1_1 
            on r1_1.role_id=r1_0.role_id 
    where
        r1_0.user_id=?
2023-11-30T01:05:28.655-07:00 DEBUG 36396 --- [http-nio-8080-exec-5] org.hibernate.SQL                        : 
    select
        r1_0.user_id,
        r1_1.role_id,
        r1_1.name 
    from
        user_roles r1_0 
    join
        role r1_1 
            on r1_1.role_id=r1_0.role_id 
    where
        r1_0.user_id=?
2023-11-30T01:05:28.655-07:00 DEBUG 36396 --- [http-nio-8080-exec-2] org.hibernate.SQL                        : 
    select
        r1_0.user_id,
        r1_1.role_id,
        r1_1.name 
    from
        user_roles r1_0 
    join
        role r1_1 
            on r1_1.role_id=r1_0.role_id 
    where
        r1_0.user_id=?
2023-11-30T01:05:28.655-07:00 DEBUG 36396 --- [http-nio-8080-exec-4] org.hibernate.SQL                        : 
    select
        r1_0.user_id,
        r1_1.role_id,
        r1_1.name 
    from
        user_roles r1_0 
    join
        role r1_1 
            on r1_1.role_id=r1_0.role_id 
    where
        r1_0.user_id=?
2023-11-30T01:05:28.655-07:00 DEBUG 36396 --- [http-nio-8080-exec-10] org.hibernate.SQL                        : 
    select
        r1_0.user_id,
        r1_1.role_id,
        r1_1.name 
    from
        user_roles r1_0 
    join
        role r1_1 
            on r1_1.role_id=r1_0.role_id 
    where
        r1_0.user_id=?
2023-11-30T01:05:28.655-07:00 DEBUG 36396 --- [http-nio-8080-exec-8] org.hibernate.SQL                        : 
    select
        r1_0.user_id,
        r1_1.role_id,
        r1_1.name 
    from
        user_roles r1_0 
    join
        role r1_1 
            on r1_1.role_id=r1_0.role_id 
    where
        r1_0.user_id=?
2023-11-30T01:05:28.657-07:00  INFO 36396 --- [http-nio-8080-exec-5] c.c.c.security.JwtAuthenticationFilter   : Authorities: [ROLE_USER, ROLE_ADMIN]
2023-11-30T01:05:28.657-07:00  INFO 36396 --- [http-nio-8080-exec-2] c.c.c.security.JwtAuthenticationFilter   : Authorities: [ROLE_USER, ROLE_ADMIN]
2023-11-30T01:05:28.657-07:00  INFO 36396 --- [http-nio-8080-exec-4] c.c.c.security.JwtAuthenticationFilter   : Authorities: [ROLE_USER, ROLE_ADMIN]
2023-11-30T01:05:28.657-07:00  INFO 36396 --- [http-nio-8080-exec-7] c.c.c.security.JwtAuthenticationFilter   : Authorities: [ROLE_USER, ROLE_ADMIN]
2023-11-30T01:05:28.657-07:00  INFO 36396 --- [http-nio-8080-exec-10] c.c.c.security.JwtAuthenticationFilter   : Authorities: [ROLE_USER, ROLE_ADMIN]
2023-11-30T01:05:28.657-07:00  INFO 36396 --- [http-nio-8080-exec-5] c.c.c.security.JwtAuthenticationFilter   : SecurityContextImpl [Authentication=UsernamePasswordAuthenticationToken [Principal=Admin1, Credentials=[PROTECTED], Authenticated=true, Details=WebAuthenticationDetails [RemoteIpAddress=0:0:0:0:0:0:0:1, SessionId=null], Granted Authorities=[ROLE_USER, ROLE_ADMIN]]]
2023-11-30T01:05:28.657-07:00  INFO 36396 --- [http-nio-8080-exec-4] c.c.c.security.JwtAuthenticationFilter   : SecurityContextImpl [Authentication=UsernamePasswordAuthenticationToken [Principal=Admin1, Credentials=[PROTECTED], Authenticated=true, Details=WebAuthenticationDetails [RemoteIpAddress=0:0:0:0:0:0:0:1, SessionId=null], Granted Authorities=[ROLE_USER, ROLE_ADMIN]]]
2023-11-30T01:05:28.657-07:00  INFO 36396 --- [http-nio-8080-exec-2] c.c.c.security.JwtAuthenticationFilter   : SecurityContextImpl [Authentication=UsernamePasswordAuthenticationToken [Principal=Admin1, Credentials=[PROTECTED], Authenticated=true, Details=WebAuthenticationDetails [RemoteIpAddress=0:0:0:0:0:0:0:1, SessionId=null], Granted Authorities=[ROLE_USER, ROLE_ADMIN]]]
2023-11-30T01:05:28.657-07:00  INFO 36396 --- [http-nio-8080-exec-7] c.c.c.security.JwtAuthenticationFilter   : SecurityContextImpl [Authentication=UsernamePasswordAuthenticationToken [Principal=Admin1, Credentials=[PROTECTED], Authenticated=true, Details=WebAuthenticationDetails [RemoteIpAddress=0:0:0:0:0:0:0:1, SessionId=null], Granted Authorities=[ROLE_USER, ROLE_ADMIN]]]
2023-11-30T01:05:28.657-07:00  INFO 36396 --- [http-nio-8080-exec-10] c.c.c.security.JwtAuthenticationFilter   : SecurityContextImpl [Authentication=UsernamePasswordAuthenticationToken [Principal=Admin1, Credentials=[PROTECTED], Authenticated=true, Details=WebAuthenticationDetails [RemoteIpAddress=0:0:0:0:0:0:0:1, SessionId=null], Granted Authorities=[ROLE_USER, ROLE_ADMIN]]]
2023-11-30T01:05:28.657-07:00  INFO 36396 --- [http-nio-8080-exec-8] c.c.c.security.JwtAuthenticationFilter   : Authorities: [ROLE_USER, ROLE_ADMIN]
2023-11-30T01:05:28.657-07:00  INFO 36396 --- [http-nio-8080-exec-8] c.c.c.security.JwtAuthenticationFilter   : SecurityContextImpl [Authentication=UsernamePasswordAuthenticationToken [Principal=Admin1, Credentials=[PROTECTED], Authenticated=true, Details=WebAuthenticationDetails [RemoteIpAddress=0:0:0:0:0:0:0:1, SessionId=null], Granted Authorities=[ROLE_USER, ROLE_ADMIN]]]
2023-11-30T01:05:28.658-07:00 DEBUG 36396 --- [http-nio-8080-exec-8] o.s.security.web.FilterChainProxy        : Secured GET /api/images/movie/17
2023-11-30T01:05:28.658-07:00 DEBUG 36396 --- [http-nio-8080-exec-2] o.s.security.web.FilterChainProxy        : Secured GET /api/images/movie/13
2023-11-30T01:05:28.658-07:00 DEBUG 36396 --- [http-nio-8080-exec-5] o.s.security.web.FilterChainProxy        : Secured GET /api/images/movie/16
2023-11-30T01:05:28.658-07:00 DEBUG 36396 --- [http-nio-8080-exec-4] o.s.security.web.FilterChainProxy        : Secured GET /api/images/movie/12
2023-11-30T01:05:28.659-07:00 DEBUG 36396 --- [http-nio-8080-exec-7] o.s.security.web.FilterChainProxy        : Secured GET /api/images/movie/15
2023-11-30T01:05:28.659-07:00 DEBUG 36396 --- [http-nio-8080-exec-10] o.s.security.web.FilterChainProxy        : Secured GET /api/images/movie/14
2023-11-30T01:05:28.659-07:00 DEBUG 36396 --- [http-nio-8080-exec-4] horizationManagerBeforeMethodInterceptor : Authorizing method invocation ReflectiveMethodInvocation: public org.springframework.http.ResponseEntity com.cm.cinematchapp.controllers.ImageController.getMoviePoster(java.lang.Long) throws java.io.IOException; target is of class [com.cm.cinematchapp.controllers.ImageController]
2023-11-30T01:05:28.659-07:00 DEBUG 36396 --- [http-nio-8080-exec-5] horizationManagerBeforeMethodInterceptor : Authorizing method invocation ReflectiveMethodInvocation: public org.springframework.http.ResponseEntity com.cm.cinematchapp.controllers.ImageController.getMoviePoster(java.lang.Long) throws java.io.IOException; target is of class [com.cm.cinematchapp.controllers.ImageController]
2023-11-30T01:05:28.659-07:00 DEBUG 36396 --- [http-nio-8080-exec-8] horizationManagerBeforeMethodInterceptor : Authorizing method invocation ReflectiveMethodInvocation: public org.springframework.http.ResponseEntity com.cm.cinematchapp.controllers.ImageController.getMoviePoster(java.lang.Long) throws java.io.IOException; target is of class [com.cm.cinematchapp.controllers.ImageController]
2023-11-30T01:05:28.659-07:00 DEBUG 36396 --- [http-nio-8080-exec-7] horizationManagerBeforeMethodInterceptor : Authorizing method invocation ReflectiveMethodInvocation: public org.springframework.http.ResponseEntity com.cm.cinematchapp.controllers.ImageController.getMoviePoster(java.lang.Long) throws java.io.IOException; target is of class [com.cm.cinematchapp.controllers.ImageController]
2023-11-30T01:05:28.659-07:00 DEBUG 36396 --- [http-nio-8080-exec-2] horizationManagerBeforeMethodInterceptor : Authorizing method invocation ReflectiveMethodInvocation: public org.springframework.http.ResponseEntity com.cm.cinematchapp.controllers.ImageController.getMoviePoster(java.lang.Long) throws java.io.IOException; target is of class [com.cm.cinematchapp.controllers.ImageController]
2023-11-30T01:05:28.659-07:00 DEBUG 36396 --- [http-nio-8080-exec-4] horizationManagerBeforeMethodInterceptor : Authorized method invocation ReflectiveMethodInvocation: public org.springframework.http.ResponseEntity com.cm.cinematchapp.controllers.ImageController.getMoviePoster(java.lang.Long) throws java.io.IOException; target is of class [com.cm.cinematchapp.controllers.ImageController]
2023-11-30T01:05:28.659-07:00 DEBUG 36396 --- [http-nio-8080-exec-5] horizationManagerBeforeMethodInterceptor : Authorized method invocation ReflectiveMethodInvocation: public org.springframework.http.ResponseEntity com.cm.cinematchapp.controllers.ImageController.getMoviePoster(java.lang.Long) throws java.io.IOException; target is of class [com.cm.cinematchapp.controllers.ImageController]
2023-11-30T01:05:28.659-07:00 DEBUG 36396 --- [http-nio-8080-exec-8] horizationManagerBeforeMethodInterceptor : Authorized method invocation ReflectiveMethodInvocation: public org.springframework.http.ResponseEntity com.cm.cinematchapp.controllers.ImageController.getMoviePoster(java.lang.Long) throws java.io.IOException; target is of class [com.cm.cinematchapp.controllers.ImageController]
2023-11-30T01:05:28.659-07:00 DEBUG 36396 --- [http-nio-8080-exec-2] horizationManagerBeforeMethodInterceptor : Authorized method invocation ReflectiveMethodInvocation: public org.springframework.http.ResponseEntity com.cm.cinematchapp.controllers.ImageController.getMoviePoster(java.lang.Long) throws java.io.IOException; target is of class [com.cm.cinematchapp.controllers.ImageController]
2023-11-30T01:05:28.659-07:00 DEBUG 36396 --- [http-nio-8080-exec-10] horizationManagerBeforeMethodInterceptor : Authorizing method invocation ReflectiveMethodInvocation: public org.springframework.http.ResponseEntity com.cm.cinematchapp.controllers.ImageController.getMoviePoster(java.lang.Long) throws java.io.IOException; target is of class [com.cm.cinematchapp.controllers.ImageController]
2023-11-30T01:05:28.659-07:00 DEBUG 36396 --- [http-nio-8080-exec-7] horizationManagerBeforeMethodInterceptor : Authorized method invocation ReflectiveMethodInvocation: public org.springframework.http.ResponseEntity com.cm.cinematchapp.controllers.ImageController.getMoviePoster(java.lang.Long) throws java.io.IOException; target is of class [com.cm.cinematchapp.controllers.ImageController]
2023-11-30T01:05:28.659-07:00 DEBUG 36396 --- [http-nio-8080-exec-10] horizationManagerBeforeMethodInterceptor : Authorized method invocation ReflectiveMethodInvocation: public org.springframework.http.ResponseEntity com.cm.cinematchapp.controllers.ImageController.getMoviePoster(java.lang.Long) throws java.io.IOException; target is of class [com.cm.cinematchapp.controllers.ImageController]
2023-11-30T01:05:28.660-07:00 DEBUG 36396 --- [http-nio-8080-exec-8] org.hibernate.SQL                        : 
    select
        m1_0.movie_id,
        m1_0.description,
        m1_0.poster_id,
        m1_0.rated,
        m1_0.title,
        m1_0.year 
    from
        movie m1_0 
    where
        m1_0.movie_id=?
2023-11-30T01:05:28.660-07:00 DEBUG 36396 --- [http-nio-8080-exec-7] org.hibernate.SQL                        : 
    select
        m1_0.movie_id,
        m1_0.description,
        m1_0.poster_id,
        m1_0.rated,
        m1_0.title,
        m1_0.year 
    from
        movie m1_0 
    where
        m1_0.movie_id=?
2023-11-30T01:05:28.660-07:00 DEBUG 36396 --- [http-nio-8080-exec-2] org.hibernate.SQL                        : 
    select
        m1_0.movie_id,
        m1_0.description,
        m1_0.poster_id,
        m1_0.rated,
        m1_0.title,
        m1_0.year 
    from
        movie m1_0 
    where
        m1_0.movie_id=?
2023-11-30T01:05:28.660-07:00 DEBUG 36396 --- [http-nio-8080-exec-4] org.hibernate.SQL                        : 
    select
        m1_0.movie_id,
        m1_0.description,
        m1_0.poster_id,
        m1_0.rated,
        m1_0.title,
        m1_0.year 
    from
        movie m1_0 
    where
        m1_0.movie_id=?
2023-11-30T01:05:28.660-07:00 DEBUG 36396 --- [http-nio-8080-exec-5] org.hibernate.SQL                        : 
    select
        m1_0.movie_id,
        m1_0.description,
        m1_0.poster_id,
        m1_0.rated,
        m1_0.title,
        m1_0.year 
    from
        movie m1_0 
    where
        m1_0.movie_id=?
2023-11-30T01:05:28.661-07:00 DEBUG 36396 --- [http-nio-8080-exec-10] org.hibernate.SQL                        : 
    select
        m1_0.movie_id,
        m1_0.description,
        m1_0.poster_id,
        m1_0.rated,
        m1_0.title,
        m1_0.year 
    from
        movie m1_0 
    where
        m1_0.movie_id=?
2023-11-30T01:05:28.661-07:00 DEBUG 36396 --- [http-nio-8080-exec-2] org.hibernate.SQL                        : 
    select
        m1_0.poster_id,
        m1_0.file_name,
        m1_0.path,
        m1_0.file_size 
    from
        movie_poster m1_0 
    where
        m1_0.poster_id=?
2023-11-30T01:05:28.661-07:00 DEBUG 36396 --- [http-nio-8080-exec-4] org.hibernate.SQL                        : 
    select
        m1_0.poster_id,
        m1_0.file_name,
        m1_0.path,
        m1_0.file_size 
    from
        movie_poster m1_0 
    where
        m1_0.poster_id=?
2023-11-30T01:05:28.661-07:00 DEBUG 36396 --- [http-nio-8080-exec-7] org.hibernate.SQL                        : 
    select
        m1_0.poster_id,
        m1_0.file_name,
        m1_0.path,
        m1_0.file_size 
    from
        movie_poster m1_0 
    where
        m1_0.poster_id=?
2023-11-30T01:05:28.661-07:00 DEBUG 36396 --- [http-nio-8080-exec-5] org.hibernate.SQL                        : 
    select
        m1_0.poster_id,
        m1_0.file_name,
        m1_0.path,
        m1_0.file_size 
    from
        movie_poster m1_0 
    where
        m1_0.poster_id=?
2023-11-30T01:05:28.661-07:00 DEBUG 36396 --- [http-nio-8080-exec-8] org.hibernate.SQL                        : 
    select
        m1_0.poster_id,
        m1_0.file_name,
        m1_0.path,
        m1_0.file_size 
    from
        movie_poster m1_0 
    where
        m1_0.poster_id=?
2023-11-30T01:05:28.661-07:00 DEBUG 36396 --- [http-nio-8080-exec-10] org.hibernate.SQL                        : 
    select
        m1_0.poster_id,
        m1_0.file_name,
        m1_0.path,
        m1_0.file_size 
    from
        movie_poster m1_0 
    where
        m1_0.poster_id=?
2023-11-30T01:05:28.667-07:00 DEBUG 36396 --- [http-nio-8080-exec-6] o.s.security.web.FilterChainProxy        : Securing GET /api/images/movie/18
2023-11-30T01:05:28.667-07:00 DEBUG 36396 --- [http-nio-8080-exec-9] o.s.security.web.FilterChainProxy        : Securing GET /api/images/movie/19
2023-11-30T01:05:28.667-07:00  INFO 36396 --- [http-nio-8080-exec-6] c.c.c.security.JwtAuthenticationFilter   : authToken:eyJ0eXAiOiJKV1QiLCJhbGciOiJIUzI1NiJ9.eyJleHAiOjE3MDEzMzQ3NjAsInVzZXJuYW1lIjoiQWRtaW4xIn0.8zFzAfL_tmmn_VPovheH85S05JsisWdt-rL_iZu2uKs
2023-11-30T01:05:28.667-07:00  INFO 36396 --- [http-nio-8080-exec-9] c.c.c.security.JwtAuthenticationFilter   : authToken:eyJ0eXAiOiJKV1QiLCJhbGciOiJIUzI1NiJ9.eyJleHAiOjE3MDEzMzQ3NjAsInVzZXJuYW1lIjoiQWRtaW4xIn0.8zFzAfL_tmmn_VPovheH85S05JsisWdt-rL_iZu2uKs
2023-11-30T01:05:28.667-07:00  INFO 36396 --- [http-nio-8080-exec-6] c.c.c.security.JwtAuthenticationFilter   : username: Admin1
2023-11-30T01:05:28.667-07:00  INFO 36396 --- [http-nio-8080-exec-9] c.c.c.security.JwtAuthenticationFilter   : username: Admin1
2023-11-30T01:05:28.669-07:00 DEBUG 36396 --- [http-nio-8080-exec-9] org.hibernate.SQL                        : 
    select
        u1_0.user_id,
        u1_0.avatar_id,
        u1_0.email,
        u1_0.first_name,
        u1_0.last_name,
        u1_0.password,
        u1_0.username 
    from
        user u1_0 
    where
        upper(u1_0.username)=upper(?)
2023-11-30T01:05:28.669-07:00 DEBUG 36396 --- [http-nio-8080-exec-6] org.hibernate.SQL                        : 
    select
        u1_0.user_id,
        u1_0.avatar_id,
        u1_0.email,
        u1_0.first_name,
        u1_0.last_name,
        u1_0.password,
        u1_0.username 
    from
        user u1_0 
    where
        upper(u1_0.username)=upper(?)
2023-11-30T01:05:28.670-07:00 DEBUG 36396 --- [http-nio-8080-exec-6] org.hibernate.SQL                        : 
    select
        r1_0.user_id,
        r1_1.role_id,
        r1_1.name 
    from
        user_roles r1_0 
    join
        role r1_1 
            on r1_1.role_id=r1_0.role_id 
    where
        r1_0.user_id=?
2023-11-30T01:05:28.670-07:00 DEBUG 36396 --- [http-nio-8080-exec-9] org.hibernate.SQL                        : 
    select
        r1_0.user_id,
        r1_1.role_id,
        r1_1.name 
    from
        user_roles r1_0 
    join
        role r1_1 
            on r1_1.role_id=r1_0.role_id 
    where
        r1_0.user_id=?
2023-11-30T01:05:28.671-07:00  INFO 36396 --- [http-nio-8080-exec-6] c.c.c.security.JwtAuthenticationFilter   : Authorities: [ROLE_USER, ROLE_ADMIN]
2023-11-30T01:05:28.671-07:00  INFO 36396 --- [http-nio-8080-exec-9] c.c.c.security.JwtAuthenticationFilter   : Authorities: [ROLE_USER, ROLE_ADMIN]
2023-11-30T01:05:28.671-07:00  INFO 36396 --- [http-nio-8080-exec-6] c.c.c.security.JwtAuthenticationFilter   : SecurityContextImpl [Authentication=UsernamePasswordAuthenticationToken [Principal=Admin1, Credentials=[PROTECTED], Authenticated=true, Details=WebAuthenticationDetails [RemoteIpAddress=0:0:0:0:0:0:0:1, SessionId=null], Granted Authorities=[ROLE_USER, ROLE_ADMIN]]]
2023-11-30T01:05:28.671-07:00  INFO 36396 --- [http-nio-8080-exec-9] c.c.c.security.JwtAuthenticationFilter   : SecurityContextImpl [Authentication=UsernamePasswordAuthenticationToken [Principal=Admin1, Credentials=[PROTECTED], Authenticated=true, Details=WebAuthenticationDetails [RemoteIpAddress=0:0:0:0:0:0:0:1, SessionId=null], Granted Authorities=[ROLE_USER, ROLE_ADMIN]]]
2023-11-30T01:05:28.672-07:00 DEBUG 36396 --- [http-nio-8080-exec-9] o.s.security.web.FilterChainProxy        : Secured GET /api/images/movie/19
2023-11-30T01:05:28.672-07:00 DEBUG 36396 --- [http-nio-8080-exec-6] o.s.security.web.FilterChainProxy        : Secured GET /api/images/movie/18
2023-11-30T01:05:28.673-07:00 DEBUG 36396 --- [http-nio-8080-exec-9] horizationManagerBeforeMethodInterceptor : Authorizing method invocation ReflectiveMethodInvocation: public org.springframework.http.ResponseEntity com.cm.cinematchapp.controllers.ImageController.getMoviePoster(java.lang.Long) throws java.io.IOException; target is of class [com.cm.cinematchapp.controllers.ImageController]
2023-11-30T01:05:28.673-07:00 DEBUG 36396 --- [http-nio-8080-exec-6] horizationManagerBeforeMethodInterceptor : Authorizing method invocation ReflectiveMethodInvocation: public org.springframework.http.ResponseEntity com.cm.cinematchapp.controllers.ImageController.getMoviePoster(java.lang.Long) throws java.io.IOException; target is of class [com.cm.cinematchapp.controllers.ImageController]
2023-11-30T01:05:28.673-07:00 DEBUG 36396 --- [http-nio-8080-exec-9] horizationManagerBeforeMethodInterceptor : Authorized method invocation ReflectiveMethodInvocation: public org.springframework.http.ResponseEntity com.cm.cinematchapp.controllers.ImageController.getMoviePoster(java.lang.Long) throws java.io.IOException; target is of class [com.cm.cinematchapp.controllers.ImageController]
2023-11-30T01:05:28.673-07:00 DEBUG 36396 --- [http-nio-8080-exec-6] horizationManagerBeforeMethodInterceptor : Authorized method invocation ReflectiveMethodInvocation: public org.springframework.http.ResponseEntity com.cm.cinematchapp.controllers.ImageController.getMoviePoster(java.lang.Long) throws java.io.IOException; target is of class [com.cm.cinematchapp.controllers.ImageController]
2023-11-30T01:05:28.674-07:00 DEBUG 36396 --- [http-nio-8080-exec-9] org.hibernate.SQL                        : 
    select
        m1_0.movie_id,
        m1_0.description,
        m1_0.poster_id,
        m1_0.rated,
        m1_0.title,
        m1_0.year 
    from
        movie m1_0 
    where
        m1_0.movie_id=?
2023-11-30T01:05:28.674-07:00 DEBUG 36396 --- [http-nio-8080-exec-6] org.hibernate.SQL                        : 
    select
        m1_0.movie_id,
        m1_0.description,
        m1_0.poster_id,
        m1_0.rated,
        m1_0.title,
        m1_0.year 
    from
        movie m1_0 
    where
        m1_0.movie_id=?
2023-11-30T01:05:28.674-07:00 DEBUG 36396 --- [http-nio-8080-exec-6] org.hibernate.SQL                        : 
    select
        m1_0.poster_id,
        m1_0.file_name,
        m1_0.path,
        m1_0.file_size 
    from
        movie_poster m1_0 
    where
        m1_0.poster_id=?
2023-11-30T01:05:28.674-07:00 DEBUG 36396 --- [http-nio-8080-exec-9] org.hibernate.SQL                        : 
    select
        m1_0.poster_id,
        m1_0.file_name,
        m1_0.path,
        m1_0.file_size 
    from
        movie_poster m1_0 
    where
        m1_0.poster_id=?
2023-11-30T01:05:37.234-07:00 DEBUG 36396 --- [http-nio-8080-exec-1] o.s.security.web.FilterChainProxy        : Securing OPTIONS /api/entities/movies
2023-11-30T01:05:37.237-07:00 DEBUG 36396 --- [http-nio-8080-exec-3] o.s.security.web.FilterChainProxy        : Securing GET /api/entities/movies
2023-11-30T01:05:37.237-07:00  INFO 36396 --- [http-nio-8080-exec-3] c.c.c.security.JwtAuthenticationFilter   : authToken:eyJ0eXAiOiJKV1QiLCJhbGciOiJIUzI1NiJ9.eyJleHAiOjE3MDEzMzQ3NjAsInVzZXJuYW1lIjoiQWRtaW4xIn0.8zFzAfL_tmmn_VPovheH85S05JsisWdt-rL_iZu2uKs
2023-11-30T01:05:37.237-07:00  INFO 36396 --- [http-nio-8080-exec-3] c.c.c.security.JwtAuthenticationFilter   : username: Admin1
2023-11-30T01:05:37.239-07:00 DEBUG 36396 --- [http-nio-8080-exec-3] org.hibernate.SQL                        : 
    select
        u1_0.user_id,
        u1_0.avatar_id,
        u1_0.email,
        u1_0.first_name,
        u1_0.last_name,
        u1_0.password,
        u1_0.username 
    from
        user u1_0 
    where
        upper(u1_0.username)=upper(?)
2023-11-30T01:05:37.240-07:00 DEBUG 36396 --- [http-nio-8080-exec-3] org.hibernate.SQL                        : 
    select
        r1_0.user_id,
        r1_1.role_id,
        r1_1.name 
    from
        user_roles r1_0 
    join
        role r1_1 
            on r1_1.role_id=r1_0.role_id 
    where
        r1_0.user_id=?
2023-11-30T01:05:37.241-07:00  INFO 36396 --- [http-nio-8080-exec-3] c.c.c.security.JwtAuthenticationFilter   : Authorities: [ROLE_USER, ROLE_ADMIN]
2023-11-30T01:05:37.241-07:00  INFO 36396 --- [http-nio-8080-exec-3] c.c.c.security.JwtAuthenticationFilter   : SecurityContextImpl [Authentication=UsernamePasswordAuthenticationToken [Principal=Admin1, Credentials=[PROTECTED], Authenticated=true, Details=WebAuthenticationDetails [RemoteIpAddress=0:0:0:0:0:0:0:1, SessionId=null], Granted Authorities=[ROLE_USER, ROLE_ADMIN]]]
2023-11-30T01:05:37.242-07:00 DEBUG 36396 --- [http-nio-8080-exec-3] o.s.security.web.FilterChainProxy        : Secured GET /api/entities/movies
2023-11-30T01:05:37.242-07:00 DEBUG 36396 --- [http-nio-8080-exec-3] horizationManagerBeforeMethodInterceptor : Authorizing method invocation ReflectiveMethodInvocation: public org.springframework.http.ResponseEntity com.cm.cinematchapp.controllers.EntityController.getAllMovies(); target is of class [com.cm.cinematchapp.controllers.EntityController]
2023-11-30T01:05:37.242-07:00 DEBUG 36396 --- [http-nio-8080-exec-3] horizationManagerBeforeMethodInterceptor : Authorized method invocation ReflectiveMethodInvocation: public org.springframework.http.ResponseEntity com.cm.cinematchapp.controllers.EntityController.getAllMovies(); target is of class [com.cm.cinematchapp.controllers.EntityController]
2023-11-30T01:05:37.243-07:00 DEBUG 36396 --- [http-nio-8080-exec-3] org.hibernate.SQL                        : 
    select
        m1_0.movie_id,
        m1_0.description,
        m1_0.poster_id,
        m1_0.rated,
        m1_0.title,
        m1_0.year 
    from
        movie m1_0
2023-11-30T01:05:37.244-07:00 DEBUG 36396 --- [http-nio-8080-exec-3] org.hibernate.SQL                        : 
    select
        m1_0.poster_id,
        m1_0.file_name,
        m1_0.path,
        m1_0.file_size 
    from
        movie_poster m1_0 
    where
        m1_0.poster_id=?
2023-11-30T01:05:37.244-07:00 DEBUG 36396 --- [http-nio-8080-exec-3] org.hibernate.SQL                        : 
    select
        m1_0.poster_id,
        m1_0.file_name,
        m1_0.path,
        m1_0.file_size 
    from
        movie_poster m1_0 
    where
        m1_0.poster_id=?
2023-11-30T01:05:37.245-07:00 DEBUG 36396 --- [http-nio-8080-exec-3] org.hibernate.SQL                        : 
    select
        m1_0.poster_id,
        m1_0.file_name,
        m1_0.path,
        m1_0.file_size 
    from
        movie_poster m1_0 
    where
        m1_0.poster_id=?
2023-11-30T01:05:37.246-07:00 DEBUG 36396 --- [http-nio-8080-exec-3] org.hibernate.SQL                        : 
    select
        m1_0.poster_id,
        m1_0.file_name,
        m1_0.path,
        m1_0.file_size 
    from
        movie_poster m1_0 
    where
        m1_0.poster_id=?
2023-11-30T01:05:37.246-07:00 DEBUG 36396 --- [http-nio-8080-exec-3] org.hibernate.SQL                        : 
    select
        m1_0.poster_id,
        m1_0.file_name,
        m1_0.path,
        m1_0.file_size 
    from
        movie_poster m1_0 
    where
        m1_0.poster_id=?
2023-11-30T01:05:37.246-07:00 DEBUG 36396 --- [http-nio-8080-exec-3] org.hibernate.SQL                        : 
    select
        m1_0.poster_id,
        m1_0.file_name,
        m1_0.path,
        m1_0.file_size 
    from
        movie_poster m1_0 
    where
        m1_0.poster_id=?
2023-11-30T01:05:37.247-07:00 DEBUG 36396 --- [http-nio-8080-exec-3] org.hibernate.SQL                        : 
    select
        m1_0.poster_id,
        m1_0.file_name,
        m1_0.path,
        m1_0.file_size 
    from
        movie_poster m1_0 
    where
        m1_0.poster_id=?
2023-11-30T01:05:37.247-07:00 DEBUG 36396 --- [http-nio-8080-exec-3] org.hibernate.SQL                        : 
    select
        m1_0.poster_id,
        m1_0.file_name,
        m1_0.path,
        m1_0.file_size 
    from
        movie_poster m1_0 
    where
        m1_0.poster_id=?
2023-11-30T01:05:37.248-07:00 DEBUG 36396 --- [http-nio-8080-exec-3] org.hibernate.SQL                        : 
    select
        m1_0.poster_id,
        m1_0.file_name,
        m1_0.path,
        m1_0.file_size 
    from
        movie_poster m1_0 
    where
        m1_0.poster_id=?
2023-11-30T01:05:37.248-07:00 DEBUG 36396 --- [http-nio-8080-exec-3] org.hibernate.SQL                        : 
    select
        m1_0.poster_id,
        m1_0.file_name,
        m1_0.path,
        m1_0.file_size 
    from
        movie_poster m1_0 
    where
        m1_0.poster_id=?
2023-11-30T01:05:37.249-07:00 DEBUG 36396 --- [http-nio-8080-exec-3] org.hibernate.SQL                        : 
    select
        m1_0.poster_id,
        m1_0.file_name,
        m1_0.path,
        m1_0.file_size 
    from
        movie_poster m1_0 
    where
        m1_0.poster_id=?
2023-11-30T01:05:37.249-07:00 DEBUG 36396 --- [http-nio-8080-exec-3] org.hibernate.SQL                        : 
    select
        m1_0.poster_id,
        m1_0.file_name,
        m1_0.path,
        m1_0.file_size 
    from
        movie_poster m1_0 
    where
        m1_0.poster_id=?
2023-11-30T01:05:37.250-07:00 DEBUG 36396 --- [http-nio-8080-exec-3] org.hibernate.SQL                        : 
    select
        m1_0.poster_id,
        m1_0.file_name,
        m1_0.path,
        m1_0.file_size 
    from
        movie_poster m1_0 
    where
        m1_0.poster_id=?
2023-11-30T01:05:37.250-07:00 DEBUG 36396 --- [http-nio-8080-exec-3] org.hibernate.SQL                        : 
    select
        m1_0.poster_id,
        m1_0.file_name,
        m1_0.path,
        m1_0.file_size 
    from
        movie_poster m1_0 
    where
        m1_0.poster_id=?
2023-11-30T01:05:37.257-07:00 DEBUG 36396 --- [http-nio-8080-exec-3] org.hibernate.SQL                        : 
    select
        c1_0.streaming_info_id,
        c1_0.link,
        c1_0.service,
        c1_0.streaming_type 
    from
        country_info c1_0 
    where
        c1_0.streaming_info_id=?
2023-11-30T01:05:37.259-07:00 DEBUG 36396 --- [http-nio-8080-exec-3] org.hibernate.SQL                        : 
    select
        c1_0.streaming_info_id,
        c1_0.link,
        c1_0.service,
        c1_0.streaming_type 
    from
        country_info c1_0 
    where
        c1_0.streaming_info_id=?
2023-11-30T01:05:37.261-07:00 DEBUG 36396 --- [http-nio-8080-exec-3] org.hibernate.SQL                        : 
    select
        c1_0.streaming_info_id,
        c1_0.link,
        c1_0.service,
        c1_0.streaming_type 
    from
        country_info c1_0 
    where
        c1_0.streaming_info_id=?
2023-11-30T01:05:37.262-07:00 DEBUG 36396 --- [http-nio-8080-exec-3] org.hibernate.SQL                        : 
    select
        c1_0.streaming_info_id,
        c1_0.link,
        c1_0.service,
        c1_0.streaming_type 
    from
        country_info c1_0 
    where
        c1_0.streaming_info_id=?
2023-11-30T01:05:37.264-07:00 DEBUG 36396 --- [http-nio-8080-exec-3] org.hibernate.SQL                        : 
    select
        c1_0.streaming_info_id,
        c1_0.link,
        c1_0.service,
        c1_0.streaming_type 
    from
        country_info c1_0 
    where
        c1_0.streaming_info_id=?
2023-11-30T01:05:37.284-07:00 DEBUG 36396 --- [http-nio-8080-exec-3] org.hibernate.SQL                        : 
    select
        c1_0.streaming_info_id,
        c1_0.link,
        c1_0.service,
        c1_0.streaming_type 
    from
        country_info c1_0 
    where
        c1_0.streaming_info_id=?
2023-11-30T01:05:37.297-07:00 DEBUG 36396 --- [http-nio-8080-exec-3] org.hibernate.SQL                        : 
    select
        c1_0.streaming_info_id,
        c1_0.link,
        c1_0.service,
        c1_0.streaming_type 
    from
        country_info c1_0 
    where
        c1_0.streaming_info_id=?
2023-11-30T01:05:37.308-07:00 DEBUG 36396 --- [http-nio-8080-exec-3] org.hibernate.SQL                        : 
    select
        c1_0.streaming_info_id,
        c1_0.link,
        c1_0.service,
        c1_0.streaming_type 
    from
        country_info c1_0 
    where
        c1_0.streaming_info_id=?
2023-11-30T01:05:37.315-07:00 DEBUG 36396 --- [http-nio-8080-exec-3] org.hibernate.SQL                        : 
    select
        c1_0.streaming_info_id,
        c1_0.link,
        c1_0.service,
        c1_0.streaming_type 
    from
        country_info c1_0 
    where
        c1_0.streaming_info_id=?
2023-11-30T01:05:37.323-07:00 DEBUG 36396 --- [http-nio-8080-exec-3] org.hibernate.SQL                        : 
    select
        c1_0.streaming_info_id,
        c1_0.link,
        c1_0.service,
        c1_0.streaming_type 
    from
        country_info c1_0 
    where
        c1_0.streaming_info_id=?
2023-11-30T01:05:37.367-07:00 DEBUG 36396 --- [http-nio-8080-exec-3] org.hibernate.SQL                        : 
    select
        c1_0.streaming_info_id,
        c1_0.link,
        c1_0.service,
        c1_0.streaming_type 
    from
        country_info c1_0 
    where
        c1_0.streaming_info_id=?
2023-11-30T01:05:37.389-07:00 DEBUG 36396 --- [http-nio-8080-exec-3] org.hibernate.SQL                        : 
    select
        c1_0.streaming_info_id,
        c1_0.link,
        c1_0.service,
        c1_0.streaming_type 
    from
        country_info c1_0 
    where
        c1_0.streaming_info_id=?
2023-11-30T01:05:37.393-07:00 DEBUG 36396 --- [http-nio-8080-exec-3] org.hibernate.SQL                        : 
    select
        c1_0.streaming_info_id,
        c1_0.link,
        c1_0.service,
        c1_0.streaming_type 
    from
        country_info c1_0 
    where
        c1_0.streaming_info_id=?
2023-11-30T01:05:37.396-07:00 DEBUG 36396 --- [http-nio-8080-exec-3] org.hibernate.SQL                        : 
    select
        c1_0.streaming_info_id,
        c1_0.link,
        c1_0.service,
        c1_0.streaming_type 
    from
        country_info c1_0 
    where
        c1_0.streaming_info_id=?
2023-11-30T01:05:37.446-07:00 DEBUG 36396 --- [http-nio-8080-exec-2] o.s.security.web.FilterChainProxy        : Securing OPTIONS /api/images/movie/1
2023-11-30T01:05:37.446-07:00 DEBUG 36396 --- [http-nio-8080-exec-7] o.s.security.web.FilterChainProxy        : Securing OPTIONS /api/images/movie/2
2023-11-30T01:05:37.450-07:00 DEBUG 36396 --- [http-nio-8080-exec-8] o.s.security.web.FilterChainProxy        : Securing OPTIONS /api/images/movie/9
2023-11-30T01:05:37.450-07:00 DEBUG 36396 --- [http-nio-8080-exec-5] o.s.security.web.FilterChainProxy        : Securing OPTIONS /api/images/movie/6
2023-11-30T01:05:37.450-07:00 DEBUG 36396 --- [http-nio-8080-exec-10] o.s.security.web.FilterChainProxy        : Securing OPTIONS /api/images/movie/5
2023-11-30T01:05:37.451-07:00 DEBUG 36396 --- [http-nio-8080-exec-4] o.s.security.web.FilterChainProxy        : Securing OPTIONS /api/images/movie/10
2023-11-30T01:05:37.453-07:00 DEBUG 36396 --- [http-nio-8080-exec-6] o.s.security.web.FilterChainProxy        : Securing OPTIONS /api/images/movie/12
2023-11-30T01:05:37.454-07:00 DEBUG 36396 --- [http-nio-8080-exec-9] o.s.security.web.FilterChainProxy        : Securing OPTIONS /api/images/movie/13
2023-11-30T01:05:37.457-07:00 DEBUG 36396 --- [http-nio-8080-exec-1] o.s.security.web.FilterChainProxy        : Securing OPTIONS /api/images/movie/14
2023-11-30T01:05:37.457-07:00 DEBUG 36396 --- [http-nio-8080-exec-2] o.s.security.web.FilterChainProxy        : Securing OPTIONS /api/images/movie/16
2023-11-30T01:05:37.457-07:00 DEBUG 36396 --- [http-nio-8080-exec-3] o.s.security.web.FilterChainProxy        : Securing OPTIONS /api/images/movie/15
2023-11-30T01:05:37.457-07:00 DEBUG 36396 --- [http-nio-8080-exec-7] o.s.security.web.FilterChainProxy        : Securing OPTIONS /api/images/movie/17
2023-11-30T01:05:37.458-07:00 DEBUG 36396 --- [http-nio-8080-exec-5] o.s.security.web.FilterChainProxy        : Securing OPTIONS /api/images/movie/18
2023-11-30T01:05:37.459-07:00 DEBUG 36396 --- [http-nio-8080-exec-8] o.s.security.web.FilterChainProxy        : Securing OPTIONS /api/images/movie/19
2023-11-30T01:05:37.463-07:00 DEBUG 36396 --- [http-nio-8080-exec-4] o.s.security.web.FilterChainProxy        : Securing GET /api/images/movie/1
2023-11-30T01:05:37.463-07:00 DEBUG 36396 --- [http-nio-8080-exec-10] o.s.security.web.FilterChainProxy        : Securing GET /api/images/movie/2
2023-11-30T01:05:37.463-07:00 DEBUG 36396 --- [http-nio-8080-exec-6] o.s.security.web.FilterChainProxy        : Securing GET /api/images/movie/9
2023-11-30T01:05:37.464-07:00 DEBUG 36396 --- [http-nio-8080-exec-9] o.s.security.web.FilterChainProxy        : Securing GET /api/images/movie/6
2023-11-30T01:05:37.464-07:00 DEBUG 36396 --- [http-nio-8080-exec-2] o.s.security.web.FilterChainProxy        : Securing GET /api/images/movie/5
2023-11-30T01:05:37.464-07:00  INFO 36396 --- [http-nio-8080-exec-4] c.c.c.security.JwtAuthenticationFilter   : authToken:eyJ0eXAiOiJKV1QiLCJhbGciOiJIUzI1NiJ9.eyJleHAiOjE3MDEzMzQ3NjAsInVzZXJuYW1lIjoiQWRtaW4xIn0.8zFzAfL_tmmn_VPovheH85S05JsisWdt-rL_iZu2uKs
2023-11-30T01:05:37.464-07:00  INFO 36396 --- [http-nio-8080-exec-6] c.c.c.security.JwtAuthenticationFilter   : authToken:eyJ0eXAiOiJKV1QiLCJhbGciOiJIUzI1NiJ9.eyJleHAiOjE3MDEzMzQ3NjAsInVzZXJuYW1lIjoiQWRtaW4xIn0.8zFzAfL_tmmn_VPovheH85S05JsisWdt-rL_iZu2uKs
2023-11-30T01:05:37.464-07:00  INFO 36396 --- [http-nio-8080-exec-10] c.c.c.security.JwtAuthenticationFilter   : authToken:eyJ0eXAiOiJKV1QiLCJhbGciOiJIUzI1NiJ9.eyJleHAiOjE3MDEzMzQ3NjAsInVzZXJuYW1lIjoiQWRtaW4xIn0.8zFzAfL_tmmn_VPovheH85S05JsisWdt-rL_iZu2uKs
2023-11-30T01:05:37.464-07:00  INFO 36396 --- [http-nio-8080-exec-9] c.c.c.security.JwtAuthenticationFilter   : authToken:eyJ0eXAiOiJKV1QiLCJhbGciOiJIUzI1NiJ9.eyJleHAiOjE3MDEzMzQ3NjAsInVzZXJuYW1lIjoiQWRtaW4xIn0.8zFzAfL_tmmn_VPovheH85S05JsisWdt-rL_iZu2uKs
2023-11-30T01:05:37.464-07:00  INFO 36396 --- [http-nio-8080-exec-2] c.c.c.security.JwtAuthenticationFilter   : authToken:eyJ0eXAiOiJKV1QiLCJhbGciOiJIUzI1NiJ9.eyJleHAiOjE3MDEzMzQ3NjAsInVzZXJuYW1lIjoiQWRtaW4xIn0.8zFzAfL_tmmn_VPovheH85S05JsisWdt-rL_iZu2uKs
2023-11-30T01:05:37.464-07:00  INFO 36396 --- [http-nio-8080-exec-4] c.c.c.security.JwtAuthenticationFilter   : username: Admin1
2023-11-30T01:05:37.464-07:00  INFO 36396 --- [http-nio-8080-exec-10] c.c.c.security.JwtAuthenticationFilter   : username: Admin1
2023-11-30T01:05:37.465-07:00  INFO 36396 --- [http-nio-8080-exec-2] c.c.c.security.JwtAuthenticationFilter   : username: Admin1
2023-11-30T01:05:37.465-07:00  INFO 36396 --- [http-nio-8080-exec-9] c.c.c.security.JwtAuthenticationFilter   : username: Admin1
2023-11-30T01:05:37.465-07:00  INFO 36396 --- [http-nio-8080-exec-6] c.c.c.security.JwtAuthenticationFilter   : username: Admin1
2023-11-30T01:05:37.465-07:00 DEBUG 36396 --- [http-nio-8080-exec-3] o.s.security.web.FilterChainProxy        : Securing GET /api/images/movie/10
2023-11-30T01:05:37.465-07:00  INFO 36396 --- [http-nio-8080-exec-3] c.c.c.security.JwtAuthenticationFilter   : authToken:eyJ0eXAiOiJKV1QiLCJhbGciOiJIUzI1NiJ9.eyJleHAiOjE3MDEzMzQ3NjAsInVzZXJuYW1lIjoiQWRtaW4xIn0.8zFzAfL_tmmn_VPovheH85S05JsisWdt-rL_iZu2uKs
2023-11-30T01:05:37.465-07:00  INFO 36396 --- [http-nio-8080-exec-3] c.c.c.security.JwtAuthenticationFilter   : username: Admin1
2023-11-30T01:05:37.468-07:00 DEBUG 36396 --- [http-nio-8080-exec-6] org.hibernate.SQL                        : 
    select
        u1_0.user_id,
        u1_0.avatar_id,
        u1_0.email,
        u1_0.first_name,
        u1_0.last_name,
        u1_0.password,
        u1_0.username 
    from
        user u1_0 
    where
        upper(u1_0.username)=upper(?)
2023-11-30T01:05:37.468-07:00 DEBUG 36396 --- [http-nio-8080-exec-2] org.hibernate.SQL                        : 
    select
        u1_0.user_id,
        u1_0.avatar_id,
        u1_0.email,
        u1_0.first_name,
        u1_0.last_name,
        u1_0.password,
        u1_0.username 
    from
        user u1_0 
    where
        upper(u1_0.username)=upper(?)
2023-11-30T01:05:37.468-07:00 DEBUG 36396 --- [http-nio-8080-exec-4] org.hibernate.SQL                        : 
    select
        u1_0.user_id,
        u1_0.avatar_id,
        u1_0.email,
        u1_0.first_name,
        u1_0.last_name,
        u1_0.password,
        u1_0.username 
    from
        user u1_0 
    where
        upper(u1_0.username)=upper(?)
2023-11-30T01:05:37.468-07:00 DEBUG 36396 --- [http-nio-8080-exec-10] org.hibernate.SQL                        : 
    select
        u1_0.user_id,
        u1_0.avatar_id,
        u1_0.email,
        u1_0.first_name,
        u1_0.last_name,
        u1_0.password,
        u1_0.username 
    from
        user u1_0 
    where
        upper(u1_0.username)=upper(?)
2023-11-30T01:05:37.468-07:00 DEBUG 36396 --- [http-nio-8080-exec-9] org.hibernate.SQL                        : 
    select
        u1_0.user_id,
        u1_0.avatar_id,
        u1_0.email,
        u1_0.first_name,
        u1_0.last_name,
        u1_0.password,
        u1_0.username 
    from
        user u1_0 
    where
        upper(u1_0.username)=upper(?)
2023-11-30T01:05:37.469-07:00 DEBUG 36396 --- [http-nio-8080-exec-3] org.hibernate.SQL                        : 
    select
        u1_0.user_id,
        u1_0.avatar_id,
        u1_0.email,
        u1_0.first_name,
        u1_0.last_name,
        u1_0.password,
        u1_0.username 
    from
        user u1_0 
    where
        upper(u1_0.username)=upper(?)
2023-11-30T01:05:37.469-07:00 DEBUG 36396 --- [http-nio-8080-exec-2] org.hibernate.SQL                        : 
    select
        r1_0.user_id,
        r1_1.role_id,
        r1_1.name 
    from
        user_roles r1_0 
    join
        role r1_1 
            on r1_1.role_id=r1_0.role_id 
    where
        r1_0.user_id=?
2023-11-30T01:05:37.469-07:00 DEBUG 36396 --- [http-nio-8080-exec-9] org.hibernate.SQL                        : 
    select
        r1_0.user_id,
        r1_1.role_id,
        r1_1.name 
    from
        user_roles r1_0 
    join
        role r1_1 
            on r1_1.role_id=r1_0.role_id 
    where
        r1_0.user_id=?
2023-11-30T01:05:37.469-07:00 DEBUG 36396 --- [http-nio-8080-exec-10] org.hibernate.SQL                        : 
    select
        r1_0.user_id,
        r1_1.role_id,
        r1_1.name 
    from
        user_roles r1_0 
    join
        role r1_1 
            on r1_1.role_id=r1_0.role_id 
    where
        r1_0.user_id=?
2023-11-30T01:05:37.469-07:00 DEBUG 36396 --- [http-nio-8080-exec-4] org.hibernate.SQL                        : 
    select
        r1_0.user_id,
        r1_1.role_id,
        r1_1.name 
    from
        user_roles r1_0 
    join
        role r1_1 
            on r1_1.role_id=r1_0.role_id 
    where
        r1_0.user_id=?
2023-11-30T01:05:37.469-07:00 DEBUG 36396 --- [http-nio-8080-exec-6] org.hibernate.SQL                        : 
    select
        r1_0.user_id,
        r1_1.role_id,
        r1_1.name 
    from
        user_roles r1_0 
    join
        role r1_1 
            on r1_1.role_id=r1_0.role_id 
    where
        r1_0.user_id=?
2023-11-30T01:05:37.469-07:00 DEBUG 36396 --- [http-nio-8080-exec-3] org.hibernate.SQL                        : 
    select
        r1_0.user_id,
        r1_1.role_id,
        r1_1.name 
    from
        user_roles r1_0 
    join
        role r1_1 
            on r1_1.role_id=r1_0.role_id 
    where
        r1_0.user_id=?
2023-11-30T01:05:37.472-07:00  INFO 36396 --- [http-nio-8080-exec-10] c.c.c.security.JwtAuthenticationFilter   : Authorities: [ROLE_USER, ROLE_ADMIN]
2023-11-30T01:05:37.472-07:00  INFO 36396 --- [http-nio-8080-exec-2] c.c.c.security.JwtAuthenticationFilter   : Authorities: [ROLE_USER, ROLE_ADMIN]
2023-11-30T01:05:37.472-07:00  INFO 36396 --- [http-nio-8080-exec-3] c.c.c.security.JwtAuthenticationFilter   : Authorities: [ROLE_USER, ROLE_ADMIN]
2023-11-30T01:05:37.472-07:00  INFO 36396 --- [http-nio-8080-exec-6] c.c.c.security.JwtAuthenticationFilter   : Authorities: [ROLE_USER, ROLE_ADMIN]
2023-11-30T01:05:37.472-07:00  INFO 36396 --- [http-nio-8080-exec-4] c.c.c.security.JwtAuthenticationFilter   : Authorities: [ROLE_USER, ROLE_ADMIN]
2023-11-30T01:05:37.472-07:00  INFO 36396 --- [http-nio-8080-exec-9] c.c.c.security.JwtAuthenticationFilter   : Authorities: [ROLE_USER, ROLE_ADMIN]
2023-11-30T01:05:37.472-07:00  INFO 36396 --- [http-nio-8080-exec-3] c.c.c.security.JwtAuthenticationFilter   : SecurityContextImpl [Authentication=UsernamePasswordAuthenticationToken [Principal=Admin1, Credentials=[PROTECTED], Authenticated=true, Details=WebAuthenticationDetails [RemoteIpAddress=0:0:0:0:0:0:0:1, SessionId=null], Granted Authorities=[ROLE_USER, ROLE_ADMIN]]]
2023-11-30T01:05:37.472-07:00  INFO 36396 --- [http-nio-8080-exec-10] c.c.c.security.JwtAuthenticationFilter   : SecurityContextImpl [Authentication=UsernamePasswordAuthenticationToken [Principal=Admin1, Credentials=[PROTECTED], Authenticated=true, Details=WebAuthenticationDetails [RemoteIpAddress=0:0:0:0:0:0:0:1, SessionId=null], Granted Authorities=[ROLE_USER, ROLE_ADMIN]]]
2023-11-30T01:05:37.472-07:00  INFO 36396 --- [http-nio-8080-exec-6] c.c.c.security.JwtAuthenticationFilter   : SecurityContextImpl [Authentication=UsernamePasswordAuthenticationToken [Principal=Admin1, Credentials=[PROTECTED], Authenticated=true, Details=WebAuthenticationDetails [RemoteIpAddress=0:0:0:0:0:0:0:1, SessionId=null], Granted Authorities=[ROLE_USER, ROLE_ADMIN]]]
2023-11-30T01:05:37.472-07:00  INFO 36396 --- [http-nio-8080-exec-2] c.c.c.security.JwtAuthenticationFilter   : SecurityContextImpl [Authentication=UsernamePasswordAuthenticationToken [Principal=Admin1, Credentials=[PROTECTED], Authenticated=true, Details=WebAuthenticationDetails [RemoteIpAddress=0:0:0:0:0:0:0:1, SessionId=null], Granted Authorities=[ROLE_USER, ROLE_ADMIN]]]
2023-11-30T01:05:37.472-07:00  INFO 36396 --- [http-nio-8080-exec-9] c.c.c.security.JwtAuthenticationFilter   : SecurityContextImpl [Authentication=UsernamePasswordAuthenticationToken [Principal=Admin1, Credentials=[PROTECTED], Authenticated=true, Details=WebAuthenticationDetails [RemoteIpAddress=0:0:0:0:0:0:0:1, SessionId=null], Granted Authorities=[ROLE_USER, ROLE_ADMIN]]]
2023-11-30T01:05:37.472-07:00  INFO 36396 --- [http-nio-8080-exec-4] c.c.c.security.JwtAuthenticationFilter   : SecurityContextImpl [Authentication=UsernamePasswordAuthenticationToken [Principal=Admin1, Credentials=[PROTECTED], Authenticated=true, Details=WebAuthenticationDetails [RemoteIpAddress=0:0:0:0:0:0:0:1, SessionId=null], Granted Authorities=[ROLE_USER, ROLE_ADMIN]]]
2023-11-30T01:05:37.474-07:00 DEBUG 36396 --- [http-nio-8080-exec-10] o.s.security.web.FilterChainProxy        : Secured GET /api/images/movie/2
2023-11-30T01:05:37.474-07:00 DEBUG 36396 --- [http-nio-8080-exec-6] o.s.security.web.FilterChainProxy        : Secured GET /api/images/movie/9
2023-11-30T01:05:37.474-07:00 DEBUG 36396 --- [http-nio-8080-exec-9] o.s.security.web.FilterChainProxy        : Secured GET /api/images/movie/6
2023-11-30T01:05:37.474-07:00 DEBUG 36396 --- [http-nio-8080-exec-4] o.s.security.web.FilterChainProxy        : Secured GET /api/images/movie/1
2023-11-30T01:05:37.474-07:00 DEBUG 36396 --- [http-nio-8080-exec-2] o.s.security.web.FilterChainProxy        : Secured GET /api/images/movie/5
2023-11-30T01:05:37.474-07:00 DEBUG 36396 --- [http-nio-8080-exec-3] o.s.security.web.FilterChainProxy        : Secured GET /api/images/movie/10
2023-11-30T01:05:37.475-07:00 DEBUG 36396 --- [http-nio-8080-exec-10] horizationManagerBeforeMethodInterceptor : Authorizing method invocation ReflectiveMethodInvocation: public org.springframework.http.ResponseEntity com.cm.cinematchapp.controllers.ImageController.getMoviePoster(java.lang.Long) throws java.io.IOException; target is of class [com.cm.cinematchapp.controllers.ImageController]
2023-11-30T01:05:37.475-07:00 DEBUG 36396 --- [http-nio-8080-exec-6] horizationManagerBeforeMethodInterceptor : Authorizing method invocation ReflectiveMethodInvocation: public org.springframework.http.ResponseEntity com.cm.cinematchapp.controllers.ImageController.getMoviePoster(java.lang.Long) throws java.io.IOException; target is of class [com.cm.cinematchapp.controllers.ImageController]
2023-11-30T01:05:37.475-07:00 DEBUG 36396 --- [http-nio-8080-exec-4] horizationManagerBeforeMethodInterceptor : Authorizing method invocation ReflectiveMethodInvocation: public org.springframework.http.ResponseEntity com.cm.cinematchapp.controllers.ImageController.getMoviePoster(java.lang.Long) throws java.io.IOException; target is of class [com.cm.cinematchapp.controllers.ImageController]
2023-11-30T01:05:37.475-07:00 DEBUG 36396 --- [http-nio-8080-exec-3] horizationManagerBeforeMethodInterceptor : Authorizing method invocation ReflectiveMethodInvocation: public org.springframework.http.ResponseEntity com.cm.cinematchapp.controllers.ImageController.getMoviePoster(java.lang.Long) throws java.io.IOException; target is of class [com.cm.cinematchapp.controllers.ImageController]
2023-11-30T01:05:37.475-07:00 DEBUG 36396 --- [http-nio-8080-exec-2] horizationManagerBeforeMethodInterceptor : Authorizing method invocation ReflectiveMethodInvocation: public org.springframework.http.ResponseEntity com.cm.cinematchapp.controllers.ImageController.getMoviePoster(java.lang.Long) throws java.io.IOException; target is of class [com.cm.cinematchapp.controllers.ImageController]
2023-11-30T01:05:37.475-07:00 DEBUG 36396 --- [http-nio-8080-exec-9] horizationManagerBeforeMethodInterceptor : Authorizing method invocation ReflectiveMethodInvocation: public org.springframework.http.ResponseEntity com.cm.cinematchapp.controllers.ImageController.getMoviePoster(java.lang.Long) throws java.io.IOException; target is of class [com.cm.cinematchapp.controllers.ImageController]
2023-11-30T01:05:37.475-07:00 DEBUG 36396 --- [http-nio-8080-exec-10] horizationManagerBeforeMethodInterceptor : Authorized method invocation ReflectiveMethodInvocation: public org.springframework.http.ResponseEntity com.cm.cinematchapp.controllers.ImageController.getMoviePoster(java.lang.Long) throws java.io.IOException; target is of class [com.cm.cinematchapp.controllers.ImageController]
2023-11-30T01:05:37.476-07:00 DEBUG 36396 --- [http-nio-8080-exec-6] horizationManagerBeforeMethodInterceptor : Authorized method invocation ReflectiveMethodInvocation: public org.springframework.http.ResponseEntity com.cm.cinematchapp.controllers.ImageController.getMoviePoster(java.lang.Long) throws java.io.IOException; target is of class [com.cm.cinematchapp.controllers.ImageController]
2023-11-30T01:05:37.476-07:00 DEBUG 36396 --- [http-nio-8080-exec-4] horizationManagerBeforeMethodInterceptor : Authorized method invocation ReflectiveMethodInvocation: public org.springframework.http.ResponseEntity com.cm.cinematchapp.controllers.ImageController.getMoviePoster(java.lang.Long) throws java.io.IOException; target is of class [com.cm.cinematchapp.controllers.ImageController]
2023-11-30T01:05:37.476-07:00 DEBUG 36396 --- [http-nio-8080-exec-2] horizationManagerBeforeMethodInterceptor : Authorized method invocation ReflectiveMethodInvocation: public org.springframework.http.ResponseEntity com.cm.cinematchapp.controllers.ImageController.getMoviePoster(java.lang.Long) throws java.io.IOException; target is of class [com.cm.cinematchapp.controllers.ImageController]
2023-11-30T01:05:37.476-07:00 DEBUG 36396 --- [http-nio-8080-exec-3] horizationManagerBeforeMethodInterceptor : Authorized method invocation ReflectiveMethodInvocation: public org.springframework.http.ResponseEntity com.cm.cinematchapp.controllers.ImageController.getMoviePoster(java.lang.Long) throws java.io.IOException; target is of class [com.cm.cinematchapp.controllers.ImageController]
2023-11-30T01:05:37.476-07:00 DEBUG 36396 --- [http-nio-8080-exec-9] horizationManagerBeforeMethodInterceptor : Authorized method invocation ReflectiveMethodInvocation: public org.springframework.http.ResponseEntity com.cm.cinematchapp.controllers.ImageController.getMoviePoster(java.lang.Long) throws java.io.IOException; target is of class [com.cm.cinematchapp.controllers.ImageController]
2023-11-30T01:05:37.478-07:00 DEBUG 36396 --- [http-nio-8080-exec-10] org.hibernate.SQL                        : 
    select
        m1_0.movie_id,
        m1_0.description,
        m1_0.poster_id,
        m1_0.rated,
        m1_0.title,
        m1_0.year 
    from
        movie m1_0 
    where
        m1_0.movie_id=?
2023-11-30T01:05:37.478-07:00 DEBUG 36396 --- [http-nio-8080-exec-2] org.hibernate.SQL                        : 
    select
        m1_0.movie_id,
        m1_0.description,
        m1_0.poster_id,
        m1_0.rated,
        m1_0.title,
        m1_0.year 
    from
        movie m1_0 
    where
        m1_0.movie_id=?
2023-11-30T01:05:37.478-07:00 DEBUG 36396 --- [http-nio-8080-exec-6] org.hibernate.SQL                        : 
    select
        m1_0.movie_id,
        m1_0.description,
        m1_0.poster_id,
        m1_0.rated,
        m1_0.title,
        m1_0.year 
    from
        movie m1_0 
    where
        m1_0.movie_id=?
2023-11-30T01:05:37.478-07:00 DEBUG 36396 --- [http-nio-8080-exec-4] org.hibernate.SQL                        : 
    select
        m1_0.movie_id,
        m1_0.description,
        m1_0.poster_id,
        m1_0.rated,
        m1_0.title,
        m1_0.year 
    from
        movie m1_0 
    where
        m1_0.movie_id=?
2023-11-30T01:05:37.478-07:00 DEBUG 36396 --- [http-nio-8080-exec-3] org.hibernate.SQL                        : 
    select
        m1_0.movie_id,
        m1_0.description,
        m1_0.poster_id,
        m1_0.rated,
        m1_0.title,
        m1_0.year 
    from
        movie m1_0 
    where
        m1_0.movie_id=?
2023-11-30T01:05:37.478-07:00 DEBUG 36396 --- [http-nio-8080-exec-9] org.hibernate.SQL                        : 
    select
        m1_0.movie_id,
        m1_0.description,
        m1_0.poster_id,
        m1_0.rated,
        m1_0.title,
        m1_0.year 
    from
        movie m1_0 
    where
        m1_0.movie_id=?
2023-11-30T01:05:37.480-07:00 DEBUG 36396 --- [http-nio-8080-exec-4] org.hibernate.SQL                        : 
    select
        m1_0.poster_id,
        m1_0.file_name,
        m1_0.path,
        m1_0.file_size 
    from
        movie_poster m1_0 
    where
        m1_0.poster_id=?
2023-11-30T01:05:37.480-07:00 DEBUG 36396 --- [http-nio-8080-exec-10] org.hibernate.SQL                        : 
    select
        m1_0.poster_id,
        m1_0.file_name,
        m1_0.path,
        m1_0.file_size 
    from
        movie_poster m1_0 
    where
        m1_0.poster_id=?
2023-11-30T01:05:37.480-07:00 DEBUG 36396 --- [http-nio-8080-exec-2] org.hibernate.SQL                        : 
    select
        m1_0.poster_id,
        m1_0.file_name,
        m1_0.path,
        m1_0.file_size 
    from
        movie_poster m1_0 
    where
        m1_0.poster_id=?
2023-11-30T01:05:37.480-07:00 DEBUG 36396 --- [http-nio-8080-exec-3] org.hibernate.SQL                        : 
    select
        m1_0.poster_id,
        m1_0.file_name,
        m1_0.path,
        m1_0.file_size 
    from
        movie_poster m1_0 
    where
        m1_0.poster_id=?
2023-11-30T01:05:37.480-07:00 DEBUG 36396 --- [http-nio-8080-exec-6] org.hibernate.SQL                        : 
    select
        m1_0.poster_id,
        m1_0.file_name,
        m1_0.path,
        m1_0.file_size 
    from
        movie_poster m1_0 
    where
        m1_0.poster_id=?
2023-11-30T01:05:37.480-07:00 DEBUG 36396 --- [http-nio-8080-exec-9] org.hibernate.SQL                        : 
    select
        m1_0.poster_id,
        m1_0.file_name,
        m1_0.path,
        m1_0.file_size 
    from
        movie_poster m1_0 
    where
        m1_0.poster_id=?
2023-11-30T01:05:37.488-07:00 DEBUG 36396 --- [http-nio-8080-exec-1] o.s.security.web.FilterChainProxy        : Securing GET /api/images/movie/12
2023-11-30T01:05:37.488-07:00 DEBUG 36396 --- [http-nio-8080-exec-7] o.s.security.web.FilterChainProxy        : Securing GET /api/images/movie/13
2023-11-30T01:05:37.489-07:00  INFO 36396 --- [http-nio-8080-exec-7] c.c.c.security.JwtAuthenticationFilter   : authToken:eyJ0eXAiOiJKV1QiLCJhbGciOiJIUzI1NiJ9.eyJleHAiOjE3MDEzMzQ3NjAsInVzZXJuYW1lIjoiQWRtaW4xIn0.8zFzAfL_tmmn_VPovheH85S05JsisWdt-rL_iZu2uKs
2023-11-30T01:05:37.489-07:00  INFO 36396 --- [http-nio-8080-exec-1] c.c.c.security.JwtAuthenticationFilter   : authToken:eyJ0eXAiOiJKV1QiLCJhbGciOiJIUzI1NiJ9.eyJleHAiOjE3MDEzMzQ3NjAsInVzZXJuYW1lIjoiQWRtaW4xIn0.8zFzAfL_tmmn_VPovheH85S05JsisWdt-rL_iZu2uKs
2023-11-30T01:05:37.489-07:00 DEBUG 36396 --- [http-nio-8080-exec-10] o.s.security.web.FilterChainProxy        : Securing GET /api/images/movie/14
2023-11-30T01:05:37.489-07:00 DEBUG 36396 --- [http-nio-8080-exec-5] o.s.security.web.FilterChainProxy        : Securing GET /api/images/movie/15
2023-11-30T01:05:37.490-07:00  INFO 36396 --- [http-nio-8080-exec-10] c.c.c.security.JwtAuthenticationFilter   : authToken:eyJ0eXAiOiJKV1QiLCJhbGciOiJIUzI1NiJ9.eyJleHAiOjE3MDEzMzQ3NjAsInVzZXJuYW1lIjoiQWRtaW4xIn0.8zFzAfL_tmmn_VPovheH85S05JsisWdt-rL_iZu2uKs
2023-11-30T01:05:37.490-07:00 DEBUG 36396 --- [http-nio-8080-exec-8] o.s.security.web.FilterChainProxy        : Securing GET /api/images/movie/16
2023-11-30T01:05:37.490-07:00  INFO 36396 --- [http-nio-8080-exec-10] c.c.c.security.JwtAuthenticationFilter   : username: Admin1
2023-11-30T01:05:37.490-07:00  INFO 36396 --- [http-nio-8080-exec-7] c.c.c.security.JwtAuthenticationFilter   : username: Admin1
2023-11-30T01:05:37.490-07:00  INFO 36396 --- [http-nio-8080-exec-1] c.c.c.security.JwtAuthenticationFilter   : username: Admin1
2023-11-30T01:05:37.490-07:00  INFO 36396 --- [http-nio-8080-exec-5] c.c.c.security.JwtAuthenticationFilter   : authToken:eyJ0eXAiOiJKV1QiLCJhbGciOiJIUzI1NiJ9.eyJleHAiOjE3MDEzMzQ3NjAsInVzZXJuYW1lIjoiQWRtaW4xIn0.8zFzAfL_tmmn_VPovheH85S05JsisWdt-rL_iZu2uKs
2023-11-30T01:05:37.491-07:00  INFO 36396 --- [http-nio-8080-exec-8] c.c.c.security.JwtAuthenticationFilter   : authToken:eyJ0eXAiOiJKV1QiLCJhbGciOiJIUzI1NiJ9.eyJleHAiOjE3MDEzMzQ3NjAsInVzZXJuYW1lIjoiQWRtaW4xIn0.8zFzAfL_tmmn_VPovheH85S05JsisWdt-rL_iZu2uKs
2023-11-30T01:05:37.491-07:00 DEBUG 36396 --- [http-nio-8080-exec-3] o.s.security.web.FilterChainProxy        : Securing GET /api/images/movie/17
2023-11-30T01:05:37.491-07:00  INFO 36396 --- [http-nio-8080-exec-3] c.c.c.security.JwtAuthenticationFilter   : authToken:eyJ0eXAiOiJKV1QiLCJhbGciOiJIUzI1NiJ9.eyJleHAiOjE3MDEzMzQ3NjAsInVzZXJuYW1lIjoiQWRtaW4xIn0.8zFzAfL_tmmn_VPovheH85S05JsisWdt-rL_iZu2uKs
2023-11-30T01:05:37.492-07:00  INFO 36396 --- [http-nio-8080-exec-3] c.c.c.security.JwtAuthenticationFilter   : username: Admin1
2023-11-30T01:05:37.492-07:00  INFO 36396 --- [http-nio-8080-exec-5] c.c.c.security.JwtAuthenticationFilter   : username: Admin1
2023-11-30T01:05:37.493-07:00  INFO 36396 --- [http-nio-8080-exec-8] c.c.c.security.JwtAuthenticationFilter   : username: Admin1
2023-11-30T01:05:37.493-07:00 DEBUG 36396 --- [http-nio-8080-exec-10] org.hibernate.SQL                        : 
    select
        u1_0.user_id,
        u1_0.avatar_id,
        u1_0.email,
        u1_0.first_name,
        u1_0.last_name,
        u1_0.password,
        u1_0.username 
    from
        user u1_0 
    where
        upper(u1_0.username)=upper(?)
2023-11-30T01:05:37.493-07:00 DEBUG 36396 --- [http-nio-8080-exec-3] org.hibernate.SQL                        : 
    select
        u1_0.user_id,
        u1_0.avatar_id,
        u1_0.email,
        u1_0.first_name,
        u1_0.last_name,
        u1_0.password,
        u1_0.username 
    from
        user u1_0 
    where
        upper(u1_0.username)=upper(?)
2023-11-30T01:05:37.494-07:00 DEBUG 36396 --- [http-nio-8080-exec-1] org.hibernate.SQL                        : 
    select
        u1_0.user_id,
        u1_0.avatar_id,
        u1_0.email,
        u1_0.first_name,
        u1_0.last_name,
        u1_0.password,
        u1_0.username 
    from
        user u1_0 
    where
        upper(u1_0.username)=upper(?)
2023-11-30T01:05:37.494-07:00 DEBUG 36396 --- [http-nio-8080-exec-7] org.hibernate.SQL                        : 
    select
        u1_0.user_id,
        u1_0.avatar_id,
        u1_0.email,
        u1_0.first_name,
        u1_0.last_name,
        u1_0.password,
        u1_0.username 
    from
        user u1_0 
    where
        upper(u1_0.username)=upper(?)
2023-11-30T01:05:37.495-07:00 DEBUG 36396 --- [http-nio-8080-exec-5] org.hibernate.SQL                        : 
    select
        u1_0.user_id,
        u1_0.avatar_id,
        u1_0.email,
        u1_0.first_name,
        u1_0.last_name,
        u1_0.password,
        u1_0.username 
    from
        user u1_0 
    where
        upper(u1_0.username)=upper(?)
2023-11-30T01:05:37.495-07:00 DEBUG 36396 --- [http-nio-8080-exec-10] org.hibernate.SQL                        : 
    select
        r1_0.user_id,
        r1_1.role_id,
        r1_1.name 
    from
        user_roles r1_0 
    join
        role r1_1 
            on r1_1.role_id=r1_0.role_id 
    where
        r1_0.user_id=?
2023-11-30T01:05:37.495-07:00 DEBUG 36396 --- [http-nio-8080-exec-7] org.hibernate.SQL                        : 
    select
        r1_0.user_id,
        r1_1.role_id,
        r1_1.name 
    from
        user_roles r1_0 
    join
        role r1_1 
            on r1_1.role_id=r1_0.role_id 
    where
        r1_0.user_id=?
2023-11-30T01:05:37.495-07:00 DEBUG 36396 --- [http-nio-8080-exec-3] org.hibernate.SQL                        : 
    select
        r1_0.user_id,
        r1_1.role_id,
        r1_1.name 
    from
        user_roles r1_0 
    join
        role r1_1 
            on r1_1.role_id=r1_0.role_id 
    where
        r1_0.user_id=?
2023-11-30T01:05:37.495-07:00 DEBUG 36396 --- [http-nio-8080-exec-1] org.hibernate.SQL                        : 
    select
        r1_0.user_id,
        r1_1.role_id,
        r1_1.name 
    from
        user_roles r1_0 
    join
        role r1_1 
            on r1_1.role_id=r1_0.role_id 
    where
        r1_0.user_id=?
2023-11-30T01:05:37.495-07:00 DEBUG 36396 --- [http-nio-8080-exec-8] org.hibernate.SQL                        : 
    select
        u1_0.user_id,
        u1_0.avatar_id,
        u1_0.email,
        u1_0.first_name,
        u1_0.last_name,
        u1_0.password,
        u1_0.username 
    from
        user u1_0 
    where
        upper(u1_0.username)=upper(?)
2023-11-30T01:05:37.496-07:00 DEBUG 36396 --- [http-nio-8080-exec-5] org.hibernate.SQL                        : 
    select
        r1_0.user_id,
        r1_1.role_id,
        r1_1.name 
    from
        user_roles r1_0 
    join
        role r1_1 
            on r1_1.role_id=r1_0.role_id 
    where
        r1_0.user_id=?
2023-11-30T01:05:37.496-07:00 DEBUG 36396 --- [http-nio-8080-exec-8] org.hibernate.SQL                        : 
    select
        r1_0.user_id,
        r1_1.role_id,
        r1_1.name 
    from
        user_roles r1_0 
    join
        role r1_1 
            on r1_1.role_id=r1_0.role_id 
    where
        r1_0.user_id=?
2023-11-30T01:05:37.496-07:00  INFO 36396 --- [http-nio-8080-exec-3] c.c.c.security.JwtAuthenticationFilter   : Authorities: [ROLE_USER, ROLE_ADMIN]
2023-11-30T01:05:37.496-07:00  INFO 36396 --- [http-nio-8080-exec-7] c.c.c.security.JwtAuthenticationFilter   : Authorities: [ROLE_USER, ROLE_ADMIN]
2023-11-30T01:05:37.496-07:00  INFO 36396 --- [http-nio-8080-exec-1] c.c.c.security.JwtAuthenticationFilter   : Authorities: [ROLE_USER, ROLE_ADMIN]
2023-11-30T01:05:37.496-07:00  INFO 36396 --- [http-nio-8080-exec-10] c.c.c.security.JwtAuthenticationFilter   : Authorities: [ROLE_USER, ROLE_ADMIN]
2023-11-30T01:05:37.496-07:00  INFO 36396 --- [http-nio-8080-exec-7] c.c.c.security.JwtAuthenticationFilter   : SecurityContextImpl [Authentication=UsernamePasswordAuthenticationToken [Principal=Admin1, Credentials=[PROTECTED], Authenticated=true, Details=WebAuthenticationDetails [RemoteIpAddress=0:0:0:0:0:0:0:1, SessionId=null], Granted Authorities=[ROLE_USER, ROLE_ADMIN]]]
2023-11-30T01:05:37.496-07:00  INFO 36396 --- [http-nio-8080-exec-1] c.c.c.security.JwtAuthenticationFilter   : SecurityContextImpl [Authentication=UsernamePasswordAuthenticationToken [Principal=Admin1, Credentials=[PROTECTED], Authenticated=true, Details=WebAuthenticationDetails [RemoteIpAddress=0:0:0:0:0:0:0:1, SessionId=null], Granted Authorities=[ROLE_USER, ROLE_ADMIN]]]
2023-11-30T01:05:37.496-07:00  INFO 36396 --- [http-nio-8080-exec-3] c.c.c.security.JwtAuthenticationFilter   : SecurityContextImpl [Authentication=UsernamePasswordAuthenticationToken [Principal=Admin1, Credentials=[PROTECTED], Authenticated=true, Details=WebAuthenticationDetails [RemoteIpAddress=0:0:0:0:0:0:0:1, SessionId=null], Granted Authorities=[ROLE_USER, ROLE_ADMIN]]]
2023-11-30T01:05:37.496-07:00  INFO 36396 --- [http-nio-8080-exec-10] c.c.c.security.JwtAuthenticationFilter   : SecurityContextImpl [Authentication=UsernamePasswordAuthenticationToken [Principal=Admin1, Credentials=[PROTECTED], Authenticated=true, Details=WebAuthenticationDetails [RemoteIpAddress=0:0:0:0:0:0:0:1, SessionId=null], Granted Authorities=[ROLE_USER, ROLE_ADMIN]]]
2023-11-30T01:05:37.497-07:00  INFO 36396 --- [http-nio-8080-exec-5] c.c.c.security.JwtAuthenticationFilter   : Authorities: [ROLE_USER, ROLE_ADMIN]
2023-11-30T01:05:37.497-07:00  INFO 36396 --- [http-nio-8080-exec-5] c.c.c.security.JwtAuthenticationFilter   : SecurityContextImpl [Authentication=UsernamePasswordAuthenticationToken [Principal=Admin1, Credentials=[PROTECTED], Authenticated=true, Details=WebAuthenticationDetails [RemoteIpAddress=0:0:0:0:0:0:0:1, SessionId=null], Granted Authorities=[ROLE_USER, ROLE_ADMIN]]]
2023-11-30T01:05:37.497-07:00  INFO 36396 --- [http-nio-8080-exec-8] c.c.c.security.JwtAuthenticationFilter   : Authorities: [ROLE_USER, ROLE_ADMIN]
2023-11-30T01:05:37.497-07:00  INFO 36396 --- [http-nio-8080-exec-8] c.c.c.security.JwtAuthenticationFilter   : SecurityContextImpl [Authentication=UsernamePasswordAuthenticationToken [Principal=Admin1, Credentials=[PROTECTED], Authenticated=true, Details=WebAuthenticationDetails [RemoteIpAddress=0:0:0:0:0:0:0:1, SessionId=null], Granted Authorities=[ROLE_USER, ROLE_ADMIN]]]
2023-11-30T01:05:37.498-07:00 DEBUG 36396 --- [http-nio-8080-exec-1] o.s.security.web.FilterChainProxy        : Secured GET /api/images/movie/12
2023-11-30T01:05:37.498-07:00 DEBUG 36396 --- [http-nio-8080-exec-3] o.s.security.web.FilterChainProxy        : Secured GET /api/images/movie/17
2023-11-30T01:05:37.498-07:00 DEBUG 36396 --- [http-nio-8080-exec-8] o.s.security.web.FilterChainProxy        : Secured GET /api/images/movie/16
2023-11-30T01:05:37.499-07:00 DEBUG 36396 --- [http-nio-8080-exec-10] o.s.security.web.FilterChainProxy        : Secured GET /api/images/movie/14
2023-11-30T01:05:37.499-07:00 DEBUG 36396 --- [http-nio-8080-exec-7] o.s.security.web.FilterChainProxy        : Secured GET /api/images/movie/13
2023-11-30T01:05:37.499-07:00 DEBUG 36396 --- [http-nio-8080-exec-8] horizationManagerBeforeMethodInterceptor : Authorizing method invocation ReflectiveMethodInvocation: public org.springframework.http.ResponseEntity com.cm.cinematchapp.controllers.ImageController.getMoviePoster(java.lang.Long) throws java.io.IOException; target is of class [com.cm.cinematchapp.controllers.ImageController]
2023-11-30T01:05:37.499-07:00 DEBUG 36396 --- [http-nio-8080-exec-5] o.s.security.web.FilterChainProxy        : Secured GET /api/images/movie/15
2023-11-30T01:05:37.499-07:00 DEBUG 36396 --- [http-nio-8080-exec-1] horizationManagerBeforeMethodInterceptor : Authorizing method invocation ReflectiveMethodInvocation: public org.springframework.http.ResponseEntity com.cm.cinematchapp.controllers.ImageController.getMoviePoster(java.lang.Long) throws java.io.IOException; target is of class [com.cm.cinematchapp.controllers.ImageController]
2023-11-30T01:05:37.499-07:00 DEBUG 36396 --- [http-nio-8080-exec-3] horizationManagerBeforeMethodInterceptor : Authorizing method invocation ReflectiveMethodInvocation: public org.springframework.http.ResponseEntity com.cm.cinematchapp.controllers.ImageController.getMoviePoster(java.lang.Long) throws java.io.IOException; target is of class [com.cm.cinematchapp.controllers.ImageController]
2023-11-30T01:05:37.499-07:00 DEBUG 36396 --- [http-nio-8080-exec-10] horizationManagerBeforeMethodInterceptor : Authorizing method invocation ReflectiveMethodInvocation: public org.springframework.http.ResponseEntity com.cm.cinematchapp.controllers.ImageController.getMoviePoster(java.lang.Long) throws java.io.IOException; target is of class [com.cm.cinematchapp.controllers.ImageController]
2023-11-30T01:05:37.499-07:00 DEBUG 36396 --- [http-nio-8080-exec-7] horizationManagerBeforeMethodInterceptor : Authorizing method invocation ReflectiveMethodInvocation: public org.springframework.http.ResponseEntity com.cm.cinematchapp.controllers.ImageController.getMoviePoster(java.lang.Long) throws java.io.IOException; target is of class [com.cm.cinematchapp.controllers.ImageController]
2023-11-30T01:05:37.499-07:00 DEBUG 36396 --- [http-nio-8080-exec-3] horizationManagerBeforeMethodInterceptor : Authorized method invocation ReflectiveMethodInvocation: public org.springframework.http.ResponseEntity com.cm.cinematchapp.controllers.ImageController.getMoviePoster(java.lang.Long) throws java.io.IOException; target is of class [com.cm.cinematchapp.controllers.ImageController]
2023-11-30T01:05:37.499-07:00 DEBUG 36396 --- [http-nio-8080-exec-5] horizationManagerBeforeMethodInterceptor : Authorizing method invocation ReflectiveMethodInvocation: public org.springframework.http.ResponseEntity com.cm.cinematchapp.controllers.ImageController.getMoviePoster(java.lang.Long) throws java.io.IOException; target is of class [com.cm.cinematchapp.controllers.ImageController]
2023-11-30T01:05:37.499-07:00 DEBUG 36396 --- [http-nio-8080-exec-8] horizationManagerBeforeMethodInterceptor : Authorized method invocation ReflectiveMethodInvocation: public org.springframework.http.ResponseEntity com.cm.cinematchapp.controllers.ImageController.getMoviePoster(java.lang.Long) throws java.io.IOException; target is of class [com.cm.cinematchapp.controllers.ImageController]
2023-11-30T01:05:37.499-07:00 DEBUG 36396 --- [http-nio-8080-exec-1] horizationManagerBeforeMethodInterceptor : Authorized method invocation ReflectiveMethodInvocation: public org.springframework.http.ResponseEntity com.cm.cinematchapp.controllers.ImageController.getMoviePoster(java.lang.Long) throws java.io.IOException; target is of class [com.cm.cinematchapp.controllers.ImageController]
2023-11-30T01:05:37.499-07:00 DEBUG 36396 --- [http-nio-8080-exec-5] horizationManagerBeforeMethodInterceptor : Authorized method invocation ReflectiveMethodInvocation: public org.springframework.http.ResponseEntity com.cm.cinematchapp.controllers.ImageController.getMoviePoster(java.lang.Long) throws java.io.IOException; target is of class [com.cm.cinematchapp.controllers.ImageController]
2023-11-30T01:05:37.499-07:00 DEBUG 36396 --- [http-nio-8080-exec-10] horizationManagerBeforeMethodInterceptor : Authorized method invocation ReflectiveMethodInvocation: public org.springframework.http.ResponseEntity com.cm.cinematchapp.controllers.ImageController.getMoviePoster(java.lang.Long) throws java.io.IOException; target is of class [com.cm.cinematchapp.controllers.ImageController]
2023-11-30T01:05:37.499-07:00 DEBUG 36396 --- [http-nio-8080-exec-7] horizationManagerBeforeMethodInterceptor : Authorized method invocation ReflectiveMethodInvocation: public org.springframework.http.ResponseEntity com.cm.cinematchapp.controllers.ImageController.getMoviePoster(java.lang.Long) throws java.io.IOException; target is of class [com.cm.cinematchapp.controllers.ImageController]
2023-11-30T01:05:37.502-07:00 DEBUG 36396 --- [http-nio-8080-exec-3] org.hibernate.SQL                        : 
    select
        m1_0.movie_id,
        m1_0.description,
        m1_0.poster_id,
        m1_0.rated,
        m1_0.title,
        m1_0.year 
    from
        movie m1_0 
    where
        m1_0.movie_id=?
2023-11-30T01:05:37.502-07:00 DEBUG 36396 --- [http-nio-8080-exec-5] org.hibernate.SQL                        : 
    select
        m1_0.movie_id,
        m1_0.description,
        m1_0.poster_id,
        m1_0.rated,
        m1_0.title,
        m1_0.year 
    from
        movie m1_0 
    where
        m1_0.movie_id=?
2023-11-30T01:05:37.502-07:00 DEBUG 36396 --- [http-nio-8080-exec-7] org.hibernate.SQL                        : 
    select
        m1_0.movie_id,
        m1_0.description,
        m1_0.poster_id,
        m1_0.rated,
        m1_0.title,
        m1_0.year 
    from
        movie m1_0 
    where
        m1_0.movie_id=?
2023-11-30T01:05:37.502-07:00 DEBUG 36396 --- [http-nio-8080-exec-8] org.hibernate.SQL                        : 
    select
        m1_0.movie_id,
        m1_0.description,
        m1_0.poster_id,
        m1_0.rated,
        m1_0.title,
        m1_0.year 
    from
        movie m1_0 
    where
        m1_0.movie_id=?
2023-11-30T01:05:37.502-07:00 DEBUG 36396 --- [http-nio-8080-exec-10] org.hibernate.SQL                        : 
    select
        m1_0.movie_id,
        m1_0.description,
        m1_0.poster_id,
        m1_0.rated,
        m1_0.title,
        m1_0.year 
    from
        movie m1_0 
    where
        m1_0.movie_id=?
2023-11-30T01:05:37.502-07:00 DEBUG 36396 --- [http-nio-8080-exec-1] org.hibernate.SQL                        : 
    select
        m1_0.movie_id,
        m1_0.description,
        m1_0.poster_id,
        m1_0.rated,
        m1_0.title,
        m1_0.year 
    from
        movie m1_0 
    where
        m1_0.movie_id=?
2023-11-30T01:05:37.503-07:00 DEBUG 36396 --- [http-nio-8080-exec-3] org.hibernate.SQL                        : 
    select
        m1_0.poster_id,
        m1_0.file_name,
        m1_0.path,
        m1_0.file_size 
    from
        movie_poster m1_0 
    where
        m1_0.poster_id=?
2023-11-30T01:05:37.503-07:00 DEBUG 36396 --- [http-nio-8080-exec-1] org.hibernate.SQL                        : 
    select
        m1_0.poster_id,
        m1_0.file_name,
        m1_0.path,
        m1_0.file_size 
    from
        movie_poster m1_0 
    where
        m1_0.poster_id=?
2023-11-30T01:05:37.503-07:00 DEBUG 36396 --- [http-nio-8080-exec-7] org.hibernate.SQL                        : 
    select
        m1_0.poster_id,
        m1_0.file_name,
        m1_0.path,
        m1_0.file_size 
    from
        movie_poster m1_0 
    where
        m1_0.poster_id=?
2023-11-30T01:05:37.503-07:00 DEBUG 36396 --- [http-nio-8080-exec-8] org.hibernate.SQL                        : 
    select
        m1_0.poster_id,
        m1_0.file_name,
        m1_0.path,
        m1_0.file_size 
    from
        movie_poster m1_0 
    where
        m1_0.poster_id=?
2023-11-30T01:05:37.503-07:00 DEBUG 36396 --- [http-nio-8080-exec-5] org.hibernate.SQL                        : 
    select
        m1_0.poster_id,
        m1_0.file_name,
        m1_0.path,
        m1_0.file_size 
    from
        movie_poster m1_0 
    where
        m1_0.poster_id=?
2023-11-30T01:05:37.503-07:00 DEBUG 36396 --- [http-nio-8080-exec-10] org.hibernate.SQL                        : 
    select
        m1_0.poster_id,
        m1_0.file_name,
        m1_0.path,
        m1_0.file_size 
    from
        movie_poster m1_0 
    where
        m1_0.poster_id=?
2023-11-30T01:05:37.507-07:00 DEBUG 36396 --- [http-nio-8080-exec-9] o.s.security.web.FilterChainProxy        : Securing GET /api/images/movie/19
2023-11-30T01:05:37.507-07:00 DEBUG 36396 --- [http-nio-8080-exec-6] o.s.security.web.FilterChainProxy        : Securing GET /api/images/movie/18
2023-11-30T01:05:37.508-07:00  INFO 36396 --- [http-nio-8080-exec-9] c.c.c.security.JwtAuthenticationFilter   : authToken:eyJ0eXAiOiJKV1QiLCJhbGciOiJIUzI1NiJ9.eyJleHAiOjE3MDEzMzQ3NjAsInVzZXJuYW1lIjoiQWRtaW4xIn0.8zFzAfL_tmmn_VPovheH85S05JsisWdt-rL_iZu2uKs
2023-11-30T01:05:37.508-07:00  INFO 36396 --- [http-nio-8080-exec-6] c.c.c.security.JwtAuthenticationFilter   : authToken:eyJ0eXAiOiJKV1QiLCJhbGciOiJIUzI1NiJ9.eyJleHAiOjE3MDEzMzQ3NjAsInVzZXJuYW1lIjoiQWRtaW4xIn0.8zFzAfL_tmmn_VPovheH85S05JsisWdt-rL_iZu2uKs
2023-11-30T01:05:37.508-07:00  INFO 36396 --- [http-nio-8080-exec-6] c.c.c.security.JwtAuthenticationFilter   : username: Admin1
2023-11-30T01:05:37.508-07:00  INFO 36396 --- [http-nio-8080-exec-9] c.c.c.security.JwtAuthenticationFilter   : username: Admin1
2023-11-30T01:05:37.510-07:00 DEBUG 36396 --- [http-nio-8080-exec-6] org.hibernate.SQL                        : 
    select
        u1_0.user_id,
        u1_0.avatar_id,
        u1_0.email,
        u1_0.first_name,
        u1_0.last_name,
        u1_0.password,
        u1_0.username 
    from
        user u1_0 
    where
        upper(u1_0.username)=upper(?)
2023-11-30T01:05:37.510-07:00 DEBUG 36396 --- [http-nio-8080-exec-9] org.hibernate.SQL                        : 
    select
        u1_0.user_id,
        u1_0.avatar_id,
        u1_0.email,
        u1_0.first_name,
        u1_0.last_name,
        u1_0.password,
        u1_0.username 
    from
        user u1_0 
    where
        upper(u1_0.username)=upper(?)
2023-11-30T01:05:37.512-07:00 DEBUG 36396 --- [http-nio-8080-exec-6] org.hibernate.SQL                        : 
    select
        r1_0.user_id,
        r1_1.role_id,
        r1_1.name 
    from
        user_roles r1_0 
    join
        role r1_1 
            on r1_1.role_id=r1_0.role_id 
    where
        r1_0.user_id=?
2023-11-30T01:05:37.512-07:00 DEBUG 36396 --- [http-nio-8080-exec-9] org.hibernate.SQL                        : 
    select
        r1_0.user_id,
        r1_1.role_id,
        r1_1.name 
    from
        user_roles r1_0 
    join
        role r1_1 
            on r1_1.role_id=r1_0.role_id 
    where
        r1_0.user_id=?
2023-11-30T01:05:37.513-07:00  INFO 36396 --- [http-nio-8080-exec-9] c.c.c.security.JwtAuthenticationFilter   : Authorities: [ROLE_USER, ROLE_ADMIN]
2023-11-30T01:05:37.513-07:00  INFO 36396 --- [http-nio-8080-exec-6] c.c.c.security.JwtAuthenticationFilter   : Authorities: [ROLE_USER, ROLE_ADMIN]
2023-11-30T01:05:37.513-07:00  INFO 36396 --- [http-nio-8080-exec-6] c.c.c.security.JwtAuthenticationFilter   : SecurityContextImpl [Authentication=UsernamePasswordAuthenticationToken [Principal=Admin1, Credentials=[PROTECTED], Authenticated=true, Details=WebAuthenticationDetails [RemoteIpAddress=0:0:0:0:0:0:0:1, SessionId=null], Granted Authorities=[ROLE_USER, ROLE_ADMIN]]]
2023-11-30T01:05:37.513-07:00  INFO 36396 --- [http-nio-8080-exec-9] c.c.c.security.JwtAuthenticationFilter   : SecurityContextImpl [Authentication=UsernamePasswordAuthenticationToken [Principal=Admin1, Credentials=[PROTECTED], Authenticated=true, Details=WebAuthenticationDetails [RemoteIpAddress=0:0:0:0:0:0:0:1, SessionId=null], Granted Authorities=[ROLE_USER, ROLE_ADMIN]]]
2023-11-30T01:05:37.514-07:00 DEBUG 36396 --- [http-nio-8080-exec-6] o.s.security.web.FilterChainProxy        : Secured GET /api/images/movie/18
2023-11-30T01:05:37.514-07:00 DEBUG 36396 --- [http-nio-8080-exec-9] o.s.security.web.FilterChainProxy        : Secured GET /api/images/movie/19
2023-11-30T01:05:37.514-07:00 DEBUG 36396 --- [http-nio-8080-exec-6] horizationManagerBeforeMethodInterceptor : Authorizing method invocation ReflectiveMethodInvocation: public org.springframework.http.ResponseEntity com.cm.cinematchapp.controllers.ImageController.getMoviePoster(java.lang.Long) throws java.io.IOException; target is of class [com.cm.cinematchapp.controllers.ImageController]
2023-11-30T01:05:37.514-07:00 DEBUG 36396 --- [http-nio-8080-exec-9] horizationManagerBeforeMethodInterceptor : Authorizing method invocation ReflectiveMethodInvocation: public org.springframework.http.ResponseEntity com.cm.cinematchapp.controllers.ImageController.getMoviePoster(java.lang.Long) throws java.io.IOException; target is of class [com.cm.cinematchapp.controllers.ImageController]
2023-11-30T01:05:37.514-07:00 DEBUG 36396 --- [http-nio-8080-exec-6] horizationManagerBeforeMethodInterceptor : Authorized method invocation ReflectiveMethodInvocation: public org.springframework.http.ResponseEntity com.cm.cinematchapp.controllers.ImageController.getMoviePoster(java.lang.Long) throws java.io.IOException; target is of class [com.cm.cinematchapp.controllers.ImageController]
2023-11-30T01:05:37.514-07:00 DEBUG 36396 --- [http-nio-8080-exec-9] horizationManagerBeforeMethodInterceptor : Authorized method invocation ReflectiveMethodInvocation: public org.springframework.http.ResponseEntity com.cm.cinematchapp.controllers.ImageController.getMoviePoster(java.lang.Long) throws java.io.IOException; target is of class [com.cm.cinematchapp.controllers.ImageController]
2023-11-30T01:05:37.516-07:00 DEBUG 36396 --- [http-nio-8080-exec-9] org.hibernate.SQL                        : 
    select
        m1_0.movie_id,
        m1_0.description,
        m1_0.poster_id,
        m1_0.rated,
        m1_0.title,
        m1_0.year 
    from
        movie m1_0 
    where
        m1_0.movie_id=?
2023-11-30T01:05:37.516-07:00 DEBUG 36396 --- [http-nio-8080-exec-6] org.hibernate.SQL                        : 
    select
        m1_0.movie_id,
        m1_0.description,
        m1_0.poster_id,
        m1_0.rated,
        m1_0.title,
        m1_0.year 
    from
        movie m1_0 
    where
        m1_0.movie_id=?
2023-11-30T01:05:37.517-07:00 DEBUG 36396 --- [http-nio-8080-exec-6] org.hibernate.SQL                        : 
    select
        m1_0.poster_id,
        m1_0.file_name,
        m1_0.path,
        m1_0.file_size 
    from
        movie_poster m1_0 
    where
        m1_0.poster_id=?
2023-11-30T01:05:37.517-07:00 DEBUG 36396 --- [http-nio-8080-exec-9] org.hibernate.SQL                        : 
    select
        m1_0.poster_id,
        m1_0.file_name,
        m1_0.path,
        m1_0.file_size 
    from
        movie_poster m1_0 
    where
        m1_0.poster_id=?
2023-11-30T01:07:13.138-07:00 DEBUG 36396 --- [http-nio-8080-exec-10] o.s.security.web.FilterChainProxy        : Securing OPTIONS /api/entities/movies
2023-11-30T01:07:13.141-07:00 DEBUG 36396 --- [http-nio-8080-exec-3] o.s.security.web.FilterChainProxy        : Securing GET /api/entities/movies
2023-11-30T01:07:13.141-07:00  INFO 36396 --- [http-nio-8080-exec-3] c.c.c.security.JwtAuthenticationFilter   : authToken:eyJ0eXAiOiJKV1QiLCJhbGciOiJIUzI1NiJ9.eyJleHAiOjE3MDEzMzQ3NjAsInVzZXJuYW1lIjoiQWRtaW4xIn0.8zFzAfL_tmmn_VPovheH85S05JsisWdt-rL_iZu2uKs
2023-11-30T01:07:13.141-07:00  INFO 36396 --- [http-nio-8080-exec-3] c.c.c.security.JwtAuthenticationFilter   : username: Admin1
2023-11-30T01:07:13.143-07:00 DEBUG 36396 --- [http-nio-8080-exec-3] org.hibernate.SQL                        : 
    select
        u1_0.user_id,
        u1_0.avatar_id,
        u1_0.email,
        u1_0.first_name,
        u1_0.last_name,
        u1_0.password,
        u1_0.username 
    from
        user u1_0 
    where
        upper(u1_0.username)=upper(?)
2023-11-30T01:07:13.144-07:00 DEBUG 36396 --- [http-nio-8080-exec-3] org.hibernate.SQL                        : 
    select
        r1_0.user_id,
        r1_1.role_id,
        r1_1.name 
    from
        user_roles r1_0 
    join
        role r1_1 
            on r1_1.role_id=r1_0.role_id 
    where
        r1_0.user_id=?
2023-11-30T01:07:13.146-07:00  INFO 36396 --- [http-nio-8080-exec-3] c.c.c.security.JwtAuthenticationFilter   : Authorities: [ROLE_USER, ROLE_ADMIN]
2023-11-30T01:07:13.146-07:00  INFO 36396 --- [http-nio-8080-exec-3] c.c.c.security.JwtAuthenticationFilter   : SecurityContextImpl [Authentication=UsernamePasswordAuthenticationToken [Principal=Admin1, Credentials=[PROTECTED], Authenticated=true, Details=WebAuthenticationDetails [RemoteIpAddress=0:0:0:0:0:0:0:1, SessionId=null], Granted Authorities=[ROLE_USER, ROLE_ADMIN]]]
2023-11-30T01:07:13.146-07:00 DEBUG 36396 --- [http-nio-8080-exec-3] o.s.security.web.FilterChainProxy        : Secured GET /api/entities/movies
2023-11-30T01:07:13.146-07:00 DEBUG 36396 --- [http-nio-8080-exec-3] horizationManagerBeforeMethodInterceptor : Authorizing method invocation ReflectiveMethodInvocation: public org.springframework.http.ResponseEntity com.cm.cinematchapp.controllers.EntityController.getAllMovies(); target is of class [com.cm.cinematchapp.controllers.EntityController]
2023-11-30T01:07:13.147-07:00 DEBUG 36396 --- [http-nio-8080-exec-3] horizationManagerBeforeMethodInterceptor : Authorized method invocation ReflectiveMethodInvocation: public org.springframework.http.ResponseEntity com.cm.cinematchapp.controllers.EntityController.getAllMovies(); target is of class [com.cm.cinematchapp.controllers.EntityController]
2023-11-30T01:07:13.148-07:00 DEBUG 36396 --- [http-nio-8080-exec-3] org.hibernate.SQL                        : 
    select
        m1_0.movie_id,
        m1_0.description,
        m1_0.poster_id,
        m1_0.rated,
        m1_0.title,
        m1_0.year 
    from
        movie m1_0
2023-11-30T01:07:13.148-07:00 DEBUG 36396 --- [http-nio-8080-exec-3] org.hibernate.SQL                        : 
    select
        m1_0.poster_id,
        m1_0.file_name,
        m1_0.path,
        m1_0.file_size 
    from
        movie_poster m1_0 
    where
        m1_0.poster_id=?
2023-11-30T01:07:13.149-07:00 DEBUG 36396 --- [http-nio-8080-exec-3] org.hibernate.SQL                        : 
    select
        m1_0.poster_id,
        m1_0.file_name,
        m1_0.path,
        m1_0.file_size 
    from
        movie_poster m1_0 
    where
        m1_0.poster_id=?
2023-11-30T01:07:13.149-07:00 DEBUG 36396 --- [http-nio-8080-exec-3] org.hibernate.SQL                        : 
    select
        m1_0.poster_id,
        m1_0.file_name,
        m1_0.path,
        m1_0.file_size 
    from
        movie_poster m1_0 
    where
        m1_0.poster_id=?
2023-11-30T01:07:13.150-07:00 DEBUG 36396 --- [http-nio-8080-exec-3] org.hibernate.SQL                        : 
    select
        m1_0.poster_id,
        m1_0.file_name,
        m1_0.path,
        m1_0.file_size 
    from
        movie_poster m1_0 
    where
        m1_0.poster_id=?
2023-11-30T01:07:13.150-07:00 DEBUG 36396 --- [http-nio-8080-exec-3] org.hibernate.SQL                        : 
    select
        m1_0.poster_id,
        m1_0.file_name,
        m1_0.path,
        m1_0.file_size 
    from
        movie_poster m1_0 
    where
        m1_0.poster_id=?
2023-11-30T01:07:13.150-07:00 DEBUG 36396 --- [http-nio-8080-exec-3] org.hibernate.SQL                        : 
    select
        m1_0.poster_id,
        m1_0.file_name,
        m1_0.path,
        m1_0.file_size 
    from
        movie_poster m1_0 
    where
        m1_0.poster_id=?
2023-11-30T01:07:13.150-07:00 DEBUG 36396 --- [http-nio-8080-exec-3] org.hibernate.SQL                        : 
    select
        m1_0.poster_id,
        m1_0.file_name,
        m1_0.path,
        m1_0.file_size 
    from
        movie_poster m1_0 
    where
        m1_0.poster_id=?
2023-11-30T01:07:13.151-07:00 DEBUG 36396 --- [http-nio-8080-exec-3] org.hibernate.SQL                        : 
    select
        m1_0.poster_id,
        m1_0.file_name,
        m1_0.path,
        m1_0.file_size 
    from
        movie_poster m1_0 
    where
        m1_0.poster_id=?
2023-11-30T01:07:13.151-07:00 DEBUG 36396 --- [http-nio-8080-exec-3] org.hibernate.SQL                        : 
    select
        m1_0.poster_id,
        m1_0.file_name,
        m1_0.path,
        m1_0.file_size 
    from
        movie_poster m1_0 
    where
        m1_0.poster_id=?
2023-11-30T01:07:13.151-07:00 DEBUG 36396 --- [http-nio-8080-exec-3] org.hibernate.SQL                        : 
    select
        m1_0.poster_id,
        m1_0.file_name,
        m1_0.path,
        m1_0.file_size 
    from
        movie_poster m1_0 
    where
        m1_0.poster_id=?
2023-11-30T01:07:13.152-07:00 DEBUG 36396 --- [http-nio-8080-exec-3] org.hibernate.SQL                        : 
    select
        m1_0.poster_id,
        m1_0.file_name,
        m1_0.path,
        m1_0.file_size 
    from
        movie_poster m1_0 
    where
        m1_0.poster_id=?
2023-11-30T01:07:13.152-07:00 DEBUG 36396 --- [http-nio-8080-exec-3] org.hibernate.SQL                        : 
    select
        m1_0.poster_id,
        m1_0.file_name,
        m1_0.path,
        m1_0.file_size 
    from
        movie_poster m1_0 
    where
        m1_0.poster_id=?
2023-11-30T01:07:13.152-07:00 DEBUG 36396 --- [http-nio-8080-exec-3] org.hibernate.SQL                        : 
    select
        m1_0.poster_id,
        m1_0.file_name,
        m1_0.path,
        m1_0.file_size 
    from
        movie_poster m1_0 
    where
        m1_0.poster_id=?
2023-11-30T01:07:13.152-07:00 DEBUG 36396 --- [http-nio-8080-exec-3] org.hibernate.SQL                        : 
    select
        m1_0.poster_id,
        m1_0.file_name,
        m1_0.path,
        m1_0.file_size 
    from
        movie_poster m1_0 
    where
        m1_0.poster_id=?
2023-11-30T01:07:13.154-07:00 DEBUG 36396 --- [http-nio-8080-exec-3] org.hibernate.SQL                        : 
    select
        c1_0.streaming_info_id,
        c1_0.link,
        c1_0.service,
        c1_0.streaming_type 
    from
        country_info c1_0 
    where
        c1_0.streaming_info_id=?
2023-11-30T01:07:13.155-07:00 DEBUG 36396 --- [http-nio-8080-exec-3] org.hibernate.SQL                        : 
    select
        c1_0.streaming_info_id,
        c1_0.link,
        c1_0.service,
        c1_0.streaming_type 
    from
        country_info c1_0 
    where
        c1_0.streaming_info_id=?
2023-11-30T01:07:13.156-07:00 DEBUG 36396 --- [http-nio-8080-exec-3] org.hibernate.SQL                        : 
    select
        c1_0.streaming_info_id,
        c1_0.link,
        c1_0.service,
        c1_0.streaming_type 
    from
        country_info c1_0 
    where
        c1_0.streaming_info_id=?
2023-11-30T01:07:13.157-07:00 DEBUG 36396 --- [http-nio-8080-exec-3] org.hibernate.SQL                        : 
    select
        c1_0.streaming_info_id,
        c1_0.link,
        c1_0.service,
        c1_0.streaming_type 
    from
        country_info c1_0 
    where
        c1_0.streaming_info_id=?
2023-11-30T01:07:13.157-07:00 DEBUG 36396 --- [http-nio-8080-exec-3] org.hibernate.SQL                        : 
    select
        c1_0.streaming_info_id,
        c1_0.link,
        c1_0.service,
        c1_0.streaming_type 
    from
        country_info c1_0 
    where
        c1_0.streaming_info_id=?
2023-11-30T01:07:13.158-07:00 DEBUG 36396 --- [http-nio-8080-exec-3] org.hibernate.SQL                        : 
    select
        c1_0.streaming_info_id,
        c1_0.link,
        c1_0.service,
        c1_0.streaming_type 
    from
        country_info c1_0 
    where
        c1_0.streaming_info_id=?
2023-11-30T01:07:13.159-07:00 DEBUG 36396 --- [http-nio-8080-exec-3] org.hibernate.SQL                        : 
    select
        c1_0.streaming_info_id,
        c1_0.link,
        c1_0.service,
        c1_0.streaming_type 
    from
        country_info c1_0 
    where
        c1_0.streaming_info_id=?
2023-11-30T01:07:13.159-07:00 DEBUG 36396 --- [http-nio-8080-exec-3] org.hibernate.SQL                        : 
    select
        c1_0.streaming_info_id,
        c1_0.link,
        c1_0.service,
        c1_0.streaming_type 
    from
        country_info c1_0 
    where
        c1_0.streaming_info_id=?
2023-11-30T01:07:13.160-07:00 DEBUG 36396 --- [http-nio-8080-exec-3] org.hibernate.SQL                        : 
    select
        c1_0.streaming_info_id,
        c1_0.link,
        c1_0.service,
        c1_0.streaming_type 
    from
        country_info c1_0 
    where
        c1_0.streaming_info_id=?
2023-11-30T01:07:13.160-07:00 DEBUG 36396 --- [http-nio-8080-exec-3] org.hibernate.SQL                        : 
    select
        c1_0.streaming_info_id,
        c1_0.link,
        c1_0.service,
        c1_0.streaming_type 
    from
        country_info c1_0 
    where
        c1_0.streaming_info_id=?
2023-11-30T01:07:13.161-07:00 DEBUG 36396 --- [http-nio-8080-exec-3] org.hibernate.SQL                        : 
    select
        c1_0.streaming_info_id,
        c1_0.link,
        c1_0.service,
        c1_0.streaming_type 
    from
        country_info c1_0 
    where
        c1_0.streaming_info_id=?
2023-11-30T01:07:13.161-07:00 DEBUG 36396 --- [http-nio-8080-exec-3] org.hibernate.SQL                        : 
    select
        c1_0.streaming_info_id,
        c1_0.link,
        c1_0.service,
        c1_0.streaming_type 
    from
        country_info c1_0 
    where
        c1_0.streaming_info_id=?
2023-11-30T01:07:13.162-07:00 DEBUG 36396 --- [http-nio-8080-exec-3] org.hibernate.SQL                        : 
    select
        c1_0.streaming_info_id,
        c1_0.link,
        c1_0.service,
        c1_0.streaming_type 
    from
        country_info c1_0 
    where
        c1_0.streaming_info_id=?
2023-11-30T01:07:13.162-07:00 DEBUG 36396 --- [http-nio-8080-exec-3] org.hibernate.SQL                        : 
    select
        c1_0.streaming_info_id,
        c1_0.link,
        c1_0.service,
        c1_0.streaming_type 
    from
        country_info c1_0 
    where
        c1_0.streaming_info_id=?
2023-11-30T01:07:13.168-07:00 DEBUG 36396 --- [http-nio-8080-exec-9] o.s.security.web.FilterChainProxy        : Securing OPTIONS /api/images/movie/1
2023-11-30T01:07:13.168-07:00 DEBUG 36396 --- [http-nio-8080-exec-6] o.s.security.web.FilterChainProxy        : Securing OPTIONS /api/images/movie/2
2023-11-30T01:07:13.169-07:00 DEBUG 36396 --- [http-nio-8080-exec-5] o.s.security.web.FilterChainProxy        : Securing OPTIONS /api/images/movie/5
2023-11-30T01:07:13.169-07:00 DEBUG 36396 --- [http-nio-8080-exec-2] o.s.security.web.FilterChainProxy        : Securing OPTIONS /api/images/movie/6
2023-11-30T01:07:13.170-07:00 DEBUG 36396 --- [http-nio-8080-exec-1] o.s.security.web.FilterChainProxy        : Securing OPTIONS /api/images/movie/9
2023-11-30T01:07:13.171-07:00 DEBUG 36396 --- [http-nio-8080-exec-7] o.s.security.web.FilterChainProxy        : Securing OPTIONS /api/images/movie/10
2023-11-30T01:07:13.171-07:00 DEBUG 36396 --- [http-nio-8080-exec-4] o.s.security.web.FilterChainProxy        : Securing OPTIONS /api/images/movie/12
2023-11-30T01:07:13.172-07:00 DEBUG 36396 --- [http-nio-8080-exec-8] o.s.security.web.FilterChainProxy        : Securing OPTIONS /api/images/movie/13
2023-11-30T01:07:13.173-07:00 DEBUG 36396 --- [http-nio-8080-exec-10] o.s.security.web.FilterChainProxy        : Securing OPTIONS /api/images/movie/14
2023-11-30T01:07:13.173-07:00 DEBUG 36396 --- [http-nio-8080-exec-3] o.s.security.web.FilterChainProxy        : Securing OPTIONS /api/images/movie/15
2023-11-30T01:07:13.173-07:00 DEBUG 36396 --- [http-nio-8080-exec-9] o.s.security.web.FilterChainProxy        : Securing OPTIONS /api/images/movie/16
2023-11-30T01:07:13.174-07:00 DEBUG 36396 --- [http-nio-8080-exec-6] o.s.security.web.FilterChainProxy        : Securing OPTIONS /api/images/movie/17
2023-11-30T01:07:13.174-07:00 DEBUG 36396 --- [http-nio-8080-exec-5] o.s.security.web.FilterChainProxy        : Securing OPTIONS /api/images/movie/18
2023-11-30T01:07:13.174-07:00 DEBUG 36396 --- [http-nio-8080-exec-2] o.s.security.web.FilterChainProxy        : Securing OPTIONS /api/images/movie/19
2023-11-30T01:07:13.175-07:00 DEBUG 36396 --- [http-nio-8080-exec-1] o.s.security.web.FilterChainProxy        : Securing GET /api/images/movie/1
2023-11-30T01:07:13.175-07:00  INFO 36396 --- [http-nio-8080-exec-1] c.c.c.security.JwtAuthenticationFilter   : authToken:eyJ0eXAiOiJKV1QiLCJhbGciOiJIUzI1NiJ9.eyJleHAiOjE3MDEzMzQ3NjAsInVzZXJuYW1lIjoiQWRtaW4xIn0.8zFzAfL_tmmn_VPovheH85S05JsisWdt-rL_iZu2uKs
2023-11-30T01:07:13.175-07:00 DEBUG 36396 --- [http-nio-8080-exec-7] o.s.security.web.FilterChainProxy        : Securing GET /api/images/movie/2
2023-11-30T01:07:13.175-07:00  INFO 36396 --- [http-nio-8080-exec-1] c.c.c.security.JwtAuthenticationFilter   : username: Admin1
2023-11-30T01:07:13.175-07:00  INFO 36396 --- [http-nio-8080-exec-7] c.c.c.security.JwtAuthenticationFilter   : authToken:eyJ0eXAiOiJKV1QiLCJhbGciOiJIUzI1NiJ9.eyJleHAiOjE3MDEzMzQ3NjAsInVzZXJuYW1lIjoiQWRtaW4xIn0.8zFzAfL_tmmn_VPovheH85S05JsisWdt-rL_iZu2uKs
2023-11-30T01:07:13.175-07:00 DEBUG 36396 --- [http-nio-8080-exec-4] o.s.security.web.FilterChainProxy        : Securing GET /api/images/movie/5
2023-11-30T01:07:13.176-07:00  INFO 36396 --- [http-nio-8080-exec-7] c.c.c.security.JwtAuthenticationFilter   : username: Admin1
2023-11-30T01:07:13.176-07:00  INFO 36396 --- [http-nio-8080-exec-4] c.c.c.security.JwtAuthenticationFilter   : authToken:eyJ0eXAiOiJKV1QiLCJhbGciOiJIUzI1NiJ9.eyJleHAiOjE3MDEzMzQ3NjAsInVzZXJuYW1lIjoiQWRtaW4xIn0.8zFzAfL_tmmn_VPovheH85S05JsisWdt-rL_iZu2uKs
2023-11-30T01:07:13.176-07:00 DEBUG 36396 --- [http-nio-8080-exec-8] o.s.security.web.FilterChainProxy        : Securing GET /api/images/movie/6
2023-11-30T01:07:13.176-07:00  INFO 36396 --- [http-nio-8080-exec-4] c.c.c.security.JwtAuthenticationFilter   : username: Admin1
2023-11-30T01:07:13.176-07:00  INFO 36396 --- [http-nio-8080-exec-8] c.c.c.security.JwtAuthenticationFilter   : authToken:eyJ0eXAiOiJKV1QiLCJhbGciOiJIUzI1NiJ9.eyJleHAiOjE3MDEzMzQ3NjAsInVzZXJuYW1lIjoiQWRtaW4xIn0.8zFzAfL_tmmn_VPovheH85S05JsisWdt-rL_iZu2uKs
2023-11-30T01:07:13.177-07:00  INFO 36396 --- [http-nio-8080-exec-8] c.c.c.security.JwtAuthenticationFilter   : username: Admin1
2023-11-30T01:07:13.177-07:00 DEBUG 36396 --- [http-nio-8080-exec-10] o.s.security.web.FilterChainProxy        : Securing GET /api/images/movie/9
2023-11-30T01:07:13.177-07:00 DEBUG 36396 --- [http-nio-8080-exec-3] o.s.security.web.FilterChainProxy        : Securing GET /api/images/movie/10
2023-11-30T01:07:13.177-07:00  INFO 36396 --- [http-nio-8080-exec-10] c.c.c.security.JwtAuthenticationFilter   : authToken:eyJ0eXAiOiJKV1QiLCJhbGciOiJIUzI1NiJ9.eyJleHAiOjE3MDEzMzQ3NjAsInVzZXJuYW1lIjoiQWRtaW4xIn0.8zFzAfL_tmmn_VPovheH85S05JsisWdt-rL_iZu2uKs
2023-11-30T01:07:13.177-07:00  INFO 36396 --- [http-nio-8080-exec-10] c.c.c.security.JwtAuthenticationFilter   : username: Admin1
2023-11-30T01:07:13.177-07:00  INFO 36396 --- [http-nio-8080-exec-3] c.c.c.security.JwtAuthenticationFilter   : authToken:eyJ0eXAiOiJKV1QiLCJhbGciOiJIUzI1NiJ9.eyJleHAiOjE3MDEzMzQ3NjAsInVzZXJuYW1lIjoiQWRtaW4xIn0.8zFzAfL_tmmn_VPovheH85S05JsisWdt-rL_iZu2uKs
2023-11-30T01:07:13.177-07:00  INFO 36396 --- [http-nio-8080-exec-3] c.c.c.security.JwtAuthenticationFilter   : username: Admin1
2023-11-30T01:07:13.177-07:00 DEBUG 36396 --- [http-nio-8080-exec-4] org.hibernate.SQL                        : 
    select
        u1_0.user_id,
        u1_0.avatar_id,
        u1_0.email,
        u1_0.first_name,
        u1_0.last_name,
        u1_0.password,
        u1_0.username 
    from
        user u1_0 
    where
        upper(u1_0.username)=upper(?)
2023-11-30T01:07:13.177-07:00 DEBUG 36396 --- [http-nio-8080-exec-7] org.hibernate.SQL                        : 
    select
        u1_0.user_id,
        u1_0.avatar_id,
        u1_0.email,
        u1_0.first_name,
        u1_0.last_name,
        u1_0.password,
        u1_0.username 
    from
        user u1_0 
    where
        upper(u1_0.username)=upper(?)
2023-11-30T01:07:13.177-07:00 DEBUG 36396 --- [http-nio-8080-exec-1] org.hibernate.SQL                        : 
    select
        u1_0.user_id,
        u1_0.avatar_id,
        u1_0.email,
        u1_0.first_name,
        u1_0.last_name,
        u1_0.password,
        u1_0.username 
    from
        user u1_0 
    where
        upper(u1_0.username)=upper(?)
2023-11-30T01:07:13.177-07:00 DEBUG 36396 --- [http-nio-8080-exec-8] org.hibernate.SQL                        : 
    select
        u1_0.user_id,
        u1_0.avatar_id,
        u1_0.email,
        u1_0.first_name,
        u1_0.last_name,
        u1_0.password,
        u1_0.username 
    from
        user u1_0 
    where
        upper(u1_0.username)=upper(?)
2023-11-30T01:07:13.178-07:00 DEBUG 36396 --- [http-nio-8080-exec-10] org.hibernate.SQL                        : 
    select
        u1_0.user_id,
        u1_0.avatar_id,
        u1_0.email,
        u1_0.first_name,
        u1_0.last_name,
        u1_0.password,
        u1_0.username 
    from
        user u1_0 
    where
        upper(u1_0.username)=upper(?)
2023-11-30T01:07:13.178-07:00 DEBUG 36396 --- [http-nio-8080-exec-8] org.hibernate.SQL                        : 
    select
        r1_0.user_id,
        r1_1.role_id,
        r1_1.name 
    from
        user_roles r1_0 
    join
        role r1_1 
            on r1_1.role_id=r1_0.role_id 
    where
        r1_0.user_id=?
2023-11-30T01:07:13.178-07:00 DEBUG 36396 --- [http-nio-8080-exec-1] org.hibernate.SQL                        : 
    select
        r1_0.user_id,
        r1_1.role_id,
        r1_1.name 
    from
        user_roles r1_0 
    join
        role r1_1 
            on r1_1.role_id=r1_0.role_id 
    where
        r1_0.user_id=?
2023-11-30T01:07:13.178-07:00 DEBUG 36396 --- [http-nio-8080-exec-7] org.hibernate.SQL                        : 
    select
        r1_0.user_id,
        r1_1.role_id,
        r1_1.name 
    from
        user_roles r1_0 
    join
        role r1_1 
            on r1_1.role_id=r1_0.role_id 
    where
        r1_0.user_id=?
2023-11-30T01:07:13.178-07:00 DEBUG 36396 --- [http-nio-8080-exec-4] org.hibernate.SQL                        : 
    select
        r1_0.user_id,
        r1_1.role_id,
        r1_1.name 
    from
        user_roles r1_0 
    join
        role r1_1 
            on r1_1.role_id=r1_0.role_id 
    where
        r1_0.user_id=?
2023-11-30T01:07:13.178-07:00 DEBUG 36396 --- [http-nio-8080-exec-3] org.hibernate.SQL                        : 
    select
        u1_0.user_id,
        u1_0.avatar_id,
        u1_0.email,
        u1_0.first_name,
        u1_0.last_name,
        u1_0.password,
        u1_0.username 
    from
        user u1_0 
    where
        upper(u1_0.username)=upper(?)
2023-11-30T01:07:13.179-07:00 DEBUG 36396 --- [http-nio-8080-exec-10] org.hibernate.SQL                        : 
    select
        r1_0.user_id,
        r1_1.role_id,
        r1_1.name 
    from
        user_roles r1_0 
    join
        role r1_1 
            on r1_1.role_id=r1_0.role_id 
    where
        r1_0.user_id=?
2023-11-30T01:07:13.179-07:00 DEBUG 36396 --- [http-nio-8080-exec-3] org.hibernate.SQL                        : 
    select
        r1_0.user_id,
        r1_1.role_id,
        r1_1.name 
    from
        user_roles r1_0 
    join
        role r1_1 
            on r1_1.role_id=r1_0.role_id 
    where
        r1_0.user_id=?
2023-11-30T01:07:13.179-07:00  INFO 36396 --- [http-nio-8080-exec-4] c.c.c.security.JwtAuthenticationFilter   : Authorities: [ROLE_USER, ROLE_ADMIN]
2023-11-30T01:07:13.179-07:00  INFO 36396 --- [http-nio-8080-exec-1] c.c.c.security.JwtAuthenticationFilter   : Authorities: [ROLE_USER, ROLE_ADMIN]
2023-11-30T01:07:13.179-07:00  INFO 36396 --- [http-nio-8080-exec-7] c.c.c.security.JwtAuthenticationFilter   : Authorities: [ROLE_USER, ROLE_ADMIN]
2023-11-30T01:07:13.179-07:00  INFO 36396 --- [http-nio-8080-exec-8] c.c.c.security.JwtAuthenticationFilter   : Authorities: [ROLE_USER, ROLE_ADMIN]
2023-11-30T01:07:13.180-07:00  INFO 36396 --- [http-nio-8080-exec-7] c.c.c.security.JwtAuthenticationFilter   : SecurityContextImpl [Authentication=UsernamePasswordAuthenticationToken [Principal=Admin1, Credentials=[PROTECTED], Authenticated=true, Details=WebAuthenticationDetails [RemoteIpAddress=0:0:0:0:0:0:0:1, SessionId=null], Granted Authorities=[ROLE_USER, ROLE_ADMIN]]]
2023-11-30T01:07:13.180-07:00  INFO 36396 --- [http-nio-8080-exec-1] c.c.c.security.JwtAuthenticationFilter   : SecurityContextImpl [Authentication=UsernamePasswordAuthenticationToken [Principal=Admin1, Credentials=[PROTECTED], Authenticated=true, Details=WebAuthenticationDetails [RemoteIpAddress=0:0:0:0:0:0:0:1, SessionId=null], Granted Authorities=[ROLE_USER, ROLE_ADMIN]]]
2023-11-30T01:07:13.180-07:00  INFO 36396 --- [http-nio-8080-exec-8] c.c.c.security.JwtAuthenticationFilter   : SecurityContextImpl [Authentication=UsernamePasswordAuthenticationToken [Principal=Admin1, Credentials=[PROTECTED], Authenticated=true, Details=WebAuthenticationDetails [RemoteIpAddress=0:0:0:0:0:0:0:1, SessionId=null], Granted Authorities=[ROLE_USER, ROLE_ADMIN]]]
2023-11-30T01:07:13.180-07:00  INFO 36396 --- [http-nio-8080-exec-10] c.c.c.security.JwtAuthenticationFilter   : Authorities: [ROLE_USER, ROLE_ADMIN]
2023-11-30T01:07:13.180-07:00  INFO 36396 --- [http-nio-8080-exec-4] c.c.c.security.JwtAuthenticationFilter   : SecurityContextImpl [Authentication=UsernamePasswordAuthenticationToken [Principal=Admin1, Credentials=[PROTECTED], Authenticated=true, Details=WebAuthenticationDetails [RemoteIpAddress=0:0:0:0:0:0:0:1, SessionId=null], Granted Authorities=[ROLE_USER, ROLE_ADMIN]]]
2023-11-30T01:07:13.180-07:00  INFO 36396 --- [http-nio-8080-exec-10] c.c.c.security.JwtAuthenticationFilter   : SecurityContextImpl [Authentication=UsernamePasswordAuthenticationToken [Principal=Admin1, Credentials=[PROTECTED], Authenticated=true, Details=WebAuthenticationDetails [RemoteIpAddress=0:0:0:0:0:0:0:1, SessionId=null], Granted Authorities=[ROLE_USER, ROLE_ADMIN]]]
2023-11-30T01:07:13.180-07:00  INFO 36396 --- [http-nio-8080-exec-3] c.c.c.security.JwtAuthenticationFilter   : Authorities: [ROLE_USER, ROLE_ADMIN]
2023-11-30T01:07:13.180-07:00  INFO 36396 --- [http-nio-8080-exec-3] c.c.c.security.JwtAuthenticationFilter   : SecurityContextImpl [Authentication=UsernamePasswordAuthenticationToken [Principal=Admin1, Credentials=[PROTECTED], Authenticated=true, Details=WebAuthenticationDetails [RemoteIpAddress=0:0:0:0:0:0:0:1, SessionId=null], Granted Authorities=[ROLE_USER, ROLE_ADMIN]]]
2023-11-30T01:07:13.180-07:00 DEBUG 36396 --- [http-nio-8080-exec-7] o.s.security.web.FilterChainProxy        : Secured GET /api/images/movie/2
2023-11-30T01:07:13.181-07:00 DEBUG 36396 --- [http-nio-8080-exec-8] o.s.security.web.FilterChainProxy        : Secured GET /api/images/movie/6
2023-11-30T01:07:13.181-07:00 DEBUG 36396 --- [http-nio-8080-exec-10] o.s.security.web.FilterChainProxy        : Secured GET /api/images/movie/9
2023-11-30T01:07:13.181-07:00 DEBUG 36396 --- [http-nio-8080-exec-1] o.s.security.web.FilterChainProxy        : Secured GET /api/images/movie/1
2023-11-30T01:07:13.181-07:00 DEBUG 36396 --- [http-nio-8080-exec-4] o.s.security.web.FilterChainProxy        : Secured GET /api/images/movie/5
2023-11-30T01:07:13.181-07:00 DEBUG 36396 --- [http-nio-8080-exec-3] o.s.security.web.FilterChainProxy        : Secured GET /api/images/movie/10
2023-11-30T01:07:13.181-07:00 DEBUG 36396 --- [http-nio-8080-exec-7] horizationManagerBeforeMethodInterceptor : Authorizing method invocation ReflectiveMethodInvocation: public org.springframework.http.ResponseEntity com.cm.cinematchapp.controllers.ImageController.getMoviePoster(java.lang.Long) throws java.io.IOException; target is of class [com.cm.cinematchapp.controllers.ImageController]
2023-11-30T01:07:13.181-07:00 DEBUG 36396 --- [http-nio-8080-exec-8] horizationManagerBeforeMethodInterceptor : Authorizing method invocation ReflectiveMethodInvocation: public org.springframework.http.ResponseEntity com.cm.cinematchapp.controllers.ImageController.getMoviePoster(java.lang.Long) throws java.io.IOException; target is of class [com.cm.cinematchapp.controllers.ImageController]
2023-11-30T01:07:13.181-07:00 DEBUG 36396 --- [http-nio-8080-exec-10] horizationManagerBeforeMethodInterceptor : Authorizing method invocation ReflectiveMethodInvocation: public org.springframework.http.ResponseEntity com.cm.cinematchapp.controllers.ImageController.getMoviePoster(java.lang.Long) throws java.io.IOException; target is of class [com.cm.cinematchapp.controllers.ImageController]
2023-11-30T01:07:13.181-07:00 DEBUG 36396 --- [http-nio-8080-exec-3] horizationManagerBeforeMethodInterceptor : Authorizing method invocation ReflectiveMethodInvocation: public org.springframework.http.ResponseEntity com.cm.cinematchapp.controllers.ImageController.getMoviePoster(java.lang.Long) throws java.io.IOException; target is of class [com.cm.cinematchapp.controllers.ImageController]
2023-11-30T01:07:13.181-07:00 DEBUG 36396 --- [http-nio-8080-exec-1] horizationManagerBeforeMethodInterceptor : Authorizing method invocation ReflectiveMethodInvocation: public org.springframework.http.ResponseEntity com.cm.cinematchapp.controllers.ImageController.getMoviePoster(java.lang.Long) throws java.io.IOException; target is of class [com.cm.cinematchapp.controllers.ImageController]
2023-11-30T01:07:13.181-07:00 DEBUG 36396 --- [http-nio-8080-exec-4] horizationManagerBeforeMethodInterceptor : Authorizing method invocation ReflectiveMethodInvocation: public org.springframework.http.ResponseEntity com.cm.cinematchapp.controllers.ImageController.getMoviePoster(java.lang.Long) throws java.io.IOException; target is of class [com.cm.cinematchapp.controllers.ImageController]
2023-11-30T01:07:13.181-07:00 DEBUG 36396 --- [http-nio-8080-exec-7] horizationManagerBeforeMethodInterceptor : Authorized method invocation ReflectiveMethodInvocation: public org.springframework.http.ResponseEntity com.cm.cinematchapp.controllers.ImageController.getMoviePoster(java.lang.Long) throws java.io.IOException; target is of class [com.cm.cinematchapp.controllers.ImageController]
2023-11-30T01:07:13.181-07:00 DEBUG 36396 --- [http-nio-8080-exec-3] horizationManagerBeforeMethodInterceptor : Authorized method invocation ReflectiveMethodInvocation: public org.springframework.http.ResponseEntity com.cm.cinematchapp.controllers.ImageController.getMoviePoster(java.lang.Long) throws java.io.IOException; target is of class [com.cm.cinematchapp.controllers.ImageController]
2023-11-30T01:07:13.181-07:00 DEBUG 36396 --- [http-nio-8080-exec-10] horizationManagerBeforeMethodInterceptor : Authorized method invocation ReflectiveMethodInvocation: public org.springframework.http.ResponseEntity com.cm.cinematchapp.controllers.ImageController.getMoviePoster(java.lang.Long) throws java.io.IOException; target is of class [com.cm.cinematchapp.controllers.ImageController]
2023-11-30T01:07:13.181-07:00 DEBUG 36396 --- [http-nio-8080-exec-8] horizationManagerBeforeMethodInterceptor : Authorized method invocation ReflectiveMethodInvocation: public org.springframework.http.ResponseEntity com.cm.cinematchapp.controllers.ImageController.getMoviePoster(java.lang.Long) throws java.io.IOException; target is of class [com.cm.cinematchapp.controllers.ImageController]
2023-11-30T01:07:13.181-07:00 DEBUG 36396 --- [http-nio-8080-exec-1] horizationManagerBeforeMethodInterceptor : Authorized method invocation ReflectiveMethodInvocation: public org.springframework.http.ResponseEntity com.cm.cinematchapp.controllers.ImageController.getMoviePoster(java.lang.Long) throws java.io.IOException; target is of class [com.cm.cinematchapp.controllers.ImageController]
2023-11-30T01:07:13.181-07:00 DEBUG 36396 --- [http-nio-8080-exec-4] horizationManagerBeforeMethodInterceptor : Authorized method invocation ReflectiveMethodInvocation: public org.springframework.http.ResponseEntity com.cm.cinematchapp.controllers.ImageController.getMoviePoster(java.lang.Long) throws java.io.IOException; target is of class [com.cm.cinematchapp.controllers.ImageController]
2023-11-30T01:07:13.183-07:00 DEBUG 36396 --- [http-nio-8080-exec-1] org.hibernate.SQL                        : 
    select
        m1_0.movie_id,
        m1_0.description,
        m1_0.poster_id,
        m1_0.rated,
        m1_0.title,
        m1_0.year 
    from
        movie m1_0 
    where
        m1_0.movie_id=?
2023-11-30T01:07:13.183-07:00 DEBUG 36396 --- [http-nio-8080-exec-4] org.hibernate.SQL                        : 
    select
        m1_0.movie_id,
        m1_0.description,
        m1_0.poster_id,
        m1_0.rated,
        m1_0.title,
        m1_0.year 
    from
        movie m1_0 
    where
        m1_0.movie_id=?
2023-11-30T01:07:13.183-07:00 DEBUG 36396 --- [http-nio-8080-exec-10] org.hibernate.SQL                        : 
    select
        m1_0.movie_id,
        m1_0.description,
        m1_0.poster_id,
        m1_0.rated,
        m1_0.title,
        m1_0.year 
    from
        movie m1_0 
    where
        m1_0.movie_id=?
2023-11-30T01:07:13.183-07:00 DEBUG 36396 --- [http-nio-8080-exec-8] org.hibernate.SQL                        : 
    select
        m1_0.movie_id,
        m1_0.description,
        m1_0.poster_id,
        m1_0.rated,
        m1_0.title,
        m1_0.year 
    from
        movie m1_0 
    where
        m1_0.movie_id=?
2023-11-30T01:07:13.183-07:00 DEBUG 36396 --- [http-nio-8080-exec-3] org.hibernate.SQL                        : 
    select
        m1_0.movie_id,
        m1_0.description,
        m1_0.poster_id,
        m1_0.rated,
        m1_0.title,
        m1_0.year 
    from
        movie m1_0 
    where
        m1_0.movie_id=?
2023-11-30T01:07:13.183-07:00 DEBUG 36396 --- [http-nio-8080-exec-7] org.hibernate.SQL                        : 
    select
        m1_0.movie_id,
        m1_0.description,
        m1_0.poster_id,
        m1_0.rated,
        m1_0.title,
        m1_0.year 
    from
        movie m1_0 
    where
        m1_0.movie_id=?
2023-11-30T01:07:13.183-07:00 DEBUG 36396 --- [http-nio-8080-exec-10] org.hibernate.SQL                        : 
    select
        m1_0.poster_id,
        m1_0.file_name,
        m1_0.path,
        m1_0.file_size 
    from
        movie_poster m1_0 
    where
        m1_0.poster_id=?
2023-11-30T01:07:13.183-07:00 DEBUG 36396 --- [http-nio-8080-exec-1] org.hibernate.SQL                        : 
    select
        m1_0.poster_id,
        m1_0.file_name,
        m1_0.path,
        m1_0.file_size 
    from
        movie_poster m1_0 
    where
        m1_0.poster_id=?
2023-11-30T01:07:13.183-07:00 DEBUG 36396 --- [http-nio-8080-exec-7] org.hibernate.SQL                        : 
    select
        m1_0.poster_id,
        m1_0.file_name,
        m1_0.path,
        m1_0.file_size 
    from
        movie_poster m1_0 
    where
        m1_0.poster_id=?
2023-11-30T01:07:13.183-07:00 DEBUG 36396 --- [http-nio-8080-exec-3] org.hibernate.SQL                        : 
    select
        m1_0.poster_id,
        m1_0.file_name,
        m1_0.path,
        m1_0.file_size 
    from
        movie_poster m1_0 
    where
        m1_0.poster_id=?
2023-11-30T01:07:13.183-07:00 DEBUG 36396 --- [http-nio-8080-exec-8] org.hibernate.SQL                        : 
    select
        m1_0.poster_id,
        m1_0.file_name,
        m1_0.path,
        m1_0.file_size 
    from
        movie_poster m1_0 
    where
        m1_0.poster_id=?
2023-11-30T01:07:13.183-07:00 DEBUG 36396 --- [http-nio-8080-exec-4] org.hibernate.SQL                        : 
    select
        m1_0.poster_id,
        m1_0.file_name,
        m1_0.path,
        m1_0.file_size 
    from
        movie_poster m1_0 
    where
        m1_0.poster_id=?
2023-11-30T01:07:13.187-07:00 DEBUG 36396 --- [http-nio-8080-exec-9] o.s.security.web.FilterChainProxy        : Securing GET /api/images/movie/12
2023-11-30T01:07:13.187-07:00 DEBUG 36396 --- [http-nio-8080-exec-2] o.s.security.web.FilterChainProxy        : Securing GET /api/images/movie/14
2023-11-30T01:07:13.187-07:00 DEBUG 36396 --- [http-nio-8080-exec-6] o.s.security.web.FilterChainProxy        : Securing GET /api/images/movie/13
2023-11-30T01:07:13.188-07:00 DEBUG 36396 --- [http-nio-8080-exec-5] o.s.security.web.FilterChainProxy        : Securing GET /api/images/movie/15
2023-11-30T01:07:13.188-07:00 DEBUG 36396 --- [http-nio-8080-exec-8] o.s.security.web.FilterChainProxy        : Securing GET /api/images/movie/16
2023-11-30T01:07:13.188-07:00 DEBUG 36396 --- [http-nio-8080-exec-4] o.s.security.web.FilterChainProxy        : Securing GET /api/images/movie/17
2023-11-30T01:07:13.188-07:00  INFO 36396 --- [http-nio-8080-exec-2] c.c.c.security.JwtAuthenticationFilter   : authToken:eyJ0eXAiOiJKV1QiLCJhbGciOiJIUzI1NiJ9.eyJleHAiOjE3MDEzMzQ3NjAsInVzZXJuYW1lIjoiQWRtaW4xIn0.8zFzAfL_tmmn_VPovheH85S05JsisWdt-rL_iZu2uKs
2023-11-30T01:07:13.188-07:00  INFO 36396 --- [http-nio-8080-exec-6] c.c.c.security.JwtAuthenticationFilter   : authToken:eyJ0eXAiOiJKV1QiLCJhbGciOiJIUzI1NiJ9.eyJleHAiOjE3MDEzMzQ3NjAsInVzZXJuYW1lIjoiQWRtaW4xIn0.8zFzAfL_tmmn_VPovheH85S05JsisWdt-rL_iZu2uKs
2023-11-30T01:07:13.188-07:00  INFO 36396 --- [http-nio-8080-exec-9] c.c.c.security.JwtAuthenticationFilter   : authToken:eyJ0eXAiOiJKV1QiLCJhbGciOiJIUzI1NiJ9.eyJleHAiOjE3MDEzMzQ3NjAsInVzZXJuYW1lIjoiQWRtaW4xIn0.8zFzAfL_tmmn_VPovheH85S05JsisWdt-rL_iZu2uKs
2023-11-30T01:07:13.188-07:00  INFO 36396 --- [http-nio-8080-exec-5] c.c.c.security.JwtAuthenticationFilter   : authToken:eyJ0eXAiOiJKV1QiLCJhbGciOiJIUzI1NiJ9.eyJleHAiOjE3MDEzMzQ3NjAsInVzZXJuYW1lIjoiQWRtaW4xIn0.8zFzAfL_tmmn_VPovheH85S05JsisWdt-rL_iZu2uKs
2023-11-30T01:07:13.188-07:00  INFO 36396 --- [http-nio-8080-exec-8] c.c.c.security.JwtAuthenticationFilter   : authToken:eyJ0eXAiOiJKV1QiLCJhbGciOiJIUzI1NiJ9.eyJleHAiOjE3MDEzMzQ3NjAsInVzZXJuYW1lIjoiQWRtaW4xIn0.8zFzAfL_tmmn_VPovheH85S05JsisWdt-rL_iZu2uKs
2023-11-30T01:07:13.188-07:00  INFO 36396 --- [http-nio-8080-exec-4] c.c.c.security.JwtAuthenticationFilter   : authToken:eyJ0eXAiOiJKV1QiLCJhbGciOiJIUzI1NiJ9.eyJleHAiOjE3MDEzMzQ3NjAsInVzZXJuYW1lIjoiQWRtaW4xIn0.8zFzAfL_tmmn_VPovheH85S05JsisWdt-rL_iZu2uKs
2023-11-30T01:07:13.188-07:00  INFO 36396 --- [http-nio-8080-exec-5] c.c.c.security.JwtAuthenticationFilter   : username: Admin1
2023-11-30T01:07:13.188-07:00  INFO 36396 --- [http-nio-8080-exec-2] c.c.c.security.JwtAuthenticationFilter   : username: Admin1
2023-11-30T01:07:13.188-07:00  INFO 36396 --- [http-nio-8080-exec-8] c.c.c.security.JwtAuthenticationFilter   : username: Admin1
2023-11-30T01:07:13.188-07:00  INFO 36396 --- [http-nio-8080-exec-9] c.c.c.security.JwtAuthenticationFilter   : username: Admin1
2023-11-30T01:07:13.188-07:00  INFO 36396 --- [http-nio-8080-exec-6] c.c.c.security.JwtAuthenticationFilter   : username: Admin1
2023-11-30T01:07:13.188-07:00  INFO 36396 --- [http-nio-8080-exec-4] c.c.c.security.JwtAuthenticationFilter   : username: Admin1
2023-11-30T01:07:13.190-07:00 DEBUG 36396 --- [http-nio-8080-exec-4] org.hibernate.SQL                        : 
    select
        u1_0.user_id,
        u1_0.avatar_id,
        u1_0.email,
        u1_0.first_name,
        u1_0.last_name,
        u1_0.password,
        u1_0.username 
    from
        user u1_0 
    where
        upper(u1_0.username)=upper(?)
2023-11-30T01:07:13.190-07:00 DEBUG 36396 --- [http-nio-8080-exec-2] org.hibernate.SQL                        : 
    select
        u1_0.user_id,
        u1_0.avatar_id,
        u1_0.email,
        u1_0.first_name,
        u1_0.last_name,
        u1_0.password,
        u1_0.username 
    from
        user u1_0 
    where
        upper(u1_0.username)=upper(?)
2023-11-30T01:07:13.190-07:00 DEBUG 36396 --- [http-nio-8080-exec-6] org.hibernate.SQL                        : 
    select
        u1_0.user_id,
        u1_0.avatar_id,
        u1_0.email,
        u1_0.first_name,
        u1_0.last_name,
        u1_0.password,
        u1_0.username 
    from
        user u1_0 
    where
        upper(u1_0.username)=upper(?)
2023-11-30T01:07:13.190-07:00 DEBUG 36396 --- [http-nio-8080-exec-5] org.hibernate.SQL                        : 
    select
        u1_0.user_id,
        u1_0.avatar_id,
        u1_0.email,
        u1_0.first_name,
        u1_0.last_name,
        u1_0.password,
        u1_0.username 
    from
        user u1_0 
    where
        upper(u1_0.username)=upper(?)
2023-11-30T01:07:13.191-07:00 DEBUG 36396 --- [http-nio-8080-exec-8] org.hibernate.SQL                        : 
    select
        u1_0.user_id,
        u1_0.avatar_id,
        u1_0.email,
        u1_0.first_name,
        u1_0.last_name,
        u1_0.password,
        u1_0.username 
    from
        user u1_0 
    where
        upper(u1_0.username)=upper(?)
2023-11-30T01:07:13.191-07:00 DEBUG 36396 --- [http-nio-8080-exec-9] org.hibernate.SQL                        : 
    select
        u1_0.user_id,
        u1_0.avatar_id,
        u1_0.email,
        u1_0.first_name,
        u1_0.last_name,
        u1_0.password,
        u1_0.username 
    from
        user u1_0 
    where
        upper(u1_0.username)=upper(?)
2023-11-30T01:07:13.191-07:00 DEBUG 36396 --- [http-nio-8080-exec-9] org.hibernate.SQL                        : 
    select
        r1_0.user_id,
        r1_1.role_id,
        r1_1.name 
    from
        user_roles r1_0 
    join
        role r1_1 
            on r1_1.role_id=r1_0.role_id 
    where
        r1_0.user_id=?
2023-11-30T01:07:13.191-07:00 DEBUG 36396 --- [http-nio-8080-exec-8] org.hibernate.SQL                        : 
    select
        r1_0.user_id,
        r1_1.role_id,
        r1_1.name 
    from
        user_roles r1_0 
    join
        role r1_1 
            on r1_1.role_id=r1_0.role_id 
    where
        r1_0.user_id=?
2023-11-30T01:07:13.191-07:00 DEBUG 36396 --- [http-nio-8080-exec-5] org.hibernate.SQL                        : 
    select
        r1_0.user_id,
        r1_1.role_id,
        r1_1.name 
    from
        user_roles r1_0 
    join
        role r1_1 
            on r1_1.role_id=r1_0.role_id 
    where
        r1_0.user_id=?
2023-11-30T01:07:13.191-07:00 DEBUG 36396 --- [http-nio-8080-exec-2] org.hibernate.SQL                        : 
    select
        r1_0.user_id,
        r1_1.role_id,
        r1_1.name 
    from
        user_roles r1_0 
    join
        role r1_1 
            on r1_1.role_id=r1_0.role_id 
    where
        r1_0.user_id=?
2023-11-30T01:07:13.191-07:00 DEBUG 36396 --- [http-nio-8080-exec-4] org.hibernate.SQL                        : 
    select
        r1_0.user_id,
        r1_1.role_id,
        r1_1.name 
    from
        user_roles r1_0 
    join
        role r1_1 
            on r1_1.role_id=r1_0.role_id 
    where
        r1_0.user_id=?
2023-11-30T01:07:13.191-07:00 DEBUG 36396 --- [http-nio-8080-exec-6] org.hibernate.SQL                        : 
    select
        r1_0.user_id,
        r1_1.role_id,
        r1_1.name 
    from
        user_roles r1_0 
    join
        role r1_1 
            on r1_1.role_id=r1_0.role_id 
    where
        r1_0.user_id=?
2023-11-30T01:07:13.193-07:00  INFO 36396 --- [http-nio-8080-exec-8] c.c.c.security.JwtAuthenticationFilter   : Authorities: [ROLE_USER, ROLE_ADMIN]
2023-11-30T01:07:13.193-07:00  INFO 36396 --- [http-nio-8080-exec-2] c.c.c.security.JwtAuthenticationFilter   : Authorities: [ROLE_USER, ROLE_ADMIN]
2023-11-30T01:07:13.193-07:00  INFO 36396 --- [http-nio-8080-exec-9] c.c.c.security.JwtAuthenticationFilter   : Authorities: [ROLE_USER, ROLE_ADMIN]
2023-11-30T01:07:13.193-07:00  INFO 36396 --- [http-nio-8080-exec-5] c.c.c.security.JwtAuthenticationFilter   : Authorities: [ROLE_USER, ROLE_ADMIN]
2023-11-30T01:07:13.193-07:00  INFO 36396 --- [http-nio-8080-exec-6] c.c.c.security.JwtAuthenticationFilter   : Authorities: [ROLE_USER, ROLE_ADMIN]
2023-11-30T01:07:13.193-07:00  INFO 36396 --- [http-nio-8080-exec-4] c.c.c.security.JwtAuthenticationFilter   : Authorities: [ROLE_USER, ROLE_ADMIN]
2023-11-30T01:07:13.193-07:00  INFO 36396 --- [http-nio-8080-exec-8] c.c.c.security.JwtAuthenticationFilter   : SecurityContextImpl [Authentication=UsernamePasswordAuthenticationToken [Principal=Admin1, Credentials=[PROTECTED], Authenticated=true, Details=WebAuthenticationDetails [RemoteIpAddress=0:0:0:0:0:0:0:1, SessionId=null], Granted Authorities=[ROLE_USER, ROLE_ADMIN]]]
2023-11-30T01:07:13.193-07:00  INFO 36396 --- [http-nio-8080-exec-2] c.c.c.security.JwtAuthenticationFilter   : SecurityContextImpl [Authentication=UsernamePasswordAuthenticationToken [Principal=Admin1, Credentials=[PROTECTED], Authenticated=true, Details=WebAuthenticationDetails [RemoteIpAddress=0:0:0:0:0:0:0:1, SessionId=null], Granted Authorities=[ROLE_USER, ROLE_ADMIN]]]
2023-11-30T01:07:13.193-07:00  INFO 36396 --- [http-nio-8080-exec-6] c.c.c.security.JwtAuthenticationFilter   : SecurityContextImpl [Authentication=UsernamePasswordAuthenticationToken [Principal=Admin1, Credentials=[PROTECTED], Authenticated=true, Details=WebAuthenticationDetails [RemoteIpAddress=0:0:0:0:0:0:0:1, SessionId=null], Granted Authorities=[ROLE_USER, ROLE_ADMIN]]]
2023-11-30T01:07:13.193-07:00  INFO 36396 --- [http-nio-8080-exec-5] c.c.c.security.JwtAuthenticationFilter   : SecurityContextImpl [Authentication=UsernamePasswordAuthenticationToken [Principal=Admin1, Credentials=[PROTECTED], Authenticated=true, Details=WebAuthenticationDetails [RemoteIpAddress=0:0:0:0:0:0:0:1, SessionId=null], Granted Authorities=[ROLE_USER, ROLE_ADMIN]]]
2023-11-30T01:07:13.193-07:00  INFO 36396 --- [http-nio-8080-exec-9] c.c.c.security.JwtAuthenticationFilter   : SecurityContextImpl [Authentication=UsernamePasswordAuthenticationToken [Principal=Admin1, Credentials=[PROTECTED], Authenticated=true, Details=WebAuthenticationDetails [RemoteIpAddress=0:0:0:0:0:0:0:1, SessionId=null], Granted Authorities=[ROLE_USER, ROLE_ADMIN]]]
2023-11-30T01:07:13.193-07:00  INFO 36396 --- [http-nio-8080-exec-4] c.c.c.security.JwtAuthenticationFilter   : SecurityContextImpl [Authentication=UsernamePasswordAuthenticationToken [Principal=Admin1, Credentials=[PROTECTED], Authenticated=true, Details=WebAuthenticationDetails [RemoteIpAddress=0:0:0:0:0:0:0:1, SessionId=null], Granted Authorities=[ROLE_USER, ROLE_ADMIN]]]
2023-11-30T01:07:13.194-07:00 DEBUG 36396 --- [http-nio-8080-exec-6] o.s.security.web.FilterChainProxy        : Secured GET /api/images/movie/13
2023-11-30T01:07:13.195-07:00 DEBUG 36396 --- [http-nio-8080-exec-8] o.s.security.web.FilterChainProxy        : Secured GET /api/images/movie/16
2023-11-30T01:07:13.195-07:00 DEBUG 36396 --- [http-nio-8080-exec-9] o.s.security.web.FilterChainProxy        : Secured GET /api/images/movie/12
2023-11-30T01:07:13.195-07:00 DEBUG 36396 --- [http-nio-8080-exec-4] o.s.security.web.FilterChainProxy        : Secured GET /api/images/movie/17
2023-11-30T01:07:13.195-07:00 DEBUG 36396 --- [http-nio-8080-exec-5] o.s.security.web.FilterChainProxy        : Secured GET /api/images/movie/15
2023-11-30T01:07:13.195-07:00 DEBUG 36396 --- [http-nio-8080-exec-2] o.s.security.web.FilterChainProxy        : Secured GET /api/images/movie/14
2023-11-30T01:07:13.195-07:00 DEBUG 36396 --- [http-nio-8080-exec-6] horizationManagerBeforeMethodInterceptor : Authorizing method invocation ReflectiveMethodInvocation: public org.springframework.http.ResponseEntity com.cm.cinematchapp.controllers.ImageController.getMoviePoster(java.lang.Long) throws java.io.IOException; target is of class [com.cm.cinematchapp.controllers.ImageController]
2023-11-30T01:07:13.195-07:00 DEBUG 36396 --- [http-nio-8080-exec-8] horizationManagerBeforeMethodInterceptor : Authorizing method invocation ReflectiveMethodInvocation: public org.springframework.http.ResponseEntity com.cm.cinematchapp.controllers.ImageController.getMoviePoster(java.lang.Long) throws java.io.IOException; target is of class [com.cm.cinematchapp.controllers.ImageController]
2023-11-30T01:07:13.195-07:00 DEBUG 36396 --- [http-nio-8080-exec-4] horizationManagerBeforeMethodInterceptor : Authorizing method invocation ReflectiveMethodInvocation: public org.springframework.http.ResponseEntity com.cm.cinematchapp.controllers.ImageController.getMoviePoster(java.lang.Long) throws java.io.IOException; target is of class [com.cm.cinematchapp.controllers.ImageController]
2023-11-30T01:07:13.195-07:00 DEBUG 36396 --- [http-nio-8080-exec-9] horizationManagerBeforeMethodInterceptor : Authorizing method invocation ReflectiveMethodInvocation: public org.springframework.http.ResponseEntity com.cm.cinematchapp.controllers.ImageController.getMoviePoster(java.lang.Long) throws java.io.IOException; target is of class [com.cm.cinematchapp.controllers.ImageController]
2023-11-30T01:07:13.195-07:00 DEBUG 36396 --- [http-nio-8080-exec-5] horizationManagerBeforeMethodInterceptor : Authorizing method invocation ReflectiveMethodInvocation: public org.springframework.http.ResponseEntity com.cm.cinematchapp.controllers.ImageController.getMoviePoster(java.lang.Long) throws java.io.IOException; target is of class [com.cm.cinematchapp.controllers.ImageController]
2023-11-30T01:07:13.195-07:00 DEBUG 36396 --- [http-nio-8080-exec-2] horizationManagerBeforeMethodInterceptor : Authorizing method invocation ReflectiveMethodInvocation: public org.springframework.http.ResponseEntity com.cm.cinematchapp.controllers.ImageController.getMoviePoster(java.lang.Long) throws java.io.IOException; target is of class [com.cm.cinematchapp.controllers.ImageController]
2023-11-30T01:07:13.195-07:00 DEBUG 36396 --- [http-nio-8080-exec-6] horizationManagerBeforeMethodInterceptor : Authorized method invocation ReflectiveMethodInvocation: public org.springframework.http.ResponseEntity com.cm.cinematchapp.controllers.ImageController.getMoviePoster(java.lang.Long) throws java.io.IOException; target is of class [com.cm.cinematchapp.controllers.ImageController]
2023-11-30T01:07:13.195-07:00 DEBUG 36396 --- [http-nio-8080-exec-4] horizationManagerBeforeMethodInterceptor : Authorized method invocation ReflectiveMethodInvocation: public org.springframework.http.ResponseEntity com.cm.cinematchapp.controllers.ImageController.getMoviePoster(java.lang.Long) throws java.io.IOException; target is of class [com.cm.cinematchapp.controllers.ImageController]
2023-11-30T01:07:13.195-07:00 DEBUG 36396 --- [http-nio-8080-exec-8] horizationManagerBeforeMethodInterceptor : Authorized method invocation ReflectiveMethodInvocation: public org.springframework.http.ResponseEntity com.cm.cinematchapp.controllers.ImageController.getMoviePoster(java.lang.Long) throws java.io.IOException; target is of class [com.cm.cinematchapp.controllers.ImageController]
2023-11-30T01:07:13.195-07:00 DEBUG 36396 --- [http-nio-8080-exec-9] horizationManagerBeforeMethodInterceptor : Authorized method invocation ReflectiveMethodInvocation: public org.springframework.http.ResponseEntity com.cm.cinematchapp.controllers.ImageController.getMoviePoster(java.lang.Long) throws java.io.IOException; target is of class [com.cm.cinematchapp.controllers.ImageController]
2023-11-30T01:07:13.195-07:00 DEBUG 36396 --- [http-nio-8080-exec-2] horizationManagerBeforeMethodInterceptor : Authorized method invocation ReflectiveMethodInvocation: public org.springframework.http.ResponseEntity com.cm.cinematchapp.controllers.ImageController.getMoviePoster(java.lang.Long) throws java.io.IOException; target is of class [com.cm.cinematchapp.controllers.ImageController]
2023-11-30T01:07:13.195-07:00 DEBUG 36396 --- [http-nio-8080-exec-5] horizationManagerBeforeMethodInterceptor : Authorized method invocation ReflectiveMethodInvocation: public org.springframework.http.ResponseEntity com.cm.cinematchapp.controllers.ImageController.getMoviePoster(java.lang.Long) throws java.io.IOException; target is of class [com.cm.cinematchapp.controllers.ImageController]
2023-11-30T01:07:13.196-07:00 DEBUG 36396 --- [http-nio-8080-exec-5] org.hibernate.SQL                        : 
    select
        m1_0.movie_id,
        m1_0.description,
        m1_0.poster_id,
        m1_0.rated,
        m1_0.title,
        m1_0.year 
    from
        movie m1_0 
    where
        m1_0.movie_id=?
2023-11-30T01:07:13.196-07:00 DEBUG 36396 --- [http-nio-8080-exec-2] org.hibernate.SQL                        : 
    select
        m1_0.movie_id,
        m1_0.description,
        m1_0.poster_id,
        m1_0.rated,
        m1_0.title,
        m1_0.year 
    from
        movie m1_0 
    where
        m1_0.movie_id=?
2023-11-30T01:07:13.196-07:00 DEBUG 36396 --- [http-nio-8080-exec-9] org.hibernate.SQL                        : 
    select
        m1_0.movie_id,
        m1_0.description,
        m1_0.poster_id,
        m1_0.rated,
        m1_0.title,
        m1_0.year 
    from
        movie m1_0 
    where
        m1_0.movie_id=?
2023-11-30T01:07:13.196-07:00 DEBUG 36396 --- [http-nio-8080-exec-4] org.hibernate.SQL                        : 
    select
        m1_0.movie_id,
        m1_0.description,
        m1_0.poster_id,
        m1_0.rated,
        m1_0.title,
        m1_0.year 
    from
        movie m1_0 
    where
        m1_0.movie_id=?
2023-11-30T01:07:13.196-07:00 DEBUG 36396 --- [http-nio-8080-exec-6] org.hibernate.SQL                        : 
    select
        m1_0.movie_id,
        m1_0.description,
        m1_0.poster_id,
        m1_0.rated,
        m1_0.title,
        m1_0.year 
    from
        movie m1_0 
    where
        m1_0.movie_id=?
2023-11-30T01:07:13.196-07:00 DEBUG 36396 --- [http-nio-8080-exec-8] org.hibernate.SQL                        : 
    select
        m1_0.movie_id,
        m1_0.description,
        m1_0.poster_id,
        m1_0.rated,
        m1_0.title,
        m1_0.year 
    from
        movie m1_0 
    where
        m1_0.movie_id=?
2023-11-30T01:07:13.197-07:00 DEBUG 36396 --- [http-nio-8080-exec-6] org.hibernate.SQL                        : 
    select
        m1_0.poster_id,
        m1_0.file_name,
        m1_0.path,
        m1_0.file_size 
    from
        movie_poster m1_0 
    where
        m1_0.poster_id=?
2023-11-30T01:07:13.197-07:00 DEBUG 36396 --- [http-nio-8080-exec-4] org.hibernate.SQL                        : 
    select
        m1_0.poster_id,
        m1_0.file_name,
        m1_0.path,
        m1_0.file_size 
    from
        movie_poster m1_0 
    where
        m1_0.poster_id=?
2023-11-30T01:07:13.197-07:00 DEBUG 36396 --- [http-nio-8080-exec-5] org.hibernate.SQL                        : 
    select
        m1_0.poster_id,
        m1_0.file_name,
        m1_0.path,
        m1_0.file_size 
    from
        movie_poster m1_0 
    where
        m1_0.poster_id=?
2023-11-30T01:07:13.197-07:00 DEBUG 36396 --- [http-nio-8080-exec-2] org.hibernate.SQL                        : 
    select
        m1_0.poster_id,
        m1_0.file_name,
        m1_0.path,
        m1_0.file_size 
    from
        movie_poster m1_0 
    where
        m1_0.poster_id=?
2023-11-30T01:07:13.197-07:00 DEBUG 36396 --- [http-nio-8080-exec-8] org.hibernate.SQL                        : 
    select
        m1_0.poster_id,
        m1_0.file_name,
        m1_0.path,
        m1_0.file_size 
    from
        movie_poster m1_0 
    where
        m1_0.poster_id=?
2023-11-30T01:07:13.197-07:00 DEBUG 36396 --- [http-nio-8080-exec-9] org.hibernate.SQL                        : 
    select
        m1_0.poster_id,
        m1_0.file_name,
        m1_0.path,
        m1_0.file_size 
    from
        movie_poster m1_0 
    where
        m1_0.poster_id=?
2023-11-30T01:07:13.202-07:00 DEBUG 36396 --- [http-nio-8080-exec-10] o.s.security.web.FilterChainProxy        : Securing GET /api/images/movie/19
2023-11-30T01:07:13.202-07:00 DEBUG 36396 --- [http-nio-8080-exec-1] o.s.security.web.FilterChainProxy        : Securing GET /api/images/movie/18
2023-11-30T01:07:13.202-07:00  INFO 36396 --- [http-nio-8080-exec-1] c.c.c.security.JwtAuthenticationFilter   : authToken:eyJ0eXAiOiJKV1QiLCJhbGciOiJIUzI1NiJ9.eyJleHAiOjE3MDEzMzQ3NjAsInVzZXJuYW1lIjoiQWRtaW4xIn0.8zFzAfL_tmmn_VPovheH85S05JsisWdt-rL_iZu2uKs
2023-11-30T01:07:13.202-07:00  INFO 36396 --- [http-nio-8080-exec-10] c.c.c.security.JwtAuthenticationFilter   : authToken:eyJ0eXAiOiJKV1QiLCJhbGciOiJIUzI1NiJ9.eyJleHAiOjE3MDEzMzQ3NjAsInVzZXJuYW1lIjoiQWRtaW4xIn0.8zFzAfL_tmmn_VPovheH85S05JsisWdt-rL_iZu2uKs
2023-11-30T01:07:13.202-07:00  INFO 36396 --- [http-nio-8080-exec-1] c.c.c.security.JwtAuthenticationFilter   : username: Admin1
2023-11-30T01:07:13.202-07:00  INFO 36396 --- [http-nio-8080-exec-10] c.c.c.security.JwtAuthenticationFilter   : username: Admin1
2023-11-30T01:07:13.204-07:00 DEBUG 36396 --- [http-nio-8080-exec-10] org.hibernate.SQL                        : 
    select
        u1_0.user_id,
        u1_0.avatar_id,
        u1_0.email,
        u1_0.first_name,
        u1_0.last_name,
        u1_0.password,
        u1_0.username 
    from
        user u1_0 
    where
        upper(u1_0.username)=upper(?)
2023-11-30T01:07:13.204-07:00 DEBUG 36396 --- [http-nio-8080-exec-1] org.hibernate.SQL                        : 
    select
        u1_0.user_id,
        u1_0.avatar_id,
        u1_0.email,
        u1_0.first_name,
        u1_0.last_name,
        u1_0.password,
        u1_0.username 
    from
        user u1_0 
    where
        upper(u1_0.username)=upper(?)
2023-11-30T01:07:13.205-07:00 DEBUG 36396 --- [http-nio-8080-exec-1] org.hibernate.SQL                        : 
    select
        r1_0.user_id,
        r1_1.role_id,
        r1_1.name 
    from
        user_roles r1_0 
    join
        role r1_1 
            on r1_1.role_id=r1_0.role_id 
    where
        r1_0.user_id=?
2023-11-30T01:07:13.205-07:00 DEBUG 36396 --- [http-nio-8080-exec-10] org.hibernate.SQL                        : 
    select
        r1_0.user_id,
        r1_1.role_id,
        r1_1.name 
    from
        user_roles r1_0 
    join
        role r1_1 
            on r1_1.role_id=r1_0.role_id 
    where
        r1_0.user_id=?
2023-11-30T01:07:13.206-07:00  INFO 36396 --- [http-nio-8080-exec-10] c.c.c.security.JwtAuthenticationFilter   : Authorities: [ROLE_USER, ROLE_ADMIN]
2023-11-30T01:07:13.206-07:00  INFO 36396 --- [http-nio-8080-exec-1] c.c.c.security.JwtAuthenticationFilter   : Authorities: [ROLE_USER, ROLE_ADMIN]
2023-11-30T01:07:13.206-07:00  INFO 36396 --- [http-nio-8080-exec-10] c.c.c.security.JwtAuthenticationFilter   : SecurityContextImpl [Authentication=UsernamePasswordAuthenticationToken [Principal=Admin1, Credentials=[PROTECTED], Authenticated=true, Details=WebAuthenticationDetails [RemoteIpAddress=0:0:0:0:0:0:0:1, SessionId=null], Granted Authorities=[ROLE_USER, ROLE_ADMIN]]]
2023-11-30T01:07:13.206-07:00  INFO 36396 --- [http-nio-8080-exec-1] c.c.c.security.JwtAuthenticationFilter   : SecurityContextImpl [Authentication=UsernamePasswordAuthenticationToken [Principal=Admin1, Credentials=[PROTECTED], Authenticated=true, Details=WebAuthenticationDetails [RemoteIpAddress=0:0:0:0:0:0:0:1, SessionId=null], Granted Authorities=[ROLE_USER, ROLE_ADMIN]]]
2023-11-30T01:07:13.207-07:00 DEBUG 36396 --- [http-nio-8080-exec-1] o.s.security.web.FilterChainProxy        : Secured GET /api/images/movie/18
2023-11-30T01:07:13.207-07:00 DEBUG 36396 --- [http-nio-8080-exec-10] o.s.security.web.FilterChainProxy        : Secured GET /api/images/movie/19
2023-11-30T01:07:13.208-07:00 DEBUG 36396 --- [http-nio-8080-exec-1] horizationManagerBeforeMethodInterceptor : Authorizing method invocation ReflectiveMethodInvocation: public org.springframework.http.ResponseEntity com.cm.cinematchapp.controllers.ImageController.getMoviePoster(java.lang.Long) throws java.io.IOException; target is of class [com.cm.cinematchapp.controllers.ImageController]
2023-11-30T01:07:13.208-07:00 DEBUG 36396 --- [http-nio-8080-exec-10] horizationManagerBeforeMethodInterceptor : Authorizing method invocation ReflectiveMethodInvocation: public org.springframework.http.ResponseEntity com.cm.cinematchapp.controllers.ImageController.getMoviePoster(java.lang.Long) throws java.io.IOException; target is of class [com.cm.cinematchapp.controllers.ImageController]
2023-11-30T01:07:13.208-07:00 DEBUG 36396 --- [http-nio-8080-exec-1] horizationManagerBeforeMethodInterceptor : Authorized method invocation ReflectiveMethodInvocation: public org.springframework.http.ResponseEntity com.cm.cinematchapp.controllers.ImageController.getMoviePoster(java.lang.Long) throws java.io.IOException; target is of class [com.cm.cinematchapp.controllers.ImageController]
2023-11-30T01:07:13.208-07:00 DEBUG 36396 --- [http-nio-8080-exec-10] horizationManagerBeforeMethodInterceptor : Authorized method invocation ReflectiveMethodInvocation: public org.springframework.http.ResponseEntity com.cm.cinematchapp.controllers.ImageController.getMoviePoster(java.lang.Long) throws java.io.IOException; target is of class [com.cm.cinematchapp.controllers.ImageController]
2023-11-30T01:07:13.209-07:00 DEBUG 36396 --- [http-nio-8080-exec-10] org.hibernate.SQL                        : 
    select
        m1_0.movie_id,
        m1_0.description,
        m1_0.poster_id,
        m1_0.rated,
        m1_0.title,
        m1_0.year 
    from
        movie m1_0 
    where
        m1_0.movie_id=?
2023-11-30T01:07:13.209-07:00 DEBUG 36396 --- [http-nio-8080-exec-1] org.hibernate.SQL                        : 
    select
        m1_0.movie_id,
        m1_0.description,
        m1_0.poster_id,
        m1_0.rated,
        m1_0.title,
        m1_0.year 
    from
        movie m1_0 
    where
        m1_0.movie_id=?
2023-11-30T01:07:13.209-07:00 DEBUG 36396 --- [http-nio-8080-exec-10] org.hibernate.SQL                        : 
    select
        m1_0.poster_id,
        m1_0.file_name,
        m1_0.path,
        m1_0.file_size 
    from
        movie_poster m1_0 
    where
        m1_0.poster_id=?
2023-11-30T01:07:13.209-07:00 DEBUG 36396 --- [http-nio-8080-exec-1] org.hibernate.SQL                        : 
    select
        m1_0.poster_id,
        m1_0.file_name,
        m1_0.path,
        m1_0.file_size 
    from
        movie_poster m1_0 
    where
        m1_0.poster_id=?
2023-11-30T01:07:40.524-07:00 DEBUG 36396 --- [http-nio-8080-exec-7] o.s.security.web.FilterChainProxy        : Securing OPTIONS /api/entities/movies
2023-11-30T01:07:40.527-07:00 DEBUG 36396 --- [http-nio-8080-exec-3] o.s.security.web.FilterChainProxy        : Securing GET /api/entities/movies
2023-11-30T01:07:40.527-07:00  INFO 36396 --- [http-nio-8080-exec-3] c.c.c.security.JwtAuthenticationFilter   : authToken:eyJ0eXAiOiJKV1QiLCJhbGciOiJIUzI1NiJ9.eyJleHAiOjE3MDEzMzQ3NjAsInVzZXJuYW1lIjoiQWRtaW4xIn0.8zFzAfL_tmmn_VPovheH85S05JsisWdt-rL_iZu2uKs
2023-11-30T01:07:40.527-07:00  INFO 36396 --- [http-nio-8080-exec-3] c.c.c.security.JwtAuthenticationFilter   : username: Admin1
2023-11-30T01:07:40.529-07:00 DEBUG 36396 --- [http-nio-8080-exec-3] org.hibernate.SQL                        : 
    select
        u1_0.user_id,
        u1_0.avatar_id,
        u1_0.email,
        u1_0.first_name,
        u1_0.last_name,
        u1_0.password,
        u1_0.username 
    from
        user u1_0 
    where
        upper(u1_0.username)=upper(?)
2023-11-30T01:07:40.530-07:00 DEBUG 36396 --- [http-nio-8080-exec-3] org.hibernate.SQL                        : 
    select
        r1_0.user_id,
        r1_1.role_id,
        r1_1.name 
    from
        user_roles r1_0 
    join
        role r1_1 
            on r1_1.role_id=r1_0.role_id 
    where
        r1_0.user_id=?
2023-11-30T01:07:40.531-07:00  INFO 36396 --- [http-nio-8080-exec-3] c.c.c.security.JwtAuthenticationFilter   : Authorities: [ROLE_USER, ROLE_ADMIN]
2023-11-30T01:07:40.531-07:00  INFO 36396 --- [http-nio-8080-exec-3] c.c.c.security.JwtAuthenticationFilter   : SecurityContextImpl [Authentication=UsernamePasswordAuthenticationToken [Principal=Admin1, Credentials=[PROTECTED], Authenticated=true, Details=WebAuthenticationDetails [RemoteIpAddress=0:0:0:0:0:0:0:1, SessionId=null], Granted Authorities=[ROLE_USER, ROLE_ADMIN]]]
2023-11-30T01:07:40.531-07:00 DEBUG 36396 --- [http-nio-8080-exec-3] o.s.security.web.FilterChainProxy        : Secured GET /api/entities/movies
2023-11-30T01:07:40.532-07:00 DEBUG 36396 --- [http-nio-8080-exec-3] horizationManagerBeforeMethodInterceptor : Authorizing method invocation ReflectiveMethodInvocation: public org.springframework.http.ResponseEntity com.cm.cinematchapp.controllers.EntityController.getAllMovies(); target is of class [com.cm.cinematchapp.controllers.EntityController]
2023-11-30T01:07:40.532-07:00 DEBUG 36396 --- [http-nio-8080-exec-3] horizationManagerBeforeMethodInterceptor : Authorized method invocation ReflectiveMethodInvocation: public org.springframework.http.ResponseEntity com.cm.cinematchapp.controllers.EntityController.getAllMovies(); target is of class [com.cm.cinematchapp.controllers.EntityController]
2023-11-30T01:07:40.533-07:00 DEBUG 36396 --- [http-nio-8080-exec-3] org.hibernate.SQL                        : 
    select
        m1_0.movie_id,
        m1_0.description,
        m1_0.poster_id,
        m1_0.rated,
        m1_0.title,
        m1_0.year 
    from
        movie m1_0
2023-11-30T01:07:40.533-07:00 DEBUG 36396 --- [http-nio-8080-exec-3] org.hibernate.SQL                        : 
    select
        m1_0.poster_id,
        m1_0.file_name,
        m1_0.path,
        m1_0.file_size 
    from
        movie_poster m1_0 
    where
        m1_0.poster_id=?
2023-11-30T01:07:40.534-07:00 DEBUG 36396 --- [http-nio-8080-exec-3] org.hibernate.SQL                        : 
    select
        m1_0.poster_id,
        m1_0.file_name,
        m1_0.path,
        m1_0.file_size 
    from
        movie_poster m1_0 
    where
        m1_0.poster_id=?
2023-11-30T01:07:40.534-07:00 DEBUG 36396 --- [http-nio-8080-exec-3] org.hibernate.SQL                        : 
    select
        m1_0.poster_id,
        m1_0.file_name,
        m1_0.path,
        m1_0.file_size 
    from
        movie_poster m1_0 
    where
        m1_0.poster_id=?
2023-11-30T01:07:40.535-07:00 DEBUG 36396 --- [http-nio-8080-exec-3] org.hibernate.SQL                        : 
    select
        m1_0.poster_id,
        m1_0.file_name,
        m1_0.path,
        m1_0.file_size 
    from
        movie_poster m1_0 
    where
        m1_0.poster_id=?
2023-11-30T01:07:40.535-07:00 DEBUG 36396 --- [http-nio-8080-exec-3] org.hibernate.SQL                        : 
    select
        m1_0.poster_id,
        m1_0.file_name,
        m1_0.path,
        m1_0.file_size 
    from
        movie_poster m1_0 
    where
        m1_0.poster_id=?
2023-11-30T01:07:40.536-07:00 DEBUG 36396 --- [http-nio-8080-exec-3] org.hibernate.SQL                        : 
    select
        m1_0.poster_id,
        m1_0.file_name,
        m1_0.path,
        m1_0.file_size 
    from
        movie_poster m1_0 
    where
        m1_0.poster_id=?
2023-11-30T01:07:40.536-07:00 DEBUG 36396 --- [http-nio-8080-exec-3] org.hibernate.SQL                        : 
    select
        m1_0.poster_id,
        m1_0.file_name,
        m1_0.path,
        m1_0.file_size 
    from
        movie_poster m1_0 
    where
        m1_0.poster_id=?
2023-11-30T01:07:40.536-07:00 DEBUG 36396 --- [http-nio-8080-exec-3] org.hibernate.SQL                        : 
    select
        m1_0.poster_id,
        m1_0.file_name,
        m1_0.path,
        m1_0.file_size 
    from
        movie_poster m1_0 
    where
        m1_0.poster_id=?
2023-11-30T01:07:40.537-07:00 DEBUG 36396 --- [http-nio-8080-exec-3] org.hibernate.SQL                        : 
    select
        m1_0.poster_id,
        m1_0.file_name,
        m1_0.path,
        m1_0.file_size 
    from
        movie_poster m1_0 
    where
        m1_0.poster_id=?
2023-11-30T01:07:40.537-07:00 DEBUG 36396 --- [http-nio-8080-exec-3] org.hibernate.SQL                        : 
    select
        m1_0.poster_id,
        m1_0.file_name,
        m1_0.path,
        m1_0.file_size 
    from
        movie_poster m1_0 
    where
        m1_0.poster_id=?
2023-11-30T01:07:40.538-07:00 DEBUG 36396 --- [http-nio-8080-exec-3] org.hibernate.SQL                        : 
    select
        m1_0.poster_id,
        m1_0.file_name,
        m1_0.path,
        m1_0.file_size 
    from
        movie_poster m1_0 
    where
        m1_0.poster_id=?
2023-11-30T01:07:40.538-07:00 DEBUG 36396 --- [http-nio-8080-exec-3] org.hibernate.SQL                        : 
    select
        m1_0.poster_id,
        m1_0.file_name,
        m1_0.path,
        m1_0.file_size 
    from
        movie_poster m1_0 
    where
        m1_0.poster_id=?
2023-11-30T01:07:40.538-07:00 DEBUG 36396 --- [http-nio-8080-exec-3] org.hibernate.SQL                        : 
    select
        m1_0.poster_id,
        m1_0.file_name,
        m1_0.path,
        m1_0.file_size 
    from
        movie_poster m1_0 
    where
        m1_0.poster_id=?
2023-11-30T01:07:40.539-07:00 DEBUG 36396 --- [http-nio-8080-exec-3] org.hibernate.SQL                        : 
    select
        m1_0.poster_id,
        m1_0.file_name,
        m1_0.path,
        m1_0.file_size 
    from
        movie_poster m1_0 
    where
        m1_0.poster_id=?
2023-11-30T01:07:40.540-07:00 DEBUG 36396 --- [http-nio-8080-exec-3] org.hibernate.SQL                        : 
    select
        c1_0.streaming_info_id,
        c1_0.link,
        c1_0.service,
        c1_0.streaming_type 
    from
        country_info c1_0 
    where
        c1_0.streaming_info_id=?
2023-11-30T01:07:40.541-07:00 DEBUG 36396 --- [http-nio-8080-exec-3] org.hibernate.SQL                        : 
    select
        c1_0.streaming_info_id,
        c1_0.link,
        c1_0.service,
        c1_0.streaming_type 
    from
        country_info c1_0 
    where
        c1_0.streaming_info_id=?
2023-11-30T01:07:40.542-07:00 DEBUG 36396 --- [http-nio-8080-exec-3] org.hibernate.SQL                        : 
    select
        c1_0.streaming_info_id,
        c1_0.link,
        c1_0.service,
        c1_0.streaming_type 
    from
        country_info c1_0 
    where
        c1_0.streaming_info_id=?
2023-11-30T01:07:40.542-07:00 DEBUG 36396 --- [http-nio-8080-exec-3] org.hibernate.SQL                        : 
    select
        c1_0.streaming_info_id,
        c1_0.link,
        c1_0.service,
        c1_0.streaming_type 
    from
        country_info c1_0 
    where
        c1_0.streaming_info_id=?
2023-11-30T01:07:40.543-07:00 DEBUG 36396 --- [http-nio-8080-exec-3] org.hibernate.SQL                        : 
    select
        c1_0.streaming_info_id,
        c1_0.link,
        c1_0.service,
        c1_0.streaming_type 
    from
        country_info c1_0 
    where
        c1_0.streaming_info_id=?
2023-11-30T01:07:40.544-07:00 DEBUG 36396 --- [http-nio-8080-exec-3] org.hibernate.SQL                        : 
    select
        c1_0.streaming_info_id,
        c1_0.link,
        c1_0.service,
        c1_0.streaming_type 
    from
        country_info c1_0 
    where
        c1_0.streaming_info_id=?
2023-11-30T01:07:40.544-07:00 DEBUG 36396 --- [http-nio-8080-exec-3] org.hibernate.SQL                        : 
    select
        c1_0.streaming_info_id,
        c1_0.link,
        c1_0.service,
        c1_0.streaming_type 
    from
        country_info c1_0 
    where
        c1_0.streaming_info_id=?
2023-11-30T01:07:40.545-07:00 DEBUG 36396 --- [http-nio-8080-exec-3] org.hibernate.SQL                        : 
    select
        c1_0.streaming_info_id,
        c1_0.link,
        c1_0.service,
        c1_0.streaming_type 
    from
        country_info c1_0 
    where
        c1_0.streaming_info_id=?
2023-11-30T01:07:40.545-07:00 DEBUG 36396 --- [http-nio-8080-exec-3] org.hibernate.SQL                        : 
    select
        c1_0.streaming_info_id,
        c1_0.link,
        c1_0.service,
        c1_0.streaming_type 
    from
        country_info c1_0 
    where
        c1_0.streaming_info_id=?
2023-11-30T01:07:40.546-07:00 DEBUG 36396 --- [http-nio-8080-exec-3] org.hibernate.SQL                        : 
    select
        c1_0.streaming_info_id,
        c1_0.link,
        c1_0.service,
        c1_0.streaming_type 
    from
        country_info c1_0 
    where
        c1_0.streaming_info_id=?
2023-11-30T01:07:40.546-07:00 DEBUG 36396 --- [http-nio-8080-exec-3] org.hibernate.SQL                        : 
    select
        c1_0.streaming_info_id,
        c1_0.link,
        c1_0.service,
        c1_0.streaming_type 
    from
        country_info c1_0 
    where
        c1_0.streaming_info_id=?
2023-11-30T01:07:40.547-07:00 DEBUG 36396 --- [http-nio-8080-exec-3] org.hibernate.SQL                        : 
    select
        c1_0.streaming_info_id,
        c1_0.link,
        c1_0.service,
        c1_0.streaming_type 
    from
        country_info c1_0 
    where
        c1_0.streaming_info_id=?
2023-11-30T01:07:40.547-07:00 DEBUG 36396 --- [http-nio-8080-exec-3] org.hibernate.SQL                        : 
    select
        c1_0.streaming_info_id,
        c1_0.link,
        c1_0.service,
        c1_0.streaming_type 
    from
        country_info c1_0 
    where
        c1_0.streaming_info_id=?
2023-11-30T01:07:40.548-07:00 DEBUG 36396 --- [http-nio-8080-exec-3] org.hibernate.SQL                        : 
    select
        c1_0.streaming_info_id,
        c1_0.link,
        c1_0.service,
        c1_0.streaming_type 
    from
        country_info c1_0 
    where
        c1_0.streaming_info_id=?
2023-11-30T01:07:40.554-07:00 DEBUG 36396 --- [http-nio-8080-exec-4] o.s.security.web.FilterChainProxy        : Securing OPTIONS /api/images/movie/2
2023-11-30T01:07:40.554-07:00 DEBUG 36396 --- [http-nio-8080-exec-5] o.s.security.web.FilterChainProxy        : Securing OPTIONS /api/images/movie/1
2023-11-30T01:07:40.554-07:00 DEBUG 36396 --- [http-nio-8080-exec-9] o.s.security.web.FilterChainProxy        : Securing OPTIONS /api/images/movie/5
2023-11-30T01:07:40.555-07:00 DEBUG 36396 --- [http-nio-8080-exec-2] o.s.security.web.FilterChainProxy        : Securing OPTIONS /api/images/movie/6
2023-11-30T01:07:40.555-07:00 DEBUG 36396 --- [http-nio-8080-exec-8] o.s.security.web.FilterChainProxy        : Securing OPTIONS /api/images/movie/9
2023-11-30T01:07:40.557-07:00 DEBUG 36396 --- [http-nio-8080-exec-6] o.s.security.web.FilterChainProxy        : Securing OPTIONS /api/images/movie/10
2023-11-30T01:07:40.557-07:00 DEBUG 36396 --- [http-nio-8080-exec-1] o.s.security.web.FilterChainProxy        : Securing OPTIONS /api/images/movie/12
2023-11-30T01:07:40.557-07:00 DEBUG 36396 --- [http-nio-8080-exec-10] o.s.security.web.FilterChainProxy        : Securing OPTIONS /api/images/movie/13
2023-11-30T01:07:40.557-07:00 DEBUG 36396 --- [http-nio-8080-exec-7] o.s.security.web.FilterChainProxy        : Securing OPTIONS /api/images/movie/14
2023-11-30T01:07:40.557-07:00 DEBUG 36396 --- [http-nio-8080-exec-3] o.s.security.web.FilterChainProxy        : Securing GET /api/images/movie/1
2023-11-30T01:07:40.558-07:00  INFO 36396 --- [http-nio-8080-exec-3] c.c.c.security.JwtAuthenticationFilter   : authToken:eyJ0eXAiOiJKV1QiLCJhbGciOiJIUzI1NiJ9.eyJleHAiOjE3MDEzMzQ3NjAsInVzZXJuYW1lIjoiQWRtaW4xIn0.8zFzAfL_tmmn_VPovheH85S05JsisWdt-rL_iZu2uKs
2023-11-30T01:07:40.558-07:00  INFO 36396 --- [http-nio-8080-exec-3] c.c.c.security.JwtAuthenticationFilter   : username: Admin1
2023-11-30T01:07:40.558-07:00 DEBUG 36396 --- [http-nio-8080-exec-9] o.s.security.web.FilterChainProxy        : Securing OPTIONS /api/images/movie/15
2023-11-30T01:07:40.560-07:00 DEBUG 36396 --- [http-nio-8080-exec-3] org.hibernate.SQL                        : 
    select
        u1_0.user_id,
        u1_0.avatar_id,
        u1_0.email,
        u1_0.first_name,
        u1_0.last_name,
        u1_0.password,
        u1_0.username 
    from
        user u1_0 
    where
        upper(u1_0.username)=upper(?)
2023-11-30T01:07:40.560-07:00 DEBUG 36396 --- [http-nio-8080-exec-5] o.s.security.web.FilterChainProxy        : Securing OPTIONS /api/images/movie/16
2023-11-30T01:07:40.561-07:00 DEBUG 36396 --- [http-nio-8080-exec-4] o.s.security.web.FilterChainProxy        : Securing OPTIONS /api/images/movie/17
2023-11-30T01:07:40.561-07:00 DEBUG 36396 --- [http-nio-8080-exec-2] o.s.security.web.FilterChainProxy        : Securing OPTIONS /api/images/movie/18
2023-11-30T01:07:40.561-07:00 DEBUG 36396 --- [http-nio-8080-exec-3] org.hibernate.SQL                        : 
    select
        r1_0.user_id,
        r1_1.role_id,
        r1_1.name 
    from
        user_roles r1_0 
    join
        role r1_1 
            on r1_1.role_id=r1_0.role_id 
    where
        r1_0.user_id=?
2023-11-30T01:07:40.561-07:00 DEBUG 36396 --- [http-nio-8080-exec-8] o.s.security.web.FilterChainProxy        : Securing GET /api/images/movie/2
2023-11-30T01:07:40.561-07:00  INFO 36396 --- [http-nio-8080-exec-8] c.c.c.security.JwtAuthenticationFilter   : authToken:eyJ0eXAiOiJKV1QiLCJhbGciOiJIUzI1NiJ9.eyJleHAiOjE3MDEzMzQ3NjAsInVzZXJuYW1lIjoiQWRtaW4xIn0.8zFzAfL_tmmn_VPovheH85S05JsisWdt-rL_iZu2uKs
2023-11-30T01:07:40.561-07:00 DEBUG 36396 --- [http-nio-8080-exec-1] o.s.security.web.FilterChainProxy        : Securing GET /api/images/movie/5
2023-11-30T01:07:40.561-07:00  INFO 36396 --- [http-nio-8080-exec-8] c.c.c.security.JwtAuthenticationFilter   : username: Admin1
2023-11-30T01:07:40.562-07:00  INFO 36396 --- [http-nio-8080-exec-1] c.c.c.security.JwtAuthenticationFilter   : authToken:eyJ0eXAiOiJKV1QiLCJhbGciOiJIUzI1NiJ9.eyJleHAiOjE3MDEzMzQ3NjAsInVzZXJuYW1lIjoiQWRtaW4xIn0.8zFzAfL_tmmn_VPovheH85S05JsisWdt-rL_iZu2uKs
2023-11-30T01:07:40.562-07:00  INFO 36396 --- [http-nio-8080-exec-1] c.c.c.security.JwtAuthenticationFilter   : username: Admin1
2023-11-30T01:07:40.563-07:00 DEBUG 36396 --- [http-nio-8080-exec-6] o.s.security.web.FilterChainProxy        : Securing OPTIONS /api/images/movie/19
2023-11-30T01:07:40.563-07:00 DEBUG 36396 --- [http-nio-8080-exec-10] o.s.security.web.FilterChainProxy        : Securing GET /api/images/movie/6
2023-11-30T01:07:40.563-07:00 DEBUG 36396 --- [http-nio-8080-exec-7] o.s.security.web.FilterChainProxy        : Securing GET /api/images/movie/9
2023-11-30T01:07:40.564-07:00 DEBUG 36396 --- [http-nio-8080-exec-1] org.hibernate.SQL                        : 
    select
        u1_0.user_id,
        u1_0.avatar_id,
        u1_0.email,
        u1_0.first_name,
        u1_0.last_name,
        u1_0.password,
        u1_0.username 
    from
        user u1_0 
    where
        upper(u1_0.username)=upper(?)
2023-11-30T01:07:40.564-07:00 DEBUG 36396 --- [http-nio-8080-exec-8] org.hibernate.SQL                        : 
    select
        u1_0.user_id,
        u1_0.avatar_id,
        u1_0.email,
        u1_0.first_name,
        u1_0.last_name,
        u1_0.password,
        u1_0.username 
    from
        user u1_0 
    where
        upper(u1_0.username)=upper(?)
2023-11-30T01:07:40.564-07:00  INFO 36396 --- [http-nio-8080-exec-7] c.c.c.security.JwtAuthenticationFilter   : authToken:eyJ0eXAiOiJKV1QiLCJhbGciOiJIUzI1NiJ9.eyJleHAiOjE3MDEzMzQ3NjAsInVzZXJuYW1lIjoiQWRtaW4xIn0.8zFzAfL_tmmn_VPovheH85S05JsisWdt-rL_iZu2uKs
2023-11-30T01:07:40.564-07:00  INFO 36396 --- [http-nio-8080-exec-10] c.c.c.security.JwtAuthenticationFilter   : authToken:eyJ0eXAiOiJKV1QiLCJhbGciOiJIUzI1NiJ9.eyJleHAiOjE3MDEzMzQ3NjAsInVzZXJuYW1lIjoiQWRtaW4xIn0.8zFzAfL_tmmn_VPovheH85S05JsisWdt-rL_iZu2uKs
2023-11-30T01:07:40.564-07:00  INFO 36396 --- [http-nio-8080-exec-3] c.c.c.security.JwtAuthenticationFilter   : Authorities: [ROLE_USER, ROLE_ADMIN]
2023-11-30T01:07:40.564-07:00  INFO 36396 --- [http-nio-8080-exec-7] c.c.c.security.JwtAuthenticationFilter   : username: Admin1
2023-11-30T01:07:40.564-07:00  INFO 36396 --- [http-nio-8080-exec-10] c.c.c.security.JwtAuthenticationFilter   : username: Admin1
2023-11-30T01:07:40.564-07:00  INFO 36396 --- [http-nio-8080-exec-3] c.c.c.security.JwtAuthenticationFilter   : SecurityContextImpl [Authentication=UsernamePasswordAuthenticationToken [Principal=Admin1, Credentials=[PROTECTED], Authenticated=true, Details=WebAuthenticationDetails [RemoteIpAddress=0:0:0:0:0:0:0:1, SessionId=null], Granted Authorities=[ROLE_USER, ROLE_ADMIN]]]
2023-11-30T01:07:40.565-07:00 DEBUG 36396 --- [http-nio-8080-exec-1] org.hibernate.SQL                        : 
    select
        r1_0.user_id,
        r1_1.role_id,
        r1_1.name 
    from
        user_roles r1_0 
    join
        role r1_1 
            on r1_1.role_id=r1_0.role_id 
    where
        r1_0.user_id=?
2023-11-30T01:07:40.565-07:00 DEBUG 36396 --- [http-nio-8080-exec-8] org.hibernate.SQL                        : 
    select
        r1_0.user_id,
        r1_1.role_id,
        r1_1.name 
    from
        user_roles r1_0 
    join
        role r1_1 
            on r1_1.role_id=r1_0.role_id 
    where
        r1_0.user_id=?
2023-11-30T01:07:40.565-07:00 DEBUG 36396 --- [http-nio-8080-exec-9] o.s.security.web.FilterChainProxy        : Securing GET /api/images/movie/12
2023-11-30T01:07:40.565-07:00  INFO 36396 --- [http-nio-8080-exec-9] c.c.c.security.JwtAuthenticationFilter   : authToken:eyJ0eXAiOiJKV1QiLCJhbGciOiJIUzI1NiJ9.eyJleHAiOjE3MDEzMzQ3NjAsInVzZXJuYW1lIjoiQWRtaW4xIn0.8zFzAfL_tmmn_VPovheH85S05JsisWdt-rL_iZu2uKs
2023-11-30T01:07:40.565-07:00 DEBUG 36396 --- [http-nio-8080-exec-3] o.s.security.web.FilterChainProxy        : Secured GET /api/images/movie/1
2023-11-30T01:07:40.565-07:00  INFO 36396 --- [http-nio-8080-exec-9] c.c.c.security.JwtAuthenticationFilter   : username: Admin1
2023-11-30T01:07:40.566-07:00 DEBUG 36396 --- [http-nio-8080-exec-10] org.hibernate.SQL                        : 
    select
        u1_0.user_id,
        u1_0.avatar_id,
        u1_0.email,
        u1_0.first_name,
        u1_0.last_name,
        u1_0.password,
        u1_0.username 
    from
        user u1_0 
    where
        upper(u1_0.username)=upper(?)
2023-11-30T01:07:40.566-07:00 DEBUG 36396 --- [http-nio-8080-exec-3] horizationManagerBeforeMethodInterceptor : Authorizing method invocation ReflectiveMethodInvocation: public org.springframework.http.ResponseEntity com.cm.cinematchapp.controllers.ImageController.getMoviePoster(java.lang.Long) throws java.io.IOException; target is of class [com.cm.cinematchapp.controllers.ImageController]
2023-11-30T01:07:40.566-07:00  INFO 36396 --- [http-nio-8080-exec-1] c.c.c.security.JwtAuthenticationFilter   : Authorities: [ROLE_USER, ROLE_ADMIN]
2023-11-30T01:07:40.566-07:00  INFO 36396 --- [http-nio-8080-exec-1] c.c.c.security.JwtAuthenticationFilter   : SecurityContextImpl [Authentication=UsernamePasswordAuthenticationToken [Principal=Admin1, Credentials=[PROTECTED], Authenticated=true, Details=WebAuthenticationDetails [RemoteIpAddress=0:0:0:0:0:0:0:1, SessionId=null], Granted Authorities=[ROLE_USER, ROLE_ADMIN]]]
2023-11-30T01:07:40.566-07:00 DEBUG 36396 --- [http-nio-8080-exec-7] org.hibernate.SQL                        : 
    select
        u1_0.user_id,
        u1_0.avatar_id,
        u1_0.email,
        u1_0.first_name,
        u1_0.last_name,
        u1_0.password,
        u1_0.username 
    from
        user u1_0 
    where
        upper(u1_0.username)=upper(?)
2023-11-30T01:07:40.566-07:00 DEBUG 36396 --- [http-nio-8080-exec-3] horizationManagerBeforeMethodInterceptor : Authorized method invocation ReflectiveMethodInvocation: public org.springframework.http.ResponseEntity com.cm.cinematchapp.controllers.ImageController.getMoviePoster(java.lang.Long) throws java.io.IOException; target is of class [com.cm.cinematchapp.controllers.ImageController]
2023-11-30T01:07:40.566-07:00  INFO 36396 --- [http-nio-8080-exec-8] c.c.c.security.JwtAuthenticationFilter   : Authorities: [ROLE_USER, ROLE_ADMIN]
2023-11-30T01:07:40.567-07:00  INFO 36396 --- [http-nio-8080-exec-8] c.c.c.security.JwtAuthenticationFilter   : SecurityContextImpl [Authentication=UsernamePasswordAuthenticationToken [Principal=Admin1, Credentials=[PROTECTED], Authenticated=true, Details=WebAuthenticationDetails [RemoteIpAddress=0:0:0:0:0:0:0:1, SessionId=null], Granted Authorities=[ROLE_USER, ROLE_ADMIN]]]
2023-11-30T01:07:40.567-07:00 DEBUG 36396 --- [http-nio-8080-exec-10] org.hibernate.SQL                        : 
    select
        r1_0.user_id,
        r1_1.role_id,
        r1_1.name 
    from
        user_roles r1_0 
    join
        role r1_1 
            on r1_1.role_id=r1_0.role_id 
    where
        r1_0.user_id=?
2023-11-30T01:07:40.567-07:00 DEBUG 36396 --- [http-nio-8080-exec-9] org.hibernate.SQL                        : 
    select
        u1_0.user_id,
        u1_0.avatar_id,
        u1_0.email,
        u1_0.first_name,
        u1_0.last_name,
        u1_0.password,
        u1_0.username 
    from
        user u1_0 
    where
        upper(u1_0.username)=upper(?)
2023-11-30T01:07:40.567-07:00 DEBUG 36396 --- [http-nio-8080-exec-7] org.hibernate.SQL                        : 
    select
        r1_0.user_id,
        r1_1.role_id,
        r1_1.name 
    from
        user_roles r1_0 
    join
        role r1_1 
            on r1_1.role_id=r1_0.role_id 
    where
        r1_0.user_id=?
2023-11-30T01:07:40.567-07:00 DEBUG 36396 --- [http-nio-8080-exec-3] org.hibernate.SQL                        : 
    select
        m1_0.movie_id,
        m1_0.description,
        m1_0.poster_id,
        m1_0.rated,
        m1_0.title,
        m1_0.year 
    from
        movie m1_0 
    where
        m1_0.movie_id=?
2023-11-30T01:07:40.567-07:00 DEBUG 36396 --- [http-nio-8080-exec-1] o.s.security.web.FilterChainProxy        : Secured GET /api/images/movie/5
2023-11-30T01:07:40.567-07:00 DEBUG 36396 --- [http-nio-8080-exec-9] org.hibernate.SQL                        : 
    select
        r1_0.user_id,
        r1_1.role_id,
        r1_1.name 
    from
        user_roles r1_0 
    join
        role r1_1 
            on r1_1.role_id=r1_0.role_id 
    where
        r1_0.user_id=?
2023-11-30T01:07:40.567-07:00 DEBUG 36396 --- [http-nio-8080-exec-1] horizationManagerBeforeMethodInterceptor : Authorizing method invocation ReflectiveMethodInvocation: public org.springframework.http.ResponseEntity com.cm.cinematchapp.controllers.ImageController.getMoviePoster(java.lang.Long) throws java.io.IOException; target is of class [com.cm.cinematchapp.controllers.ImageController]
2023-11-30T01:07:40.567-07:00 DEBUG 36396 --- [http-nio-8080-exec-3] org.hibernate.SQL                        : 
    select
        m1_0.poster_id,
        m1_0.file_name,
        m1_0.path,
        m1_0.file_size 
    from
        movie_poster m1_0 
    where
        m1_0.poster_id=?
2023-11-30T01:07:40.567-07:00 DEBUG 36396 --- [http-nio-8080-exec-8] o.s.security.web.FilterChainProxy        : Secured GET /api/images/movie/2
2023-11-30T01:07:40.572-07:00  INFO 36396 --- [http-nio-8080-exec-7] c.c.c.security.JwtAuthenticationFilter   : Authorities: [ROLE_USER, ROLE_ADMIN]
2023-11-30T01:07:40.572-07:00  INFO 36396 --- [http-nio-8080-exec-7] c.c.c.security.JwtAuthenticationFilter   : SecurityContextImpl [Authentication=UsernamePasswordAuthenticationToken [Principal=Admin1, Credentials=[PROTECTED], Authenticated=true, Details=WebAuthenticationDetails [RemoteIpAddress=0:0:0:0:0:0:0:1, SessionId=null], Granted Authorities=[ROLE_USER, ROLE_ADMIN]]]
2023-11-30T01:07:40.572-07:00 DEBUG 36396 --- [http-nio-8080-exec-1] horizationManagerBeforeMethodInterceptor : Authorized method invocation ReflectiveMethodInvocation: public org.springframework.http.ResponseEntity com.cm.cinematchapp.controllers.ImageController.getMoviePoster(java.lang.Long) throws java.io.IOException; target is of class [com.cm.cinematchapp.controllers.ImageController]
2023-11-30T01:07:40.572-07:00  INFO 36396 --- [http-nio-8080-exec-10] c.c.c.security.JwtAuthenticationFilter   : Authorities: [ROLE_USER, ROLE_ADMIN]
2023-11-30T01:07:40.572-07:00 DEBUG 36396 --- [http-nio-8080-exec-8] horizationManagerBeforeMethodInterceptor : Authorizing method invocation ReflectiveMethodInvocation: public org.springframework.http.ResponseEntity com.cm.cinematchapp.controllers.ImageController.getMoviePoster(java.lang.Long) throws java.io.IOException; target is of class [com.cm.cinematchapp.controllers.ImageController]
2023-11-30T01:07:40.572-07:00  INFO 36396 --- [http-nio-8080-exec-10] c.c.c.security.JwtAuthenticationFilter   : SecurityContextImpl [Authentication=UsernamePasswordAuthenticationToken [Principal=Admin1, Credentials=[PROTECTED], Authenticated=true, Details=WebAuthenticationDetails [RemoteIpAddress=0:0:0:0:0:0:0:1, SessionId=null], Granted Authorities=[ROLE_USER, ROLE_ADMIN]]]
2023-11-30T01:07:40.573-07:00 DEBUG 36396 --- [http-nio-8080-exec-8] horizationManagerBeforeMethodInterceptor : Authorized method invocation ReflectiveMethodInvocation: public org.springframework.http.ResponseEntity com.cm.cinematchapp.controllers.ImageController.getMoviePoster(java.lang.Long) throws java.io.IOException; target is of class [com.cm.cinematchapp.controllers.ImageController]
2023-11-30T01:07:40.573-07:00  INFO 36396 --- [http-nio-8080-exec-9] c.c.c.security.JwtAuthenticationFilter   : Authorities: [ROLE_USER, ROLE_ADMIN]
2023-11-30T01:07:40.573-07:00  INFO 36396 --- [http-nio-8080-exec-9] c.c.c.security.JwtAuthenticationFilter   : SecurityContextImpl [Authentication=UsernamePasswordAuthenticationToken [Principal=Admin1, Credentials=[PROTECTED], Authenticated=true, Details=WebAuthenticationDetails [RemoteIpAddress=0:0:0:0:0:0:0:1, SessionId=null], Granted Authorities=[ROLE_USER, ROLE_ADMIN]]]
2023-11-30T01:07:40.573-07:00 DEBUG 36396 --- [http-nio-8080-exec-10] o.s.security.web.FilterChainProxy        : Secured GET /api/images/movie/6
2023-11-30T01:07:40.573-07:00 DEBUG 36396 --- [http-nio-8080-exec-7] o.s.security.web.FilterChainProxy        : Secured GET /api/images/movie/9
2023-11-30T01:07:40.573-07:00 DEBUG 36396 --- [http-nio-8080-exec-10] horizationManagerBeforeMethodInterceptor : Authorizing method invocation ReflectiveMethodInvocation: public org.springframework.http.ResponseEntity com.cm.cinematchapp.controllers.ImageController.getMoviePoster(java.lang.Long) throws java.io.IOException; target is of class [com.cm.cinematchapp.controllers.ImageController]
2023-11-30T01:07:40.574-07:00 DEBUG 36396 --- [http-nio-8080-exec-1] org.hibernate.SQL                        : 
    select
        m1_0.movie_id,
        m1_0.description,
        m1_0.poster_id,
        m1_0.rated,
        m1_0.title,
        m1_0.year 
    from
        movie m1_0 
    where
        m1_0.movie_id=?
2023-11-30T01:07:40.574-07:00 DEBUG 36396 --- [http-nio-8080-exec-8] org.hibernate.SQL                        : 
    select
        m1_0.movie_id,
        m1_0.description,
        m1_0.poster_id,
        m1_0.rated,
        m1_0.title,
        m1_0.year 
    from
        movie m1_0 
    where
        m1_0.movie_id=?
2023-11-30T01:07:40.574-07:00 DEBUG 36396 --- [http-nio-8080-exec-10] horizationManagerBeforeMethodInterceptor : Authorized method invocation ReflectiveMethodInvocation: public org.springframework.http.ResponseEntity com.cm.cinematchapp.controllers.ImageController.getMoviePoster(java.lang.Long) throws java.io.IOException; target is of class [com.cm.cinematchapp.controllers.ImageController]
2023-11-30T01:07:40.574-07:00 DEBUG 36396 --- [http-nio-8080-exec-7] horizationManagerBeforeMethodInterceptor : Authorizing method invocation ReflectiveMethodInvocation: public org.springframework.http.ResponseEntity com.cm.cinematchapp.controllers.ImageController.getMoviePoster(java.lang.Long) throws java.io.IOException; target is of class [com.cm.cinematchapp.controllers.ImageController]
2023-11-30T01:07:40.574-07:00 DEBUG 36396 --- [http-nio-8080-exec-7] horizationManagerBeforeMethodInterceptor : Authorized method invocation ReflectiveMethodInvocation: public org.springframework.http.ResponseEntity com.cm.cinematchapp.controllers.ImageController.getMoviePoster(java.lang.Long) throws java.io.IOException; target is of class [com.cm.cinematchapp.controllers.ImageController]
2023-11-30T01:07:40.574-07:00 DEBUG 36396 --- [http-nio-8080-exec-9] o.s.security.web.FilterChainProxy        : Secured GET /api/images/movie/12
2023-11-30T01:07:40.574-07:00 DEBUG 36396 --- [http-nio-8080-exec-9] horizationManagerBeforeMethodInterceptor : Authorizing method invocation ReflectiveMethodInvocation: public org.springframework.http.ResponseEntity com.cm.cinematchapp.controllers.ImageController.getMoviePoster(java.lang.Long) throws java.io.IOException; target is of class [com.cm.cinematchapp.controllers.ImageController]
2023-11-30T01:07:40.574-07:00 DEBUG 36396 --- [http-nio-8080-exec-1] org.hibernate.SQL                        : 
    select
        m1_0.poster_id,
        m1_0.file_name,
        m1_0.path,
        m1_0.file_size 
    from
        movie_poster m1_0 
    where
        m1_0.poster_id=?
2023-11-30T01:07:40.574-07:00 DEBUG 36396 --- [http-nio-8080-exec-8] org.hibernate.SQL                        : 
    select
        m1_0.poster_id,
        m1_0.file_name,
        m1_0.path,
        m1_0.file_size 
    from
        movie_poster m1_0 
    where
        m1_0.poster_id=?
2023-11-30T01:07:40.574-07:00 DEBUG 36396 --- [http-nio-8080-exec-9] horizationManagerBeforeMethodInterceptor : Authorized method invocation ReflectiveMethodInvocation: public org.springframework.http.ResponseEntity com.cm.cinematchapp.controllers.ImageController.getMoviePoster(java.lang.Long) throws java.io.IOException; target is of class [com.cm.cinematchapp.controllers.ImageController]
2023-11-30T01:07:40.574-07:00 DEBUG 36396 --- [http-nio-8080-exec-10] org.hibernate.SQL                        : 
    select
        m1_0.movie_id,
        m1_0.description,
        m1_0.poster_id,
        m1_0.rated,
        m1_0.title,
        m1_0.year 
    from
        movie m1_0 
    where
        m1_0.movie_id=?
2023-11-30T01:07:40.575-07:00 DEBUG 36396 --- [http-nio-8080-exec-7] org.hibernate.SQL                        : 
    select
        m1_0.movie_id,
        m1_0.description,
        m1_0.poster_id,
        m1_0.rated,
        m1_0.title,
        m1_0.year 
    from
        movie m1_0 
    where
        m1_0.movie_id=?
2023-11-30T01:07:40.575-07:00 DEBUG 36396 --- [http-nio-8080-exec-10] org.hibernate.SQL                        : 
    select
        m1_0.poster_id,
        m1_0.file_name,
        m1_0.path,
        m1_0.file_size 
    from
        movie_poster m1_0 
    where
        m1_0.poster_id=?
2023-11-30T01:07:40.575-07:00 DEBUG 36396 --- [http-nio-8080-exec-5] o.s.security.web.FilterChainProxy        : Securing GET /api/images/movie/10
2023-11-30T01:07:40.575-07:00 DEBUG 36396 --- [http-nio-8080-exec-7] org.hibernate.SQL                        : 
    select
        m1_0.poster_id,
        m1_0.file_name,
        m1_0.path,
        m1_0.file_size 
    from
        movie_poster m1_0 
    where
        m1_0.poster_id=?
2023-11-30T01:07:40.575-07:00 DEBUG 36396 --- [http-nio-8080-exec-9] org.hibernate.SQL                        : 
    select
        m1_0.movie_id,
        m1_0.description,
        m1_0.poster_id,
        m1_0.rated,
        m1_0.title,
        m1_0.year 
    from
        movie m1_0 
    where
        m1_0.movie_id=?
2023-11-30T01:07:40.576-07:00  INFO 36396 --- [http-nio-8080-exec-5] c.c.c.security.JwtAuthenticationFilter   : authToken:eyJ0eXAiOiJKV1QiLCJhbGciOiJIUzI1NiJ9.eyJleHAiOjE3MDEzMzQ3NjAsInVzZXJuYW1lIjoiQWRtaW4xIn0.8zFzAfL_tmmn_VPovheH85S05JsisWdt-rL_iZu2uKs
2023-11-30T01:07:40.576-07:00 DEBUG 36396 --- [http-nio-8080-exec-9] org.hibernate.SQL                        : 
    select
        m1_0.poster_id,
        m1_0.file_name,
        m1_0.path,
        m1_0.file_size 
    from
        movie_poster m1_0 
    where
        m1_0.poster_id=?
2023-11-30T01:07:40.576-07:00  INFO 36396 --- [http-nio-8080-exec-5] c.c.c.security.JwtAuthenticationFilter   : username: Admin1
2023-11-30T01:07:40.577-07:00 DEBUG 36396 --- [http-nio-8080-exec-5] org.hibernate.SQL                        : 
    select
        u1_0.user_id,
        u1_0.avatar_id,
        u1_0.email,
        u1_0.first_name,
        u1_0.last_name,
        u1_0.password,
        u1_0.username 
    from
        user u1_0 
    where
        upper(u1_0.username)=upper(?)
2023-11-30T01:07:40.578-07:00 DEBUG 36396 --- [http-nio-8080-exec-2] o.s.security.web.FilterChainProxy        : Securing GET /api/images/movie/14
2023-11-30T01:07:40.578-07:00 DEBUG 36396 --- [http-nio-8080-exec-4] o.s.security.web.FilterChainProxy        : Securing GET /api/images/movie/13
2023-11-30T01:07:40.578-07:00  INFO 36396 --- [http-nio-8080-exec-2] c.c.c.security.JwtAuthenticationFilter   : authToken:eyJ0eXAiOiJKV1QiLCJhbGciOiJIUzI1NiJ9.eyJleHAiOjE3MDEzMzQ3NjAsInVzZXJuYW1lIjoiQWRtaW4xIn0.8zFzAfL_tmmn_VPovheH85S05JsisWdt-rL_iZu2uKs
2023-11-30T01:07:40.578-07:00  INFO 36396 --- [http-nio-8080-exec-4] c.c.c.security.JwtAuthenticationFilter   : authToken:eyJ0eXAiOiJKV1QiLCJhbGciOiJIUzI1NiJ9.eyJleHAiOjE3MDEzMzQ3NjAsInVzZXJuYW1lIjoiQWRtaW4xIn0.8zFzAfL_tmmn_VPovheH85S05JsisWdt-rL_iZu2uKs
2023-11-30T01:07:40.578-07:00 DEBUG 36396 --- [http-nio-8080-exec-5] org.hibernate.SQL                        : 
    select
        r1_0.user_id,
        r1_1.role_id,
        r1_1.name 
    from
        user_roles r1_0 
    join
        role r1_1 
            on r1_1.role_id=r1_0.role_id 
    where
        r1_0.user_id=?
2023-11-30T01:07:40.578-07:00  INFO 36396 --- [http-nio-8080-exec-2] c.c.c.security.JwtAuthenticationFilter   : username: Admin1
2023-11-30T01:07:40.578-07:00  INFO 36396 --- [http-nio-8080-exec-4] c.c.c.security.JwtAuthenticationFilter   : username: Admin1
2023-11-30T01:07:40.579-07:00 DEBUG 36396 --- [http-nio-8080-exec-6] o.s.security.web.FilterChainProxy        : Securing GET /api/images/movie/15
2023-11-30T01:07:40.580-07:00 DEBUG 36396 --- [http-nio-8080-exec-8] o.s.security.web.FilterChainProxy        : Securing GET /api/images/movie/18
2023-11-30T01:07:40.580-07:00 DEBUG 36396 --- [http-nio-8080-exec-2] org.hibernate.SQL                        : 
    select
        u1_0.user_id,
        u1_0.avatar_id,
        u1_0.email,
        u1_0.first_name,
        u1_0.last_name,
        u1_0.password,
        u1_0.username 
    from
        user u1_0 
    where
        upper(u1_0.username)=upper(?)
2023-11-30T01:07:40.580-07:00 DEBUG 36396 --- [http-nio-8080-exec-3] o.s.security.web.FilterChainProxy        : Securing GET /api/images/movie/16
2023-11-30T01:07:40.580-07:00  INFO 36396 --- [http-nio-8080-exec-5] c.c.c.security.JwtAuthenticationFilter   : Authorities: [ROLE_USER, ROLE_ADMIN]
2023-11-30T01:07:40.580-07:00  INFO 36396 --- [http-nio-8080-exec-8] c.c.c.security.JwtAuthenticationFilter   : authToken:eyJ0eXAiOiJKV1QiLCJhbGciOiJIUzI1NiJ9.eyJleHAiOjE3MDEzMzQ3NjAsInVzZXJuYW1lIjoiQWRtaW4xIn0.8zFzAfL_tmmn_VPovheH85S05JsisWdt-rL_iZu2uKs
2023-11-30T01:07:40.580-07:00 DEBUG 36396 --- [http-nio-8080-exec-4] org.hibernate.SQL                        : 
    select
        u1_0.user_id,
        u1_0.avatar_id,
        u1_0.email,
        u1_0.first_name,
        u1_0.last_name,
        u1_0.password,
        u1_0.username 
    from
        user u1_0 
    where
        upper(u1_0.username)=upper(?)
2023-11-30T01:07:40.581-07:00  INFO 36396 --- [http-nio-8080-exec-5] c.c.c.security.JwtAuthenticationFilter   : SecurityContextImpl [Authentication=UsernamePasswordAuthenticationToken [Principal=Admin1, Credentials=[PROTECTED], Authenticated=true, Details=WebAuthenticationDetails [RemoteIpAddress=0:0:0:0:0:0:0:1, SessionId=null], Granted Authorities=[ROLE_USER, ROLE_ADMIN]]]
2023-11-30T01:07:40.581-07:00  INFO 36396 --- [http-nio-8080-exec-3] c.c.c.security.JwtAuthenticationFilter   : authToken:eyJ0eXAiOiJKV1QiLCJhbGciOiJIUzI1NiJ9.eyJleHAiOjE3MDEzMzQ3NjAsInVzZXJuYW1lIjoiQWRtaW4xIn0.8zFzAfL_tmmn_VPovheH85S05JsisWdt-rL_iZu2uKs
2023-11-30T01:07:40.581-07:00  INFO 36396 --- [http-nio-8080-exec-6] c.c.c.security.JwtAuthenticationFilter   : authToken:eyJ0eXAiOiJKV1QiLCJhbGciOiJIUzI1NiJ9.eyJleHAiOjE3MDEzMzQ3NjAsInVzZXJuYW1lIjoiQWRtaW4xIn0.8zFzAfL_tmmn_VPovheH85S05JsisWdt-rL_iZu2uKs
2023-11-30T01:07:40.581-07:00  INFO 36396 --- [http-nio-8080-exec-8] c.c.c.security.JwtAuthenticationFilter   : username: Admin1
2023-11-30T01:07:40.581-07:00  INFO 36396 --- [http-nio-8080-exec-3] c.c.c.security.JwtAuthenticationFilter   : username: Admin1
2023-11-30T01:07:40.582-07:00 DEBUG 36396 --- [http-nio-8080-exec-4] org.hibernate.SQL                        : 
    select
        r1_0.user_id,
        r1_1.role_id,
        r1_1.name 
    from
        user_roles r1_0 
    join
        role r1_1 
            on r1_1.role_id=r1_0.role_id 
    where
        r1_0.user_id=?
2023-11-30T01:07:40.582-07:00 DEBUG 36396 --- [http-nio-8080-exec-2] org.hibernate.SQL                        : 
    select
        r1_0.user_id,
        r1_1.role_id,
        r1_1.name 
    from
        user_roles r1_0 
    join
        role r1_1 
            on r1_1.role_id=r1_0.role_id 
    where
        r1_0.user_id=?
2023-11-30T01:07:40.582-07:00  INFO 36396 --- [http-nio-8080-exec-6] c.c.c.security.JwtAuthenticationFilter   : username: Admin1
2023-11-30T01:07:40.583-07:00 DEBUG 36396 --- [http-nio-8080-exec-3] org.hibernate.SQL                        : 
    select
        u1_0.user_id,
        u1_0.avatar_id,
        u1_0.email,
        u1_0.first_name,
        u1_0.last_name,
        u1_0.password,
        u1_0.username 
    from
        user u1_0 
    where
        upper(u1_0.username)=upper(?)
2023-11-30T01:07:40.583-07:00 DEBUG 36396 --- [http-nio-8080-exec-5] o.s.security.web.FilterChainProxy        : Secured GET /api/images/movie/10
2023-11-30T01:07:40.584-07:00 DEBUG 36396 --- [http-nio-8080-exec-8] org.hibernate.SQL                        : 
    select
        u1_0.user_id,
        u1_0.avatar_id,
        u1_0.email,
        u1_0.first_name,
        u1_0.last_name,
        u1_0.password,
        u1_0.username 
    from
        user u1_0 
    where
        upper(u1_0.username)=upper(?)
2023-11-30T01:07:40.584-07:00 DEBUG 36396 --- [http-nio-8080-exec-3] org.hibernate.SQL                        : 
    select
        r1_0.user_id,
        r1_1.role_id,
        r1_1.name 
    from
        user_roles r1_0 
    join
        role r1_1 
            on r1_1.role_id=r1_0.role_id 
    where
        r1_0.user_id=?
2023-11-30T01:07:40.584-07:00 DEBUG 36396 --- [http-nio-8080-exec-6] org.hibernate.SQL                        : 
    select
        u1_0.user_id,
        u1_0.avatar_id,
        u1_0.email,
        u1_0.first_name,
        u1_0.last_name,
        u1_0.password,
        u1_0.username 
    from
        user u1_0 
    where
        upper(u1_0.username)=upper(?)
2023-11-30T01:07:40.584-07:00 DEBUG 36396 --- [http-nio-8080-exec-5] horizationManagerBeforeMethodInterceptor : Authorizing method invocation ReflectiveMethodInvocation: public org.springframework.http.ResponseEntity com.cm.cinematchapp.controllers.ImageController.getMoviePoster(java.lang.Long) throws java.io.IOException; target is of class [com.cm.cinematchapp.controllers.ImageController]
2023-11-30T01:07:40.584-07:00  INFO 36396 --- [http-nio-8080-exec-2] c.c.c.security.JwtAuthenticationFilter   : Authorities: [ROLE_USER, ROLE_ADMIN]
2023-11-30T01:07:40.584-07:00  INFO 36396 --- [http-nio-8080-exec-4] c.c.c.security.JwtAuthenticationFilter   : Authorities: [ROLE_USER, ROLE_ADMIN]
2023-11-30T01:07:40.584-07:00  INFO 36396 --- [http-nio-8080-exec-2] c.c.c.security.JwtAuthenticationFilter   : SecurityContextImpl [Authentication=UsernamePasswordAuthenticationToken [Principal=Admin1, Credentials=[PROTECTED], Authenticated=true, Details=WebAuthenticationDetails [RemoteIpAddress=0:0:0:0:0:0:0:1, SessionId=null], Granted Authorities=[ROLE_USER, ROLE_ADMIN]]]
2023-11-30T01:07:40.584-07:00  INFO 36396 --- [http-nio-8080-exec-4] c.c.c.security.JwtAuthenticationFilter   : SecurityContextImpl [Authentication=UsernamePasswordAuthenticationToken [Principal=Admin1, Credentials=[PROTECTED], Authenticated=true, Details=WebAuthenticationDetails [RemoteIpAddress=0:0:0:0:0:0:0:1, SessionId=null], Granted Authorities=[ROLE_USER, ROLE_ADMIN]]]
2023-11-30T01:07:40.584-07:00 DEBUG 36396 --- [http-nio-8080-exec-5] horizationManagerBeforeMethodInterceptor : Authorized method invocation ReflectiveMethodInvocation: public org.springframework.http.ResponseEntity com.cm.cinematchapp.controllers.ImageController.getMoviePoster(java.lang.Long) throws java.io.IOException; target is of class [com.cm.cinematchapp.controllers.ImageController]
2023-11-30T01:07:40.584-07:00 DEBUG 36396 --- [http-nio-8080-exec-8] org.hibernate.SQL                        : 
    select
        r1_0.user_id,
        r1_1.role_id,
        r1_1.name 
    from
        user_roles r1_0 
    join
        role r1_1 
            on r1_1.role_id=r1_0.role_id 
    where
        r1_0.user_id=?
2023-11-30T01:07:40.584-07:00 DEBUG 36396 --- [http-nio-8080-exec-6] org.hibernate.SQL                        : 
    select
        r1_0.user_id,
        r1_1.role_id,
        r1_1.name 
    from
        user_roles r1_0 
    join
        role r1_1 
            on r1_1.role_id=r1_0.role_id 
    where
        r1_0.user_id=?
2023-11-30T01:07:40.585-07:00  INFO 36396 --- [http-nio-8080-exec-3] c.c.c.security.JwtAuthenticationFilter   : Authorities: [ROLE_USER, ROLE_ADMIN]
2023-11-30T01:07:40.585-07:00  INFO 36396 --- [http-nio-8080-exec-3] c.c.c.security.JwtAuthenticationFilter   : SecurityContextImpl [Authentication=UsernamePasswordAuthenticationToken [Principal=Admin1, Credentials=[PROTECTED], Authenticated=true, Details=WebAuthenticationDetails [RemoteIpAddress=0:0:0:0:0:0:0:1, SessionId=null], Granted Authorities=[ROLE_USER, ROLE_ADMIN]]]
2023-11-30T01:07:40.585-07:00 DEBUG 36396 --- [http-nio-8080-exec-2] o.s.security.web.FilterChainProxy        : Secured GET /api/images/movie/14
2023-11-30T01:07:40.585-07:00 DEBUG 36396 --- [http-nio-8080-exec-4] o.s.security.web.FilterChainProxy        : Secured GET /api/images/movie/13
2023-11-30T01:07:40.585-07:00  INFO 36396 --- [http-nio-8080-exec-8] c.c.c.security.JwtAuthenticationFilter   : Authorities: [ROLE_USER, ROLE_ADMIN]
2023-11-30T01:07:40.585-07:00  INFO 36396 --- [http-nio-8080-exec-8] c.c.c.security.JwtAuthenticationFilter   : SecurityContextImpl [Authentication=UsernamePasswordAuthenticationToken [Principal=Admin1, Credentials=[PROTECTED], Authenticated=true, Details=WebAuthenticationDetails [RemoteIpAddress=0:0:0:0:0:0:0:1, SessionId=null], Granted Authorities=[ROLE_USER, ROLE_ADMIN]]]
2023-11-30T01:07:40.585-07:00 DEBUG 36396 --- [http-nio-8080-exec-5] org.hibernate.SQL                        : 
    select
        m1_0.movie_id,
        m1_0.description,
        m1_0.poster_id,
        m1_0.rated,
        m1_0.title,
        m1_0.year 
    from
        movie m1_0 
    where
        m1_0.movie_id=?
2023-11-30T01:07:40.585-07:00  INFO 36396 --- [http-nio-8080-exec-6] c.c.c.security.JwtAuthenticationFilter   : Authorities: [ROLE_USER, ROLE_ADMIN]
2023-11-30T01:07:40.585-07:00  INFO 36396 --- [http-nio-8080-exec-6] c.c.c.security.JwtAuthenticationFilter   : SecurityContextImpl [Authentication=UsernamePasswordAuthenticationToken [Principal=Admin1, Credentials=[PROTECTED], Authenticated=true, Details=WebAuthenticationDetails [RemoteIpAddress=0:0:0:0:0:0:0:1, SessionId=null], Granted Authorities=[ROLE_USER, ROLE_ADMIN]]]
2023-11-30T01:07:40.586-07:00 DEBUG 36396 --- [http-nio-8080-exec-4] horizationManagerBeforeMethodInterceptor : Authorizing method invocation ReflectiveMethodInvocation: public org.springframework.http.ResponseEntity com.cm.cinematchapp.controllers.ImageController.getMoviePoster(java.lang.Long) throws java.io.IOException; target is of class [com.cm.cinematchapp.controllers.ImageController]
2023-11-30T01:07:40.586-07:00 DEBUG 36396 --- [http-nio-8080-exec-2] horizationManagerBeforeMethodInterceptor : Authorizing method invocation ReflectiveMethodInvocation: public org.springframework.http.ResponseEntity com.cm.cinematchapp.controllers.ImageController.getMoviePoster(java.lang.Long) throws java.io.IOException; target is of class [com.cm.cinematchapp.controllers.ImageController]
2023-11-30T01:07:40.586-07:00 DEBUG 36396 --- [http-nio-8080-exec-4] horizationManagerBeforeMethodInterceptor : Authorized method invocation ReflectiveMethodInvocation: public org.springframework.http.ResponseEntity com.cm.cinematchapp.controllers.ImageController.getMoviePoster(java.lang.Long) throws java.io.IOException; target is of class [com.cm.cinematchapp.controllers.ImageController]
2023-11-30T01:07:40.586-07:00 DEBUG 36396 --- [http-nio-8080-exec-2] horizationManagerBeforeMethodInterceptor : Authorized method invocation ReflectiveMethodInvocation: public org.springframework.http.ResponseEntity com.cm.cinematchapp.controllers.ImageController.getMoviePoster(java.lang.Long) throws java.io.IOException; target is of class [com.cm.cinematchapp.controllers.ImageController]
2023-11-30T01:07:40.586-07:00 DEBUG 36396 --- [http-nio-8080-exec-5] org.hibernate.SQL                        : 
    select
        m1_0.poster_id,
        m1_0.file_name,
        m1_0.path,
        m1_0.file_size 
    from
        movie_poster m1_0 
    where
        m1_0.poster_id=?
2023-11-30T01:07:40.586-07:00 DEBUG 36396 --- [http-nio-8080-exec-3] o.s.security.web.FilterChainProxy        : Secured GET /api/images/movie/16
2023-11-30T01:07:40.587-07:00 DEBUG 36396 --- [http-nio-8080-exec-3] horizationManagerBeforeMethodInterceptor : Authorizing method invocation ReflectiveMethodInvocation: public org.springframework.http.ResponseEntity com.cm.cinematchapp.controllers.ImageController.getMoviePoster(java.lang.Long) throws java.io.IOException; target is of class [com.cm.cinematchapp.controllers.ImageController]
2023-11-30T01:07:40.587-07:00 DEBUG 36396 --- [http-nio-8080-exec-8] o.s.security.web.FilterChainProxy        : Secured GET /api/images/movie/18
2023-11-30T01:07:40.587-07:00 DEBUG 36396 --- [http-nio-8080-exec-3] horizationManagerBeforeMethodInterceptor : Authorized method invocation ReflectiveMethodInvocation: public org.springframework.http.ResponseEntity com.cm.cinematchapp.controllers.ImageController.getMoviePoster(java.lang.Long) throws java.io.IOException; target is of class [com.cm.cinematchapp.controllers.ImageController]
2023-11-30T01:07:40.587-07:00 DEBUG 36396 --- [http-nio-8080-exec-6] o.s.security.web.FilterChainProxy        : Secured GET /api/images/movie/15
2023-11-30T01:07:40.587-07:00 DEBUG 36396 --- [http-nio-8080-exec-8] horizationManagerBeforeMethodInterceptor : Authorizing method invocation ReflectiveMethodInvocation: public org.springframework.http.ResponseEntity com.cm.cinematchapp.controllers.ImageController.getMoviePoster(java.lang.Long) throws java.io.IOException; target is of class [com.cm.cinematchapp.controllers.ImageController]
2023-11-30T01:07:40.587-07:00 DEBUG 36396 --- [http-nio-8080-exec-8] horizationManagerBeforeMethodInterceptor : Authorized method invocation ReflectiveMethodInvocation: public org.springframework.http.ResponseEntity com.cm.cinematchapp.controllers.ImageController.getMoviePoster(java.lang.Long) throws java.io.IOException; target is of class [com.cm.cinematchapp.controllers.ImageController]
2023-11-30T01:07:40.587-07:00 DEBUG 36396 --- [http-nio-8080-exec-6] horizationManagerBeforeMethodInterceptor : Authorizing method invocation ReflectiveMethodInvocation: public org.springframework.http.ResponseEntity com.cm.cinematchapp.controllers.ImageController.getMoviePoster(java.lang.Long) throws java.io.IOException; target is of class [com.cm.cinematchapp.controllers.ImageController]
2023-11-30T01:07:40.587-07:00 DEBUG 36396 --- [http-nio-8080-exec-4] org.hibernate.SQL                        : 
    select
        m1_0.movie_id,
        m1_0.description,
        m1_0.poster_id,
        m1_0.rated,
        m1_0.title,
        m1_0.year 
    from
        movie m1_0 
    where
        m1_0.movie_id=?
2023-11-30T01:07:40.587-07:00 DEBUG 36396 --- [http-nio-8080-exec-2] org.hibernate.SQL                        : 
    select
        m1_0.movie_id,
        m1_0.description,
        m1_0.poster_id,
        m1_0.rated,
        m1_0.title,
        m1_0.year 
    from
        movie m1_0 
    where
        m1_0.movie_id=?
2023-11-30T01:07:40.587-07:00 DEBUG 36396 --- [http-nio-8080-exec-6] horizationManagerBeforeMethodInterceptor : Authorized method invocation ReflectiveMethodInvocation: public org.springframework.http.ResponseEntity com.cm.cinematchapp.controllers.ImageController.getMoviePoster(java.lang.Long) throws java.io.IOException; target is of class [com.cm.cinematchapp.controllers.ImageController]
2023-11-30T01:07:40.587-07:00 DEBUG 36396 --- [http-nio-8080-exec-3] org.hibernate.SQL                        : 
    select
        m1_0.movie_id,
        m1_0.description,
        m1_0.poster_id,
        m1_0.rated,
        m1_0.title,
        m1_0.year 
    from
        movie m1_0 
    where
        m1_0.movie_id=?
2023-11-30T01:07:40.587-07:00 DEBUG 36396 --- [http-nio-8080-exec-8] org.hibernate.SQL                        : 
    select
        m1_0.movie_id,
        m1_0.description,
        m1_0.poster_id,
        m1_0.rated,
        m1_0.title,
        m1_0.year 
    from
        movie m1_0 
    where
        m1_0.movie_id=?
2023-11-30T01:07:40.588-07:00 DEBUG 36396 --- [http-nio-8080-exec-2] org.hibernate.SQL                        : 
    select
        m1_0.poster_id,
        m1_0.file_name,
        m1_0.path,
        m1_0.file_size 
    from
        movie_poster m1_0 
    where
        m1_0.poster_id=?
2023-11-30T01:07:40.588-07:00 DEBUG 36396 --- [http-nio-8080-exec-4] org.hibernate.SQL                        : 
    select
        m1_0.poster_id,
        m1_0.file_name,
        m1_0.path,
        m1_0.file_size 
    from
        movie_poster m1_0 
    where
        m1_0.poster_id=?
2023-11-30T01:07:40.588-07:00 DEBUG 36396 --- [http-nio-8080-exec-3] org.hibernate.SQL                        : 
    select
        m1_0.poster_id,
        m1_0.file_name,
        m1_0.path,
        m1_0.file_size 
    from
        movie_poster m1_0 
    where
        m1_0.poster_id=?
2023-11-30T01:07:40.588-07:00 DEBUG 36396 --- [http-nio-8080-exec-6] org.hibernate.SQL                        : 
    select
        m1_0.movie_id,
        m1_0.description,
        m1_0.poster_id,
        m1_0.rated,
        m1_0.title,
        m1_0.year 
    from
        movie m1_0 
    where
        m1_0.movie_id=?
2023-11-30T01:07:40.588-07:00 DEBUG 36396 --- [http-nio-8080-exec-8] org.hibernate.SQL                        : 
    select
        m1_0.poster_id,
        m1_0.file_name,
        m1_0.path,
        m1_0.file_size 
    from
        movie_poster m1_0 
    where
        m1_0.poster_id=?
2023-11-30T01:07:40.588-07:00 DEBUG 36396 --- [http-nio-8080-exec-6] org.hibernate.SQL                        : 
    select
        m1_0.poster_id,
        m1_0.file_name,
        m1_0.path,
        m1_0.file_size 
    from
        movie_poster m1_0 
    where
        m1_0.poster_id=?
2023-11-30T01:07:40.590-07:00 DEBUG 36396 --- [http-nio-8080-exec-1] o.s.security.web.FilterChainProxy        : Securing GET /api/images/movie/17
2023-11-30T01:07:40.591-07:00  INFO 36396 --- [http-nio-8080-exec-1] c.c.c.security.JwtAuthenticationFilter   : authToken:eyJ0eXAiOiJKV1QiLCJhbGciOiJIUzI1NiJ9.eyJleHAiOjE3MDEzMzQ3NjAsInVzZXJuYW1lIjoiQWRtaW4xIn0.8zFzAfL_tmmn_VPovheH85S05JsisWdt-rL_iZu2uKs
2023-11-30T01:07:40.591-07:00  INFO 36396 --- [http-nio-8080-exec-1] c.c.c.security.JwtAuthenticationFilter   : username: Admin1
2023-11-30T01:07:40.591-07:00 DEBUG 36396 --- [http-nio-8080-exec-10] o.s.security.web.FilterChainProxy        : Securing GET /api/images/movie/19
2023-11-30T01:07:40.592-07:00  INFO 36396 --- [http-nio-8080-exec-10] c.c.c.security.JwtAuthenticationFilter   : authToken:eyJ0eXAiOiJKV1QiLCJhbGciOiJIUzI1NiJ9.eyJleHAiOjE3MDEzMzQ3NjAsInVzZXJuYW1lIjoiQWRtaW4xIn0.8zFzAfL_tmmn_VPovheH85S05JsisWdt-rL_iZu2uKs
2023-11-30T01:07:40.592-07:00  INFO 36396 --- [http-nio-8080-exec-10] c.c.c.security.JwtAuthenticationFilter   : username: Admin1
2023-11-30T01:07:40.592-07:00 DEBUG 36396 --- [http-nio-8080-exec-1] org.hibernate.SQL                        : 
    select
        u1_0.user_id,
        u1_0.avatar_id,
        u1_0.email,
        u1_0.first_name,
        u1_0.last_name,
        u1_0.password,
        u1_0.username 
    from
        user u1_0 
    where
        upper(u1_0.username)=upper(?)
2023-11-30T01:07:40.593-07:00 DEBUG 36396 --- [http-nio-8080-exec-10] org.hibernate.SQL                        : 
    select
        u1_0.user_id,
        u1_0.avatar_id,
        u1_0.email,
        u1_0.first_name,
        u1_0.last_name,
        u1_0.password,
        u1_0.username 
    from
        user u1_0 
    where
        upper(u1_0.username)=upper(?)
2023-11-30T01:07:40.593-07:00 DEBUG 36396 --- [http-nio-8080-exec-1] org.hibernate.SQL                        : 
    select
        r1_0.user_id,
        r1_1.role_id,
        r1_1.name 
    from
        user_roles r1_0 
    join
        role r1_1 
            on r1_1.role_id=r1_0.role_id 
    where
        r1_0.user_id=?
2023-11-30T01:07:40.594-07:00 DEBUG 36396 --- [http-nio-8080-exec-10] org.hibernate.SQL                        : 
    select
        r1_0.user_id,
        r1_1.role_id,
        r1_1.name 
    from
        user_roles r1_0 
    join
        role r1_1 
            on r1_1.role_id=r1_0.role_id 
    where
        r1_0.user_id=?
2023-11-30T01:07:40.594-07:00  INFO 36396 --- [http-nio-8080-exec-1] c.c.c.security.JwtAuthenticationFilter   : Authorities: [ROLE_USER, ROLE_ADMIN]
2023-11-30T01:07:40.594-07:00  INFO 36396 --- [http-nio-8080-exec-1] c.c.c.security.JwtAuthenticationFilter   : SecurityContextImpl [Authentication=UsernamePasswordAuthenticationToken [Principal=Admin1, Credentials=[PROTECTED], Authenticated=true, Details=WebAuthenticationDetails [RemoteIpAddress=0:0:0:0:0:0:0:1, SessionId=null], Granted Authorities=[ROLE_USER, ROLE_ADMIN]]]
2023-11-30T01:07:40.594-07:00  INFO 36396 --- [http-nio-8080-exec-10] c.c.c.security.JwtAuthenticationFilter   : Authorities: [ROLE_USER, ROLE_ADMIN]
2023-11-30T01:07:40.594-07:00  INFO 36396 --- [http-nio-8080-exec-10] c.c.c.security.JwtAuthenticationFilter   : SecurityContextImpl [Authentication=UsernamePasswordAuthenticationToken [Principal=Admin1, Credentials=[PROTECTED], Authenticated=true, Details=WebAuthenticationDetails [RemoteIpAddress=0:0:0:0:0:0:0:1, SessionId=null], Granted Authorities=[ROLE_USER, ROLE_ADMIN]]]
2023-11-30T01:07:40.595-07:00 DEBUG 36396 --- [http-nio-8080-exec-1] o.s.security.web.FilterChainProxy        : Secured GET /api/images/movie/17
2023-11-30T01:07:40.595-07:00 DEBUG 36396 --- [http-nio-8080-exec-10] o.s.security.web.FilterChainProxy        : Secured GET /api/images/movie/19
2023-11-30T01:07:40.595-07:00 DEBUG 36396 --- [http-nio-8080-exec-1] horizationManagerBeforeMethodInterceptor : Authorizing method invocation ReflectiveMethodInvocation: public org.springframework.http.ResponseEntity com.cm.cinematchapp.controllers.ImageController.getMoviePoster(java.lang.Long) throws java.io.IOException; target is of class [com.cm.cinematchapp.controllers.ImageController]
2023-11-30T01:07:40.595-07:00 DEBUG 36396 --- [http-nio-8080-exec-10] horizationManagerBeforeMethodInterceptor : Authorizing method invocation ReflectiveMethodInvocation: public org.springframework.http.ResponseEntity com.cm.cinematchapp.controllers.ImageController.getMoviePoster(java.lang.Long) throws java.io.IOException; target is of class [com.cm.cinematchapp.controllers.ImageController]
2023-11-30T01:07:40.595-07:00 DEBUG 36396 --- [http-nio-8080-exec-10] horizationManagerBeforeMethodInterceptor : Authorized method invocation ReflectiveMethodInvocation: public org.springframework.http.ResponseEntity com.cm.cinematchapp.controllers.ImageController.getMoviePoster(java.lang.Long) throws java.io.IOException; target is of class [com.cm.cinematchapp.controllers.ImageController]
2023-11-30T01:07:40.595-07:00 DEBUG 36396 --- [http-nio-8080-exec-1] horizationManagerBeforeMethodInterceptor : Authorized method invocation ReflectiveMethodInvocation: public org.springframework.http.ResponseEntity com.cm.cinematchapp.controllers.ImageController.getMoviePoster(java.lang.Long) throws java.io.IOException; target is of class [com.cm.cinematchapp.controllers.ImageController]
2023-11-30T01:07:40.596-07:00 DEBUG 36396 --- [http-nio-8080-exec-10] org.hibernate.SQL                        : 
    select
        m1_0.movie_id,
        m1_0.description,
        m1_0.poster_id,
        m1_0.rated,
        m1_0.title,
        m1_0.year 
    from
        movie m1_0 
    where
        m1_0.movie_id=?
2023-11-30T01:07:40.596-07:00 DEBUG 36396 --- [http-nio-8080-exec-1] org.hibernate.SQL                        : 
    select
        m1_0.movie_id,
        m1_0.description,
        m1_0.poster_id,
        m1_0.rated,
        m1_0.title,
        m1_0.year 
    from
        movie m1_0 
    where
        m1_0.movie_id=?
2023-11-30T01:07:40.597-07:00 DEBUG 36396 --- [http-nio-8080-exec-10] org.hibernate.SQL                        : 
    select
        m1_0.poster_id,
        m1_0.file_name,
        m1_0.path,
        m1_0.file_size 
    from
        movie_poster m1_0 
    where
        m1_0.poster_id=?
2023-11-30T01:07:40.597-07:00 DEBUG 36396 --- [http-nio-8080-exec-1] org.hibernate.SQL                        : 
    select
        m1_0.poster_id,
        m1_0.file_name,
        m1_0.path,
        m1_0.file_size 
    from
        movie_poster m1_0 
    where
        m1_0.poster_id=?
2023-11-30T01:08:40.454-07:00 DEBUG 36396 --- [http-nio-8080-exec-7] o.s.security.web.FilterChainProxy        : Securing OPTIONS /api/entities/movies
2023-11-30T01:08:40.460-07:00 DEBUG 36396 --- [http-nio-8080-exec-9] o.s.security.web.FilterChainProxy        : Securing GET /api/entities/movies
2023-11-30T01:08:40.461-07:00  INFO 36396 --- [http-nio-8080-exec-9] c.c.c.security.JwtAuthenticationFilter   : authToken:eyJ0eXAiOiJKV1QiLCJhbGciOiJIUzI1NiJ9.eyJleHAiOjE3MDEzMzQ3NjAsInVzZXJuYW1lIjoiQWRtaW4xIn0.8zFzAfL_tmmn_VPovheH85S05JsisWdt-rL_iZu2uKs
2023-11-30T01:08:40.462-07:00  INFO 36396 --- [http-nio-8080-exec-9] c.c.c.security.JwtAuthenticationFilter   : username: Admin1
2023-11-30T01:08:40.465-07:00 DEBUG 36396 --- [http-nio-8080-exec-9] org.hibernate.SQL                        : 
    select
        u1_0.user_id,
        u1_0.avatar_id,
        u1_0.email,
        u1_0.first_name,
        u1_0.last_name,
        u1_0.password,
        u1_0.username 
    from
        user u1_0 
    where
        upper(u1_0.username)=upper(?)
2023-11-30T01:08:40.466-07:00 DEBUG 36396 --- [http-nio-8080-exec-9] org.hibernate.SQL                        : 
    select
        r1_0.user_id,
        r1_1.role_id,
        r1_1.name 
    from
        user_roles r1_0 
    join
        role r1_1 
            on r1_1.role_id=r1_0.role_id 
    where
        r1_0.user_id=?
2023-11-30T01:08:40.467-07:00  INFO 36396 --- [http-nio-8080-exec-9] c.c.c.security.JwtAuthenticationFilter   : Authorities: [ROLE_USER, ROLE_ADMIN]
2023-11-30T01:08:40.467-07:00  INFO 36396 --- [http-nio-8080-exec-9] c.c.c.security.JwtAuthenticationFilter   : SecurityContextImpl [Authentication=UsernamePasswordAuthenticationToken [Principal=Admin1, Credentials=[PROTECTED], Authenticated=true, Details=WebAuthenticationDetails [RemoteIpAddress=0:0:0:0:0:0:0:1, SessionId=null], Granted Authorities=[ROLE_USER, ROLE_ADMIN]]]
2023-11-30T01:08:40.468-07:00 DEBUG 36396 --- [http-nio-8080-exec-9] o.s.security.web.FilterChainProxy        : Secured GET /api/entities/movies
2023-11-30T01:08:40.468-07:00 DEBUG 36396 --- [http-nio-8080-exec-9] horizationManagerBeforeMethodInterceptor : Authorizing method invocation ReflectiveMethodInvocation: public org.springframework.http.ResponseEntity com.cm.cinematchapp.controllers.EntityController.getAllMovies(); target is of class [com.cm.cinematchapp.controllers.EntityController]
2023-11-30T01:08:40.468-07:00 DEBUG 36396 --- [http-nio-8080-exec-9] horizationManagerBeforeMethodInterceptor : Authorized method invocation ReflectiveMethodInvocation: public org.springframework.http.ResponseEntity com.cm.cinematchapp.controllers.EntityController.getAllMovies(); target is of class [com.cm.cinematchapp.controllers.EntityController]
2023-11-30T01:08:40.470-07:00 DEBUG 36396 --- [http-nio-8080-exec-9] org.hibernate.SQL                        : 
    select
        m1_0.movie_id,
        m1_0.description,
        m1_0.poster_id,
        m1_0.rated,
        m1_0.title,
        m1_0.year 
    from
        movie m1_0
2023-11-30T01:08:40.471-07:00 DEBUG 36396 --- [http-nio-8080-exec-9] org.hibernate.SQL                        : 
    select
        m1_0.poster_id,
        m1_0.file_name,
        m1_0.path,
        m1_0.file_size 
    from
        movie_poster m1_0 
    where
        m1_0.poster_id=?
2023-11-30T01:08:40.472-07:00 DEBUG 36396 --- [http-nio-8080-exec-9] org.hibernate.SQL                        : 
    select
        m1_0.poster_id,
        m1_0.file_name,
        m1_0.path,
        m1_0.file_size 
    from
        movie_poster m1_0 
    where
        m1_0.poster_id=?
2023-11-30T01:08:40.472-07:00 DEBUG 36396 --- [http-nio-8080-exec-9] org.hibernate.SQL                        : 
    select
        m1_0.poster_id,
        m1_0.file_name,
        m1_0.path,
        m1_0.file_size 
    from
        movie_poster m1_0 
    where
        m1_0.poster_id=?
2023-11-30T01:08:40.472-07:00 DEBUG 36396 --- [http-nio-8080-exec-9] org.hibernate.SQL                        : 
    select
        m1_0.poster_id,
        m1_0.file_name,
        m1_0.path,
        m1_0.file_size 
    from
        movie_poster m1_0 
    where
        m1_0.poster_id=?
2023-11-30T01:08:40.473-07:00 DEBUG 36396 --- [http-nio-8080-exec-9] org.hibernate.SQL                        : 
    select
        m1_0.poster_id,
        m1_0.file_name,
        m1_0.path,
        m1_0.file_size 
    from
        movie_poster m1_0 
    where
        m1_0.poster_id=?
2023-11-30T01:08:40.473-07:00 DEBUG 36396 --- [http-nio-8080-exec-9] org.hibernate.SQL                        : 
    select
        m1_0.poster_id,
        m1_0.file_name,
        m1_0.path,
        m1_0.file_size 
    from
        movie_poster m1_0 
    where
        m1_0.poster_id=?
2023-11-30T01:08:40.473-07:00 DEBUG 36396 --- [http-nio-8080-exec-9] org.hibernate.SQL                        : 
    select
        m1_0.poster_id,
        m1_0.file_name,
        m1_0.path,
        m1_0.file_size 
    from
        movie_poster m1_0 
    where
        m1_0.poster_id=?
2023-11-30T01:08:40.474-07:00 DEBUG 36396 --- [http-nio-8080-exec-9] org.hibernate.SQL                        : 
    select
        m1_0.poster_id,
        m1_0.file_name,
        m1_0.path,
        m1_0.file_size 
    from
        movie_poster m1_0 
    where
        m1_0.poster_id=?
2023-11-30T01:08:40.474-07:00 DEBUG 36396 --- [http-nio-8080-exec-9] org.hibernate.SQL                        : 
    select
        m1_0.poster_id,
        m1_0.file_name,
        m1_0.path,
        m1_0.file_size 
    from
        movie_poster m1_0 
    where
        m1_0.poster_id=?
2023-11-30T01:08:40.474-07:00 DEBUG 36396 --- [http-nio-8080-exec-9] org.hibernate.SQL                        : 
    select
        m1_0.poster_id,
        m1_0.file_name,
        m1_0.path,
        m1_0.file_size 
    from
        movie_poster m1_0 
    where
        m1_0.poster_id=?
2023-11-30T01:08:40.475-07:00 DEBUG 36396 --- [http-nio-8080-exec-9] org.hibernate.SQL                        : 
    select
        m1_0.poster_id,
        m1_0.file_name,
        m1_0.path,
        m1_0.file_size 
    from
        movie_poster m1_0 
    where
        m1_0.poster_id=?
2023-11-30T01:08:40.475-07:00 DEBUG 36396 --- [http-nio-8080-exec-9] org.hibernate.SQL                        : 
    select
        m1_0.poster_id,
        m1_0.file_name,
        m1_0.path,
        m1_0.file_size 
    from
        movie_poster m1_0 
    where
        m1_0.poster_id=?
2023-11-30T01:08:40.475-07:00 DEBUG 36396 --- [http-nio-8080-exec-9] org.hibernate.SQL                        : 
    select
        m1_0.poster_id,
        m1_0.file_name,
        m1_0.path,
        m1_0.file_size 
    from
        movie_poster m1_0 
    where
        m1_0.poster_id=?
2023-11-30T01:08:40.475-07:00 DEBUG 36396 --- [http-nio-8080-exec-9] org.hibernate.SQL                        : 
    select
        m1_0.poster_id,
        m1_0.file_name,
        m1_0.path,
        m1_0.file_size 
    from
        movie_poster m1_0 
    where
        m1_0.poster_id=?
2023-11-30T01:08:40.477-07:00 DEBUG 36396 --- [http-nio-8080-exec-9] org.hibernate.SQL                        : 
    select
        c1_0.streaming_info_id,
        c1_0.link,
        c1_0.service,
        c1_0.streaming_type 
    from
        country_info c1_0 
    where
        c1_0.streaming_info_id=?
2023-11-30T01:08:40.478-07:00 DEBUG 36396 --- [http-nio-8080-exec-9] org.hibernate.SQL                        : 
    select
        c1_0.streaming_info_id,
        c1_0.link,
        c1_0.service,
        c1_0.streaming_type 
    from
        country_info c1_0 
    where
        c1_0.streaming_info_id=?
2023-11-30T01:08:40.478-07:00 DEBUG 36396 --- [http-nio-8080-exec-9] org.hibernate.SQL                        : 
    select
        c1_0.streaming_info_id,
        c1_0.link,
        c1_0.service,
        c1_0.streaming_type 
    from
        country_info c1_0 
    where
        c1_0.streaming_info_id=?
2023-11-30T01:08:40.478-07:00 DEBUG 36396 --- [http-nio-8080-exec-9] org.hibernate.SQL                        : 
    select
        c1_0.streaming_info_id,
        c1_0.link,
        c1_0.service,
        c1_0.streaming_type 
    from
        country_info c1_0 
    where
        c1_0.streaming_info_id=?
2023-11-30T01:08:40.479-07:00 DEBUG 36396 --- [http-nio-8080-exec-9] org.hibernate.SQL                        : 
    select
        c1_0.streaming_info_id,
        c1_0.link,
        c1_0.service,
        c1_0.streaming_type 
    from
        country_info c1_0 
    where
        c1_0.streaming_info_id=?
2023-11-30T01:08:40.479-07:00 DEBUG 36396 --- [http-nio-8080-exec-9] org.hibernate.SQL                        : 
    select
        c1_0.streaming_info_id,
        c1_0.link,
        c1_0.service,
        c1_0.streaming_type 
    from
        country_info c1_0 
    where
        c1_0.streaming_info_id=?
2023-11-30T01:08:40.480-07:00 DEBUG 36396 --- [http-nio-8080-exec-9] org.hibernate.SQL                        : 
    select
        c1_0.streaming_info_id,
        c1_0.link,
        c1_0.service,
        c1_0.streaming_type 
    from
        country_info c1_0 
    where
        c1_0.streaming_info_id=?
2023-11-30T01:08:40.480-07:00 DEBUG 36396 --- [http-nio-8080-exec-9] org.hibernate.SQL                        : 
    select
        c1_0.streaming_info_id,
        c1_0.link,
        c1_0.service,
        c1_0.streaming_type 
    from
        country_info c1_0 
    where
        c1_0.streaming_info_id=?
2023-11-30T01:08:40.481-07:00 DEBUG 36396 --- [http-nio-8080-exec-9] org.hibernate.SQL                        : 
    select
        c1_0.streaming_info_id,
        c1_0.link,
        c1_0.service,
        c1_0.streaming_type 
    from
        country_info c1_0 
    where
        c1_0.streaming_info_id=?
2023-11-30T01:08:40.481-07:00 DEBUG 36396 --- [http-nio-8080-exec-9] org.hibernate.SQL                        : 
    select
        c1_0.streaming_info_id,
        c1_0.link,
        c1_0.service,
        c1_0.streaming_type 
    from
        country_info c1_0 
    where
        c1_0.streaming_info_id=?
2023-11-30T01:08:40.482-07:00 DEBUG 36396 --- [http-nio-8080-exec-9] org.hibernate.SQL                        : 
    select
        c1_0.streaming_info_id,
        c1_0.link,
        c1_0.service,
        c1_0.streaming_type 
    from
        country_info c1_0 
    where
        c1_0.streaming_info_id=?
2023-11-30T01:08:40.483-07:00 DEBUG 36396 --- [http-nio-8080-exec-9] org.hibernate.SQL                        : 
    select
        c1_0.streaming_info_id,
        c1_0.link,
        c1_0.service,
        c1_0.streaming_type 
    from
        country_info c1_0 
    where
        c1_0.streaming_info_id=?
2023-11-30T01:08:40.484-07:00 DEBUG 36396 --- [http-nio-8080-exec-9] org.hibernate.SQL                        : 
    select
        c1_0.streaming_info_id,
        c1_0.link,
        c1_0.service,
        c1_0.streaming_type 
    from
        country_info c1_0 
    where
        c1_0.streaming_info_id=?
2023-11-30T01:08:40.486-07:00 DEBUG 36396 --- [http-nio-8080-exec-9] org.hibernate.SQL                        : 
    select
        c1_0.streaming_info_id,
        c1_0.link,
        c1_0.service,
        c1_0.streaming_type 
    from
        country_info c1_0 
    where
        c1_0.streaming_info_id=?
2023-11-30T01:08:40.495-07:00 DEBUG 36396 --- [http-nio-8080-exec-5] o.s.security.web.FilterChainProxy        : Securing OPTIONS /api/images/movie/1
2023-11-30T01:08:40.496-07:00 DEBUG 36396 --- [http-nio-8080-exec-3] o.s.security.web.FilterChainProxy        : Securing OPTIONS /api/images/movie/5
2023-11-30T01:08:40.496-07:00 DEBUG 36396 --- [http-nio-8080-exec-2] o.s.security.web.FilterChainProxy        : Securing OPTIONS /api/images/movie/2
2023-11-30T01:08:40.496-07:00 DEBUG 36396 --- [http-nio-8080-exec-4] o.s.security.web.FilterChainProxy        : Securing OPTIONS /api/images/movie/6
2023-11-30T01:08:40.496-07:00 DEBUG 36396 --- [http-nio-8080-exec-8] o.s.security.web.FilterChainProxy        : Securing OPTIONS /api/images/movie/9
2023-11-30T01:08:40.497-07:00 DEBUG 36396 --- [http-nio-8080-exec-6] o.s.security.web.FilterChainProxy        : Securing OPTIONS /api/images/movie/10
2023-11-30T01:08:40.499-07:00 DEBUG 36396 --- [http-nio-8080-exec-1] o.s.security.web.FilterChainProxy        : Securing OPTIONS /api/images/movie/12
2023-11-30T01:08:40.499-07:00 DEBUG 36396 --- [http-nio-8080-exec-10] o.s.security.web.FilterChainProxy        : Securing OPTIONS /api/images/movie/14
2023-11-30T01:08:40.499-07:00 DEBUG 36396 --- [http-nio-8080-exec-7] o.s.security.web.FilterChainProxy        : Securing OPTIONS /api/images/movie/15
2023-11-30T01:08:40.499-07:00 DEBUG 36396 --- [http-nio-8080-exec-9] o.s.security.web.FilterChainProxy        : Securing OPTIONS /api/images/movie/16
2023-11-30T01:08:40.499-07:00 DEBUG 36396 --- [http-nio-8080-exec-4] o.s.security.web.FilterChainProxy        : Securing OPTIONS /api/images/movie/17
2023-11-30T01:08:40.500-07:00 DEBUG 36396 --- [http-nio-8080-exec-3] o.s.security.web.FilterChainProxy        : Securing OPTIONS /api/images/movie/13
2023-11-30T01:08:40.502-07:00 DEBUG 36396 --- [http-nio-8080-exec-2] o.s.security.web.FilterChainProxy        : Securing OPTIONS /api/images/movie/18
2023-11-30T01:08:40.502-07:00 DEBUG 36396 --- [http-nio-8080-exec-5] o.s.security.web.FilterChainProxy        : Securing GET /api/images/movie/1
2023-11-30T01:08:40.502-07:00 DEBUG 36396 --- [http-nio-8080-exec-8] o.s.security.web.FilterChainProxy        : Securing OPTIONS /api/images/movie/19
2023-11-30T01:08:40.503-07:00 DEBUG 36396 --- [http-nio-8080-exec-6] o.s.security.web.FilterChainProxy        : Securing GET /api/images/movie/2
2023-11-30T01:08:40.503-07:00 DEBUG 36396 --- [http-nio-8080-exec-10] o.s.security.web.FilterChainProxy        : Securing GET /api/images/movie/6
2023-11-30T01:08:40.503-07:00 DEBUG 36396 --- [http-nio-8080-exec-1] o.s.security.web.FilterChainProxy        : Securing GET /api/images/movie/5
2023-11-30T01:08:40.503-07:00  INFO 36396 --- [http-nio-8080-exec-5] c.c.c.security.JwtAuthenticationFilter   : authToken:eyJ0eXAiOiJKV1QiLCJhbGciOiJIUzI1NiJ9.eyJleHAiOjE3MDEzMzQ3NjAsInVzZXJuYW1lIjoiQWRtaW4xIn0.8zFzAfL_tmmn_VPovheH85S05JsisWdt-rL_iZu2uKs
2023-11-30T01:08:40.503-07:00  INFO 36396 --- [http-nio-8080-exec-6] c.c.c.security.JwtAuthenticationFilter   : authToken:eyJ0eXAiOiJKV1QiLCJhbGciOiJIUzI1NiJ9.eyJleHAiOjE3MDEzMzQ3NjAsInVzZXJuYW1lIjoiQWRtaW4xIn0.8zFzAfL_tmmn_VPovheH85S05JsisWdt-rL_iZu2uKs
2023-11-30T01:08:40.503-07:00  INFO 36396 --- [http-nio-8080-exec-10] c.c.c.security.JwtAuthenticationFilter   : authToken:eyJ0eXAiOiJKV1QiLCJhbGciOiJIUzI1NiJ9.eyJleHAiOjE3MDEzMzQ3NjAsInVzZXJuYW1lIjoiQWRtaW4xIn0.8zFzAfL_tmmn_VPovheH85S05JsisWdt-rL_iZu2uKs
2023-11-30T01:08:40.503-07:00  INFO 36396 --- [http-nio-8080-exec-1] c.c.c.security.JwtAuthenticationFilter   : authToken:eyJ0eXAiOiJKV1QiLCJhbGciOiJIUzI1NiJ9.eyJleHAiOjE3MDEzMzQ3NjAsInVzZXJuYW1lIjoiQWRtaW4xIn0.8zFzAfL_tmmn_VPovheH85S05JsisWdt-rL_iZu2uKs
2023-11-30T01:08:40.503-07:00  INFO 36396 --- [http-nio-8080-exec-6] c.c.c.security.JwtAuthenticationFilter   : username: Admin1
2023-11-30T01:08:40.503-07:00  INFO 36396 --- [http-nio-8080-exec-5] c.c.c.security.JwtAuthenticationFilter   : username: Admin1
2023-11-30T01:08:40.503-07:00  INFO 36396 --- [http-nio-8080-exec-10] c.c.c.security.JwtAuthenticationFilter   : username: Admin1
2023-11-30T01:08:40.503-07:00  INFO 36396 --- [http-nio-8080-exec-1] c.c.c.security.JwtAuthenticationFilter   : username: Admin1
2023-11-30T01:08:40.503-07:00 DEBUG 36396 --- [http-nio-8080-exec-4] o.s.security.web.FilterChainProxy        : Securing GET /api/images/movie/9
2023-11-30T01:08:40.504-07:00  INFO 36396 --- [http-nio-8080-exec-4] c.c.c.security.JwtAuthenticationFilter   : authToken:eyJ0eXAiOiJKV1QiLCJhbGciOiJIUzI1NiJ9.eyJleHAiOjE3MDEzMzQ3NjAsInVzZXJuYW1lIjoiQWRtaW4xIn0.8zFzAfL_tmmn_VPovheH85S05JsisWdt-rL_iZu2uKs
2023-11-30T01:08:40.504-07:00  INFO 36396 --- [http-nio-8080-exec-4] c.c.c.security.JwtAuthenticationFilter   : username: Admin1
2023-11-30T01:08:40.504-07:00 DEBUG 36396 --- [http-nio-8080-exec-7] o.s.security.web.FilterChainProxy        : Securing GET /api/images/movie/10
2023-11-30T01:08:40.504-07:00  INFO 36396 --- [http-nio-8080-exec-7] c.c.c.security.JwtAuthenticationFilter   : authToken:eyJ0eXAiOiJKV1QiLCJhbGciOiJIUzI1NiJ9.eyJleHAiOjE3MDEzMzQ3NjAsInVzZXJuYW1lIjoiQWRtaW4xIn0.8zFzAfL_tmmn_VPovheH85S05JsisWdt-rL_iZu2uKs
2023-11-30T01:08:40.504-07:00  INFO 36396 --- [http-nio-8080-exec-7] c.c.c.security.JwtAuthenticationFilter   : username: Admin1
2023-11-30T01:08:40.505-07:00 DEBUG 36396 --- [http-nio-8080-exec-10] org.hibernate.SQL                        : 
    select
        u1_0.user_id,
        u1_0.avatar_id,
        u1_0.email,
        u1_0.first_name,
        u1_0.last_name,
        u1_0.password,
        u1_0.username 
    from
        user u1_0 
    where
        upper(u1_0.username)=upper(?)
2023-11-30T01:08:40.505-07:00 DEBUG 36396 --- [http-nio-8080-exec-4] org.hibernate.SQL                        : 
    select
        u1_0.user_id,
        u1_0.avatar_id,
        u1_0.email,
        u1_0.first_name,
        u1_0.last_name,
        u1_0.password,
        u1_0.username 
    from
        user u1_0 
    where
        upper(u1_0.username)=upper(?)
2023-11-30T01:08:40.505-07:00 DEBUG 36396 --- [http-nio-8080-exec-6] org.hibernate.SQL                        : 
    select
        u1_0.user_id,
        u1_0.avatar_id,
        u1_0.email,
        u1_0.first_name,
        u1_0.last_name,
        u1_0.password,
        u1_0.username 
    from
        user u1_0 
    where
        upper(u1_0.username)=upper(?)
2023-11-30T01:08:40.505-07:00 DEBUG 36396 --- [http-nio-8080-exec-5] org.hibernate.SQL                        : 
    select
        u1_0.user_id,
        u1_0.avatar_id,
        u1_0.email,
        u1_0.first_name,
        u1_0.last_name,
        u1_0.password,
        u1_0.username 
    from
        user u1_0 
    where
        upper(u1_0.username)=upper(?)
2023-11-30T01:08:40.505-07:00 DEBUG 36396 --- [http-nio-8080-exec-1] org.hibernate.SQL                        : 
    select
        u1_0.user_id,
        u1_0.avatar_id,
        u1_0.email,
        u1_0.first_name,
        u1_0.last_name,
        u1_0.password,
        u1_0.username 
    from
        user u1_0 
    where
        upper(u1_0.username)=upper(?)
2023-11-30T01:08:40.505-07:00 DEBUG 36396 --- [http-nio-8080-exec-7] org.hibernate.SQL                        : 
    select
        u1_0.user_id,
        u1_0.avatar_id,
        u1_0.email,
        u1_0.first_name,
        u1_0.last_name,
        u1_0.password,
        u1_0.username 
    from
        user u1_0 
    where
        upper(u1_0.username)=upper(?)
2023-11-30T01:08:40.505-07:00 DEBUG 36396 --- [http-nio-8080-exec-4] org.hibernate.SQL                        : 
    select
        r1_0.user_id,
        r1_1.role_id,
        r1_1.name 
    from
        user_roles r1_0 
    join
        role r1_1 
            on r1_1.role_id=r1_0.role_id 
    where
        r1_0.user_id=?
2023-11-30T01:08:40.505-07:00 DEBUG 36396 --- [http-nio-8080-exec-5] org.hibernate.SQL                        : 
    select
        r1_0.user_id,
        r1_1.role_id,
        r1_1.name 
    from
        user_roles r1_0 
    join
        role r1_1 
            on r1_1.role_id=r1_0.role_id 
    where
        r1_0.user_id=?
2023-11-30T01:08:40.505-07:00 DEBUG 36396 --- [http-nio-8080-exec-10] org.hibernate.SQL                        : 
    select
        r1_0.user_id,
        r1_1.role_id,
        r1_1.name 
    from
        user_roles r1_0 
    join
        role r1_1 
            on r1_1.role_id=r1_0.role_id 
    where
        r1_0.user_id=?
2023-11-30T01:08:40.505-07:00 DEBUG 36396 --- [http-nio-8080-exec-6] org.hibernate.SQL                        : 
    select
        r1_0.user_id,
        r1_1.role_id,
        r1_1.name 
    from
        user_roles r1_0 
    join
        role r1_1 
            on r1_1.role_id=r1_0.role_id 
    where
        r1_0.user_id=?
2023-11-30T01:08:40.505-07:00 DEBUG 36396 --- [http-nio-8080-exec-1] org.hibernate.SQL                        : 
    select
        r1_0.user_id,
        r1_1.role_id,
        r1_1.name 
    from
        user_roles r1_0 
    join
        role r1_1 
            on r1_1.role_id=r1_0.role_id 
    where
        r1_0.user_id=?
2023-11-30T01:08:40.506-07:00 DEBUG 36396 --- [http-nio-8080-exec-7] org.hibernate.SQL                        : 
    select
        r1_0.user_id,
        r1_1.role_id,
        r1_1.name 
    from
        user_roles r1_0 
    join
        role r1_1 
            on r1_1.role_id=r1_0.role_id 
    where
        r1_0.user_id=?
2023-11-30T01:08:40.506-07:00  INFO 36396 --- [http-nio-8080-exec-1] c.c.c.security.JwtAuthenticationFilter   : Authorities: [ROLE_USER, ROLE_ADMIN]
2023-11-30T01:08:40.506-07:00  INFO 36396 --- [http-nio-8080-exec-10] c.c.c.security.JwtAuthenticationFilter   : Authorities: [ROLE_USER, ROLE_ADMIN]
2023-11-30T01:08:40.506-07:00  INFO 36396 --- [http-nio-8080-exec-4] c.c.c.security.JwtAuthenticationFilter   : Authorities: [ROLE_USER, ROLE_ADMIN]
2023-11-30T01:08:40.506-07:00  INFO 36396 --- [http-nio-8080-exec-5] c.c.c.security.JwtAuthenticationFilter   : Authorities: [ROLE_USER, ROLE_ADMIN]
2023-11-30T01:08:40.506-07:00  INFO 36396 --- [http-nio-8080-exec-6] c.c.c.security.JwtAuthenticationFilter   : Authorities: [ROLE_USER, ROLE_ADMIN]
2023-11-30T01:08:40.506-07:00  INFO 36396 --- [http-nio-8080-exec-7] c.c.c.security.JwtAuthenticationFilter   : Authorities: [ROLE_USER, ROLE_ADMIN]
2023-11-30T01:08:40.506-07:00  INFO 36396 --- [http-nio-8080-exec-10] c.c.c.security.JwtAuthenticationFilter   : SecurityContextImpl [Authentication=UsernamePasswordAuthenticationToken [Principal=Admin1, Credentials=[PROTECTED], Authenticated=true, Details=WebAuthenticationDetails [RemoteIpAddress=0:0:0:0:0:0:0:1, SessionId=null], Granted Authorities=[ROLE_USER, ROLE_ADMIN]]]
2023-11-30T01:08:40.506-07:00  INFO 36396 --- [http-nio-8080-exec-1] c.c.c.security.JwtAuthenticationFilter   : SecurityContextImpl [Authentication=UsernamePasswordAuthenticationToken [Principal=Admin1, Credentials=[PROTECTED], Authenticated=true, Details=WebAuthenticationDetails [RemoteIpAddress=0:0:0:0:0:0:0:1, SessionId=null], Granted Authorities=[ROLE_USER, ROLE_ADMIN]]]
2023-11-30T01:08:40.506-07:00  INFO 36396 --- [http-nio-8080-exec-4] c.c.c.security.JwtAuthenticationFilter   : SecurityContextImpl [Authentication=UsernamePasswordAuthenticationToken [Principal=Admin1, Credentials=[PROTECTED], Authenticated=true, Details=WebAuthenticationDetails [RemoteIpAddress=0:0:0:0:0:0:0:1, SessionId=null], Granted Authorities=[ROLE_USER, ROLE_ADMIN]]]
2023-11-30T01:08:40.506-07:00  INFO 36396 --- [http-nio-8080-exec-5] c.c.c.security.JwtAuthenticationFilter   : SecurityContextImpl [Authentication=UsernamePasswordAuthenticationToken [Principal=Admin1, Credentials=[PROTECTED], Authenticated=true, Details=WebAuthenticationDetails [RemoteIpAddress=0:0:0:0:0:0:0:1, SessionId=null], Granted Authorities=[ROLE_USER, ROLE_ADMIN]]]
2023-11-30T01:08:40.506-07:00  INFO 36396 --- [http-nio-8080-exec-7] c.c.c.security.JwtAuthenticationFilter   : SecurityContextImpl [Authentication=UsernamePasswordAuthenticationToken [Principal=Admin1, Credentials=[PROTECTED], Authenticated=true, Details=WebAuthenticationDetails [RemoteIpAddress=0:0:0:0:0:0:0:1, SessionId=null], Granted Authorities=[ROLE_USER, ROLE_ADMIN]]]
2023-11-30T01:08:40.506-07:00  INFO 36396 --- [http-nio-8080-exec-6] c.c.c.security.JwtAuthenticationFilter   : SecurityContextImpl [Authentication=UsernamePasswordAuthenticationToken [Principal=Admin1, Credentials=[PROTECTED], Authenticated=true, Details=WebAuthenticationDetails [RemoteIpAddress=0:0:0:0:0:0:0:1, SessionId=null], Granted Authorities=[ROLE_USER, ROLE_ADMIN]]]
2023-11-30T01:08:40.507-07:00 DEBUG 36396 --- [http-nio-8080-exec-4] o.s.security.web.FilterChainProxy        : Secured GET /api/images/movie/9
2023-11-30T01:08:40.507-07:00 DEBUG 36396 --- [http-nio-8080-exec-7] o.s.security.web.FilterChainProxy        : Secured GET /api/images/movie/10
2023-11-30T01:08:40.507-07:00 DEBUG 36396 --- [http-nio-8080-exec-1] o.s.security.web.FilterChainProxy        : Secured GET /api/images/movie/5
2023-11-30T01:08:40.507-07:00 DEBUG 36396 --- [http-nio-8080-exec-10] o.s.security.web.FilterChainProxy        : Secured GET /api/images/movie/6
2023-11-30T01:08:40.507-07:00 DEBUG 36396 --- [http-nio-8080-exec-1] horizationManagerBeforeMethodInterceptor : Authorizing method invocation ReflectiveMethodInvocation: public org.springframework.http.ResponseEntity com.cm.cinematchapp.controllers.ImageController.getMoviePoster(java.lang.Long) throws java.io.IOException; target is of class [com.cm.cinematchapp.controllers.ImageController]
2023-11-30T01:08:40.507-07:00 DEBUG 36396 --- [http-nio-8080-exec-7] horizationManagerBeforeMethodInterceptor : Authorizing method invocation ReflectiveMethodInvocation: public org.springframework.http.ResponseEntity com.cm.cinematchapp.controllers.ImageController.getMoviePoster(java.lang.Long) throws java.io.IOException; target is of class [com.cm.cinematchapp.controllers.ImageController]
2023-11-30T01:08:40.507-07:00 DEBUG 36396 --- [http-nio-8080-exec-4] horizationManagerBeforeMethodInterceptor : Authorizing method invocation ReflectiveMethodInvocation: public org.springframework.http.ResponseEntity com.cm.cinematchapp.controllers.ImageController.getMoviePoster(java.lang.Long) throws java.io.IOException; target is of class [com.cm.cinematchapp.controllers.ImageController]
2023-11-30T01:08:40.507-07:00 DEBUG 36396 --- [http-nio-8080-exec-6] o.s.security.web.FilterChainProxy        : Secured GET /api/images/movie/2
2023-11-30T01:08:40.507-07:00 DEBUG 36396 --- [http-nio-8080-exec-5] o.s.security.web.FilterChainProxy        : Secured GET /api/images/movie/1
2023-11-30T01:08:40.507-07:00 DEBUG 36396 --- [http-nio-8080-exec-7] horizationManagerBeforeMethodInterceptor : Authorized method invocation ReflectiveMethodInvocation: public org.springframework.http.ResponseEntity com.cm.cinematchapp.controllers.ImageController.getMoviePoster(java.lang.Long) throws java.io.IOException; target is of class [com.cm.cinematchapp.controllers.ImageController]
2023-11-30T01:08:40.507-07:00 DEBUG 36396 --- [http-nio-8080-exec-1] horizationManagerBeforeMethodInterceptor : Authorized method invocation ReflectiveMethodInvocation: public org.springframework.http.ResponseEntity com.cm.cinematchapp.controllers.ImageController.getMoviePoster(java.lang.Long) throws java.io.IOException; target is of class [com.cm.cinematchapp.controllers.ImageController]
2023-11-30T01:08:40.507-07:00 DEBUG 36396 --- [http-nio-8080-exec-4] horizationManagerBeforeMethodInterceptor : Authorized method invocation ReflectiveMethodInvocation: public org.springframework.http.ResponseEntity com.cm.cinematchapp.controllers.ImageController.getMoviePoster(java.lang.Long) throws java.io.IOException; target is of class [com.cm.cinematchapp.controllers.ImageController]
2023-11-30T01:08:40.507-07:00 DEBUG 36396 --- [http-nio-8080-exec-10] horizationManagerBeforeMethodInterceptor : Authorizing method invocation ReflectiveMethodInvocation: public org.springframework.http.ResponseEntity com.cm.cinematchapp.controllers.ImageController.getMoviePoster(java.lang.Long) throws java.io.IOException; target is of class [com.cm.cinematchapp.controllers.ImageController]
2023-11-30T01:08:40.507-07:00 DEBUG 36396 --- [http-nio-8080-exec-5] horizationManagerBeforeMethodInterceptor : Authorizing method invocation ReflectiveMethodInvocation: public org.springframework.http.ResponseEntity com.cm.cinematchapp.controllers.ImageController.getMoviePoster(java.lang.Long) throws java.io.IOException; target is of class [com.cm.cinematchapp.controllers.ImageController]
2023-11-30T01:08:40.507-07:00 DEBUG 36396 --- [http-nio-8080-exec-6] horizationManagerBeforeMethodInterceptor : Authorizing method invocation ReflectiveMethodInvocation: public org.springframework.http.ResponseEntity com.cm.cinematchapp.controllers.ImageController.getMoviePoster(java.lang.Long) throws java.io.IOException; target is of class [com.cm.cinematchapp.controllers.ImageController]
2023-11-30T01:08:40.507-07:00 DEBUG 36396 --- [http-nio-8080-exec-10] horizationManagerBeforeMethodInterceptor : Authorized method invocation ReflectiveMethodInvocation: public org.springframework.http.ResponseEntity com.cm.cinematchapp.controllers.ImageController.getMoviePoster(java.lang.Long) throws java.io.IOException; target is of class [com.cm.cinematchapp.controllers.ImageController]
2023-11-30T01:08:40.508-07:00 DEBUG 36396 --- [http-nio-8080-exec-5] horizationManagerBeforeMethodInterceptor : Authorized method invocation ReflectiveMethodInvocation: public org.springframework.http.ResponseEntity com.cm.cinematchapp.controllers.ImageController.getMoviePoster(java.lang.Long) throws java.io.IOException; target is of class [com.cm.cinematchapp.controllers.ImageController]
2023-11-30T01:08:40.508-07:00 DEBUG 36396 --- [http-nio-8080-exec-6] horizationManagerBeforeMethodInterceptor : Authorized method invocation ReflectiveMethodInvocation: public org.springframework.http.ResponseEntity com.cm.cinematchapp.controllers.ImageController.getMoviePoster(java.lang.Long) throws java.io.IOException; target is of class [com.cm.cinematchapp.controllers.ImageController]
2023-11-30T01:08:40.509-07:00 DEBUG 36396 --- [http-nio-8080-exec-1] org.hibernate.SQL                        : 
    select
        m1_0.movie_id,
        m1_0.description,
        m1_0.poster_id,
        m1_0.rated,
        m1_0.title,
        m1_0.year 
    from
        movie m1_0 
    where
        m1_0.movie_id=?
2023-11-30T01:08:40.509-07:00 DEBUG 36396 --- [http-nio-8080-exec-7] org.hibernate.SQL                        : 
    select
        m1_0.movie_id,
        m1_0.description,
        m1_0.poster_id,
        m1_0.rated,
        m1_0.title,
        m1_0.year 
    from
        movie m1_0 
    where
        m1_0.movie_id=?
2023-11-30T01:08:40.509-07:00 DEBUG 36396 --- [http-nio-8080-exec-10] org.hibernate.SQL                        : 
    select
        m1_0.movie_id,
        m1_0.description,
        m1_0.poster_id,
        m1_0.rated,
        m1_0.title,
        m1_0.year 
    from
        movie m1_0 
    where
        m1_0.movie_id=?
2023-11-30T01:08:40.509-07:00 DEBUG 36396 --- [http-nio-8080-exec-4] org.hibernate.SQL                        : 
    select
        m1_0.movie_id,
        m1_0.description,
        m1_0.poster_id,
        m1_0.rated,
        m1_0.title,
        m1_0.year 
    from
        movie m1_0 
    where
        m1_0.movie_id=?
2023-11-30T01:08:40.509-07:00 DEBUG 36396 --- [http-nio-8080-exec-6] org.hibernate.SQL                        : 
    select
        m1_0.movie_id,
        m1_0.description,
        m1_0.poster_id,
        m1_0.rated,
        m1_0.title,
        m1_0.year 
    from
        movie m1_0 
    where
        m1_0.movie_id=?
2023-11-30T01:08:40.509-07:00 DEBUG 36396 --- [http-nio-8080-exec-5] org.hibernate.SQL                        : 
    select
        m1_0.movie_id,
        m1_0.description,
        m1_0.poster_id,
        m1_0.rated,
        m1_0.title,
        m1_0.year 
    from
        movie m1_0 
    where
        m1_0.movie_id=?
2023-11-30T01:08:40.509-07:00 DEBUG 36396 --- [http-nio-8080-exec-10] org.hibernate.SQL                        : 
    select
        m1_0.poster_id,
        m1_0.file_name,
        m1_0.path,
        m1_0.file_size 
    from
        movie_poster m1_0 
    where
        m1_0.poster_id=?
2023-11-30T01:08:40.509-07:00 DEBUG 36396 --- [http-nio-8080-exec-4] org.hibernate.SQL                        : 
    select
        m1_0.poster_id,
        m1_0.file_name,
        m1_0.path,
        m1_0.file_size 
    from
        movie_poster m1_0 
    where
        m1_0.poster_id=?
2023-11-30T01:08:40.509-07:00 DEBUG 36396 --- [http-nio-8080-exec-7] org.hibernate.SQL                        : 
    select
        m1_0.poster_id,
        m1_0.file_name,
        m1_0.path,
        m1_0.file_size 
    from
        movie_poster m1_0 
    where
        m1_0.poster_id=?
2023-11-30T01:08:40.509-07:00 DEBUG 36396 --- [http-nio-8080-exec-1] org.hibernate.SQL                        : 
    select
        m1_0.poster_id,
        m1_0.file_name,
        m1_0.path,
        m1_0.file_size 
    from
        movie_poster m1_0 
    where
        m1_0.poster_id=?
2023-11-30T01:08:40.510-07:00 DEBUG 36396 --- [http-nio-8080-exec-6] org.hibernate.SQL                        : 
    select
        m1_0.poster_id,
        m1_0.file_name,
        m1_0.path,
        m1_0.file_size 
    from
        movie_poster m1_0 
    where
        m1_0.poster_id=?
2023-11-30T01:08:40.510-07:00 DEBUG 36396 --- [http-nio-8080-exec-5] org.hibernate.SQL                        : 
    select
        m1_0.poster_id,
        m1_0.file_name,
        m1_0.path,
        m1_0.file_size 
    from
        movie_poster m1_0 
    where
        m1_0.poster_id=?
2023-11-30T01:08:40.513-07:00 DEBUG 36396 --- [http-nio-8080-exec-9] o.s.security.web.FilterChainProxy        : Securing GET /api/images/movie/14
2023-11-30T01:08:40.513-07:00 DEBUG 36396 --- [http-nio-8080-exec-3] o.s.security.web.FilterChainProxy        : Securing GET /api/images/movie/12
2023-11-30T01:08:40.514-07:00 DEBUG 36396 --- [http-nio-8080-exec-2] o.s.security.web.FilterChainProxy        : Securing GET /api/images/movie/15
2023-11-30T01:08:40.514-07:00  INFO 36396 --- [http-nio-8080-exec-2] c.c.c.security.JwtAuthenticationFilter   : authToken:eyJ0eXAiOiJKV1QiLCJhbGciOiJIUzI1NiJ9.eyJleHAiOjE3MDEzMzQ3NjAsInVzZXJuYW1lIjoiQWRtaW4xIn0.8zFzAfL_tmmn_VPovheH85S05JsisWdt-rL_iZu2uKs
2023-11-30T01:08:40.514-07:00  INFO 36396 --- [http-nio-8080-exec-3] c.c.c.security.JwtAuthenticationFilter   : authToken:eyJ0eXAiOiJKV1QiLCJhbGciOiJIUzI1NiJ9.eyJleHAiOjE3MDEzMzQ3NjAsInVzZXJuYW1lIjoiQWRtaW4xIn0.8zFzAfL_tmmn_VPovheH85S05JsisWdt-rL_iZu2uKs
2023-11-30T01:08:40.514-07:00  INFO 36396 --- [http-nio-8080-exec-9] c.c.c.security.JwtAuthenticationFilter   : authToken:eyJ0eXAiOiJKV1QiLCJhbGciOiJIUzI1NiJ9.eyJleHAiOjE3MDEzMzQ3NjAsInVzZXJuYW1lIjoiQWRtaW4xIn0.8zFzAfL_tmmn_VPovheH85S05JsisWdt-rL_iZu2uKs
2023-11-30T01:08:40.514-07:00 DEBUG 36396 --- [http-nio-8080-exec-1] o.s.security.web.FilterChainProxy        : Securing GET /api/images/movie/13
2023-11-30T01:08:40.514-07:00 DEBUG 36396 --- [http-nio-8080-exec-4] o.s.security.web.FilterChainProxy        : Securing GET /api/images/movie/16
2023-11-30T01:08:40.514-07:00 DEBUG 36396 --- [http-nio-8080-exec-8] o.s.security.web.FilterChainProxy        : Securing GET /api/images/movie/17
2023-11-30T01:08:40.514-07:00  INFO 36396 --- [http-nio-8080-exec-9] c.c.c.security.JwtAuthenticationFilter   : username: Admin1
2023-11-30T01:08:40.514-07:00  INFO 36396 --- [http-nio-8080-exec-3] c.c.c.security.JwtAuthenticationFilter   : username: Admin1
2023-11-30T01:08:40.514-07:00  INFO 36396 --- [http-nio-8080-exec-2] c.c.c.security.JwtAuthenticationFilter   : username: Admin1
2023-11-30T01:08:40.514-07:00  INFO 36396 --- [http-nio-8080-exec-1] c.c.c.security.JwtAuthenticationFilter   : authToken:eyJ0eXAiOiJKV1QiLCJhbGciOiJIUzI1NiJ9.eyJleHAiOjE3MDEzMzQ3NjAsInVzZXJuYW1lIjoiQWRtaW4xIn0.8zFzAfL_tmmn_VPovheH85S05JsisWdt-rL_iZu2uKs
2023-11-30T01:08:40.514-07:00  INFO 36396 --- [http-nio-8080-exec-4] c.c.c.security.JwtAuthenticationFilter   : authToken:eyJ0eXAiOiJKV1QiLCJhbGciOiJIUzI1NiJ9.eyJleHAiOjE3MDEzMzQ3NjAsInVzZXJuYW1lIjoiQWRtaW4xIn0.8zFzAfL_tmmn_VPovheH85S05JsisWdt-rL_iZu2uKs
2023-11-30T01:08:40.514-07:00  INFO 36396 --- [http-nio-8080-exec-8] c.c.c.security.JwtAuthenticationFilter   : authToken:eyJ0eXAiOiJKV1QiLCJhbGciOiJIUzI1NiJ9.eyJleHAiOjE3MDEzMzQ3NjAsInVzZXJuYW1lIjoiQWRtaW4xIn0.8zFzAfL_tmmn_VPovheH85S05JsisWdt-rL_iZu2uKs
2023-11-30T01:08:40.514-07:00  INFO 36396 --- [http-nio-8080-exec-1] c.c.c.security.JwtAuthenticationFilter   : username: Admin1
2023-11-30T01:08:40.514-07:00  INFO 36396 --- [http-nio-8080-exec-4] c.c.c.security.JwtAuthenticationFilter   : username: Admin1
2023-11-30T01:08:40.514-07:00  INFO 36396 --- [http-nio-8080-exec-8] c.c.c.security.JwtAuthenticationFilter   : username: Admin1
2023-11-30T01:08:40.516-07:00 DEBUG 36396 --- [http-nio-8080-exec-2] org.hibernate.SQL                        : 
    select
        u1_0.user_id,
        u1_0.avatar_id,
        u1_0.email,
        u1_0.first_name,
        u1_0.last_name,
        u1_0.password,
        u1_0.username 
    from
        user u1_0 
    where
        upper(u1_0.username)=upper(?)
2023-11-30T01:08:40.516-07:00 DEBUG 36396 --- [http-nio-8080-exec-1] org.hibernate.SQL                        : 
    select
        u1_0.user_id,
        u1_0.avatar_id,
        u1_0.email,
        u1_0.first_name,
        u1_0.last_name,
        u1_0.password,
        u1_0.username 
    from
        user u1_0 
    where
        upper(u1_0.username)=upper(?)
2023-11-30T01:08:40.516-07:00 DEBUG 36396 --- [http-nio-8080-exec-9] org.hibernate.SQL                        : 
    select
        u1_0.user_id,
        u1_0.avatar_id,
        u1_0.email,
        u1_0.first_name,
        u1_0.last_name,
        u1_0.password,
        u1_0.username 
    from
        user u1_0 
    where
        upper(u1_0.username)=upper(?)
2023-11-30T01:08:40.516-07:00 DEBUG 36396 --- [http-nio-8080-exec-4] org.hibernate.SQL                        : 
    select
        u1_0.user_id,
        u1_0.avatar_id,
        u1_0.email,
        u1_0.first_name,
        u1_0.last_name,
        u1_0.password,
        u1_0.username 
    from
        user u1_0 
    where
        upper(u1_0.username)=upper(?)
2023-11-30T01:08:40.516-07:00 DEBUG 36396 --- [http-nio-8080-exec-8] org.hibernate.SQL                        : 
    select
        u1_0.user_id,
        u1_0.avatar_id,
        u1_0.email,
        u1_0.first_name,
        u1_0.last_name,
        u1_0.password,
        u1_0.username 
    from
        user u1_0 
    where
        upper(u1_0.username)=upper(?)
2023-11-30T01:08:40.516-07:00 DEBUG 36396 --- [http-nio-8080-exec-3] org.hibernate.SQL                        : 
    select
        u1_0.user_id,
        u1_0.avatar_id,
        u1_0.email,
        u1_0.first_name,
        u1_0.last_name,
        u1_0.password,
        u1_0.username 
    from
        user u1_0 
    where
        upper(u1_0.username)=upper(?)
2023-11-30T01:08:40.517-07:00 DEBUG 36396 --- [http-nio-8080-exec-2] org.hibernate.SQL                        : 
    select
        r1_0.user_id,
        r1_1.role_id,
        r1_1.name 
    from
        user_roles r1_0 
    join
        role r1_1 
            on r1_1.role_id=r1_0.role_id 
    where
        r1_0.user_id=?
2023-11-30T01:08:40.517-07:00 DEBUG 36396 --- [http-nio-8080-exec-1] org.hibernate.SQL                        : 
    select
        r1_0.user_id,
        r1_1.role_id,
        r1_1.name 
    from
        user_roles r1_0 
    join
        role r1_1 
            on r1_1.role_id=r1_0.role_id 
    where
        r1_0.user_id=?
2023-11-30T01:08:40.517-07:00 DEBUG 36396 --- [http-nio-8080-exec-9] org.hibernate.SQL                        : 
    select
        r1_0.user_id,
        r1_1.role_id,
        r1_1.name 
    from
        user_roles r1_0 
    join
        role r1_1 
            on r1_1.role_id=r1_0.role_id 
    where
        r1_0.user_id=?
2023-11-30T01:08:40.517-07:00 DEBUG 36396 --- [http-nio-8080-exec-8] org.hibernate.SQL                        : 
    select
        r1_0.user_id,
        r1_1.role_id,
        r1_1.name 
    from
        user_roles r1_0 
    join
        role r1_1 
            on r1_1.role_id=r1_0.role_id 
    where
        r1_0.user_id=?
2023-11-30T01:08:40.517-07:00 DEBUG 36396 --- [http-nio-8080-exec-3] org.hibernate.SQL                        : 
    select
        r1_0.user_id,
        r1_1.role_id,
        r1_1.name 
    from
        user_roles r1_0 
    join
        role r1_1 
            on r1_1.role_id=r1_0.role_id 
    where
        r1_0.user_id=?
2023-11-30T01:08:40.517-07:00 DEBUG 36396 --- [http-nio-8080-exec-4] org.hibernate.SQL                        : 
    select
        r1_0.user_id,
        r1_1.role_id,
        r1_1.name 
    from
        user_roles r1_0 
    join
        role r1_1 
            on r1_1.role_id=r1_0.role_id 
    where
        r1_0.user_id=?
2023-11-30T01:08:40.518-07:00  INFO 36396 --- [http-nio-8080-exec-8] c.c.c.security.JwtAuthenticationFilter   : Authorities: [ROLE_USER, ROLE_ADMIN]
2023-11-30T01:08:40.518-07:00  INFO 36396 --- [http-nio-8080-exec-4] c.c.c.security.JwtAuthenticationFilter   : Authorities: [ROLE_USER, ROLE_ADMIN]
2023-11-30T01:08:40.518-07:00  INFO 36396 --- [http-nio-8080-exec-2] c.c.c.security.JwtAuthenticationFilter   : Authorities: [ROLE_USER, ROLE_ADMIN]
2023-11-30T01:08:40.518-07:00  INFO 36396 --- [http-nio-8080-exec-3] c.c.c.security.JwtAuthenticationFilter   : Authorities: [ROLE_USER, ROLE_ADMIN]
2023-11-30T01:08:40.518-07:00  INFO 36396 --- [http-nio-8080-exec-9] c.c.c.security.JwtAuthenticationFilter   : Authorities: [ROLE_USER, ROLE_ADMIN]
2023-11-30T01:08:40.518-07:00  INFO 36396 --- [http-nio-8080-exec-1] c.c.c.security.JwtAuthenticationFilter   : Authorities: [ROLE_USER, ROLE_ADMIN]
2023-11-30T01:08:40.518-07:00  INFO 36396 --- [http-nio-8080-exec-4] c.c.c.security.JwtAuthenticationFilter   : SecurityContextImpl [Authentication=UsernamePasswordAuthenticationToken [Principal=Admin1, Credentials=[PROTECTED], Authenticated=true, Details=WebAuthenticationDetails [RemoteIpAddress=0:0:0:0:0:0:0:1, SessionId=null], Granted Authorities=[ROLE_USER, ROLE_ADMIN]]]
2023-11-30T01:08:40.518-07:00  INFO 36396 --- [http-nio-8080-exec-9] c.c.c.security.JwtAuthenticationFilter   : SecurityContextImpl [Authentication=UsernamePasswordAuthenticationToken [Principal=Admin1, Credentials=[PROTECTED], Authenticated=true, Details=WebAuthenticationDetails [RemoteIpAddress=0:0:0:0:0:0:0:1, SessionId=null], Granted Authorities=[ROLE_USER, ROLE_ADMIN]]]
2023-11-30T01:08:40.518-07:00  INFO 36396 --- [http-nio-8080-exec-8] c.c.c.security.JwtAuthenticationFilter   : SecurityContextImpl [Authentication=UsernamePasswordAuthenticationToken [Principal=Admin1, Credentials=[PROTECTED], Authenticated=true, Details=WebAuthenticationDetails [RemoteIpAddress=0:0:0:0:0:0:0:1, SessionId=null], Granted Authorities=[ROLE_USER, ROLE_ADMIN]]]
2023-11-30T01:08:40.518-07:00  INFO 36396 --- [http-nio-8080-exec-1] c.c.c.security.JwtAuthenticationFilter   : SecurityContextImpl [Authentication=UsernamePasswordAuthenticationToken [Principal=Admin1, Credentials=[PROTECTED], Authenticated=true, Details=WebAuthenticationDetails [RemoteIpAddress=0:0:0:0:0:0:0:1, SessionId=null], Granted Authorities=[ROLE_USER, ROLE_ADMIN]]]
2023-11-30T01:08:40.518-07:00  INFO 36396 --- [http-nio-8080-exec-3] c.c.c.security.JwtAuthenticationFilter   : SecurityContextImpl [Authentication=UsernamePasswordAuthenticationToken [Principal=Admin1, Credentials=[PROTECTED], Authenticated=true, Details=WebAuthenticationDetails [RemoteIpAddress=0:0:0:0:0:0:0:1, SessionId=null], Granted Authorities=[ROLE_USER, ROLE_ADMIN]]]
2023-11-30T01:08:40.518-07:00  INFO 36396 --- [http-nio-8080-exec-2] c.c.c.security.JwtAuthenticationFilter   : SecurityContextImpl [Authentication=UsernamePasswordAuthenticationToken [Principal=Admin1, Credentials=[PROTECTED], Authenticated=true, Details=WebAuthenticationDetails [RemoteIpAddress=0:0:0:0:0:0:0:1, SessionId=null], Granted Authorities=[ROLE_USER, ROLE_ADMIN]]]
2023-11-30T01:08:40.520-07:00 DEBUG 36396 --- [http-nio-8080-exec-4] o.s.security.web.FilterChainProxy        : Secured GET /api/images/movie/16
2023-11-30T01:08:40.520-07:00 DEBUG 36396 --- [http-nio-8080-exec-2] o.s.security.web.FilterChainProxy        : Secured GET /api/images/movie/15
2023-11-30T01:08:40.520-07:00 DEBUG 36396 --- [http-nio-8080-exec-8] o.s.security.web.FilterChainProxy        : Secured GET /api/images/movie/17
2023-11-30T01:08:40.520-07:00 DEBUG 36396 --- [http-nio-8080-exec-3] o.s.security.web.FilterChainProxy        : Secured GET /api/images/movie/12
2023-11-30T01:08:40.520-07:00 DEBUG 36396 --- [http-nio-8080-exec-9] o.s.security.web.FilterChainProxy        : Secured GET /api/images/movie/14
2023-11-30T01:08:40.520-07:00 DEBUG 36396 --- [http-nio-8080-exec-1] o.s.security.web.FilterChainProxy        : Secured GET /api/images/movie/13
2023-11-30T01:08:40.521-07:00 DEBUG 36396 --- [http-nio-8080-exec-8] horizationManagerBeforeMethodInterceptor : Authorizing method invocation ReflectiveMethodInvocation: public org.springframework.http.ResponseEntity com.cm.cinematchapp.controllers.ImageController.getMoviePoster(java.lang.Long) throws java.io.IOException; target is of class [com.cm.cinematchapp.controllers.ImageController]
2023-11-30T01:08:40.521-07:00 DEBUG 36396 --- [http-nio-8080-exec-4] horizationManagerBeforeMethodInterceptor : Authorizing method invocation ReflectiveMethodInvocation: public org.springframework.http.ResponseEntity com.cm.cinematchapp.controllers.ImageController.getMoviePoster(java.lang.Long) throws java.io.IOException; target is of class [com.cm.cinematchapp.controllers.ImageController]
2023-11-30T01:08:40.521-07:00 DEBUG 36396 --- [http-nio-8080-exec-3] horizationManagerBeforeMethodInterceptor : Authorizing method invocation ReflectiveMethodInvocation: public org.springframework.http.ResponseEntity com.cm.cinematchapp.controllers.ImageController.getMoviePoster(java.lang.Long) throws java.io.IOException; target is of class [com.cm.cinematchapp.controllers.ImageController]
2023-11-30T01:08:40.521-07:00 DEBUG 36396 --- [http-nio-8080-exec-9] horizationManagerBeforeMethodInterceptor : Authorizing method invocation ReflectiveMethodInvocation: public org.springframework.http.ResponseEntity com.cm.cinematchapp.controllers.ImageController.getMoviePoster(java.lang.Long) throws java.io.IOException; target is of class [com.cm.cinematchapp.controllers.ImageController]
2023-11-30T01:08:40.521-07:00 DEBUG 36396 --- [http-nio-8080-exec-1] horizationManagerBeforeMethodInterceptor : Authorizing method invocation ReflectiveMethodInvocation: public org.springframework.http.ResponseEntity com.cm.cinematchapp.controllers.ImageController.getMoviePoster(java.lang.Long) throws java.io.IOException; target is of class [com.cm.cinematchapp.controllers.ImageController]
2023-11-30T01:08:40.521-07:00 DEBUG 36396 --- [http-nio-8080-exec-2] horizationManagerBeforeMethodInterceptor : Authorizing method invocation ReflectiveMethodInvocation: public org.springframework.http.ResponseEntity com.cm.cinematchapp.controllers.ImageController.getMoviePoster(java.lang.Long) throws java.io.IOException; target is of class [com.cm.cinematchapp.controllers.ImageController]
2023-11-30T01:08:40.521-07:00 DEBUG 36396 --- [http-nio-8080-exec-8] horizationManagerBeforeMethodInterceptor : Authorized method invocation ReflectiveMethodInvocation: public org.springframework.http.ResponseEntity com.cm.cinematchapp.controllers.ImageController.getMoviePoster(java.lang.Long) throws java.io.IOException; target is of class [com.cm.cinematchapp.controllers.ImageController]
2023-11-30T01:08:40.521-07:00 DEBUG 36396 --- [http-nio-8080-exec-3] horizationManagerBeforeMethodInterceptor : Authorized method invocation ReflectiveMethodInvocation: public org.springframework.http.ResponseEntity com.cm.cinematchapp.controllers.ImageController.getMoviePoster(java.lang.Long) throws java.io.IOException; target is of class [com.cm.cinematchapp.controllers.ImageController]
2023-11-30T01:08:40.521-07:00 DEBUG 36396 --- [http-nio-8080-exec-9] horizationManagerBeforeMethodInterceptor : Authorized method invocation ReflectiveMethodInvocation: public org.springframework.http.ResponseEntity com.cm.cinematchapp.controllers.ImageController.getMoviePoster(java.lang.Long) throws java.io.IOException; target is of class [com.cm.cinematchapp.controllers.ImageController]
2023-11-30T01:08:40.521-07:00 DEBUG 36396 --- [http-nio-8080-exec-4] horizationManagerBeforeMethodInterceptor : Authorized method invocation ReflectiveMethodInvocation: public org.springframework.http.ResponseEntity com.cm.cinematchapp.controllers.ImageController.getMoviePoster(java.lang.Long) throws java.io.IOException; target is of class [com.cm.cinematchapp.controllers.ImageController]
2023-11-30T01:08:40.521-07:00 DEBUG 36396 --- [http-nio-8080-exec-1] horizationManagerBeforeMethodInterceptor : Authorized method invocation ReflectiveMethodInvocation: public org.springframework.http.ResponseEntity com.cm.cinematchapp.controllers.ImageController.getMoviePoster(java.lang.Long) throws java.io.IOException; target is of class [com.cm.cinematchapp.controllers.ImageController]
2023-11-30T01:08:40.521-07:00 DEBUG 36396 --- [http-nio-8080-exec-2] horizationManagerBeforeMethodInterceptor : Authorized method invocation ReflectiveMethodInvocation: public org.springframework.http.ResponseEntity com.cm.cinematchapp.controllers.ImageController.getMoviePoster(java.lang.Long) throws java.io.IOException; target is of class [com.cm.cinematchapp.controllers.ImageController]
2023-11-30T01:08:40.522-07:00 DEBUG 36396 --- [http-nio-8080-exec-9] org.hibernate.SQL                        : 
    select
        m1_0.movie_id,
        m1_0.description,
        m1_0.poster_id,
        m1_0.rated,
        m1_0.title,
        m1_0.year 
    from
        movie m1_0 
    where
        m1_0.movie_id=?
2023-11-30T01:08:40.522-07:00 DEBUG 36396 --- [http-nio-8080-exec-4] org.hibernate.SQL                        : 
    select
        m1_0.movie_id,
        m1_0.description,
        m1_0.poster_id,
        m1_0.rated,
        m1_0.title,
        m1_0.year 
    from
        movie m1_0 
    where
        m1_0.movie_id=?
2023-11-30T01:08:40.522-07:00 DEBUG 36396 --- [http-nio-8080-exec-1] org.hibernate.SQL                        : 
    select
        m1_0.movie_id,
        m1_0.description,
        m1_0.poster_id,
        m1_0.rated,
        m1_0.title,
        m1_0.year 
    from
        movie m1_0 
    where
        m1_0.movie_id=?
2023-11-30T01:08:40.522-07:00 DEBUG 36396 --- [http-nio-8080-exec-8] org.hibernate.SQL                        : 
    select
        m1_0.movie_id,
        m1_0.description,
        m1_0.poster_id,
        m1_0.rated,
        m1_0.title,
        m1_0.year 
    from
        movie m1_0 
    where
        m1_0.movie_id=?
2023-11-30T01:08:40.522-07:00 DEBUG 36396 --- [http-nio-8080-exec-2] org.hibernate.SQL                        : 
    select
        m1_0.movie_id,
        m1_0.description,
        m1_0.poster_id,
        m1_0.rated,
        m1_0.title,
        m1_0.year 
    from
        movie m1_0 
    where
        m1_0.movie_id=?
2023-11-30T01:08:40.522-07:00 DEBUG 36396 --- [http-nio-8080-exec-3] org.hibernate.SQL                        : 
    select
        m1_0.movie_id,
        m1_0.description,
        m1_0.poster_id,
        m1_0.rated,
        m1_0.title,
        m1_0.year 
    from
        movie m1_0 
    where
        m1_0.movie_id=?
2023-11-30T01:08:40.522-07:00 DEBUG 36396 --- [http-nio-8080-exec-1] org.hibernate.SQL                        : 
    select
        m1_0.poster_id,
        m1_0.file_name,
        m1_0.path,
        m1_0.file_size 
    from
        movie_poster m1_0 
    where
        m1_0.poster_id=?
2023-11-30T01:08:40.522-07:00 DEBUG 36396 --- [http-nio-8080-exec-3] org.hibernate.SQL                        : 
    select
        m1_0.poster_id,
        m1_0.file_name,
        m1_0.path,
        m1_0.file_size 
    from
        movie_poster m1_0 
    where
        m1_0.poster_id=?
2023-11-30T01:08:40.522-07:00 DEBUG 36396 --- [http-nio-8080-exec-4] org.hibernate.SQL                        : 
    select
        m1_0.poster_id,
        m1_0.file_name,
        m1_0.path,
        m1_0.file_size 
    from
        movie_poster m1_0 
    where
        m1_0.poster_id=?
2023-11-30T01:08:40.522-07:00 DEBUG 36396 --- [http-nio-8080-exec-2] org.hibernate.SQL                        : 
    select
        m1_0.poster_id,
        m1_0.file_name,
        m1_0.path,
        m1_0.file_size 
    from
        movie_poster m1_0 
    where
        m1_0.poster_id=?
2023-11-30T01:08:40.522-07:00 DEBUG 36396 --- [http-nio-8080-exec-9] org.hibernate.SQL                        : 
    select
        m1_0.poster_id,
        m1_0.file_name,
        m1_0.path,
        m1_0.file_size 
    from
        movie_poster m1_0 
    where
        m1_0.poster_id=?
2023-11-30T01:08:40.522-07:00 DEBUG 36396 --- [http-nio-8080-exec-8] org.hibernate.SQL                        : 
    select
        m1_0.poster_id,
        m1_0.file_name,
        m1_0.path,
        m1_0.file_size 
    from
        movie_poster m1_0 
    where
        m1_0.poster_id=?
2023-11-30T01:08:40.526-07:00 DEBUG 36396 --- [http-nio-8080-exec-10] o.s.security.web.FilterChainProxy        : Securing GET /api/images/movie/18
2023-11-30T01:08:40.526-07:00 DEBUG 36396 --- [http-nio-8080-exec-6] o.s.security.web.FilterChainProxy        : Securing GET /api/images/movie/19
2023-11-30T01:08:40.527-07:00  INFO 36396 --- [http-nio-8080-exec-10] c.c.c.security.JwtAuthenticationFilter   : authToken:eyJ0eXAiOiJKV1QiLCJhbGciOiJIUzI1NiJ9.eyJleHAiOjE3MDEzMzQ3NjAsInVzZXJuYW1lIjoiQWRtaW4xIn0.8zFzAfL_tmmn_VPovheH85S05JsisWdt-rL_iZu2uKs
2023-11-30T01:08:40.527-07:00  INFO 36396 --- [http-nio-8080-exec-6] c.c.c.security.JwtAuthenticationFilter   : authToken:eyJ0eXAiOiJKV1QiLCJhbGciOiJIUzI1NiJ9.eyJleHAiOjE3MDEzMzQ3NjAsInVzZXJuYW1lIjoiQWRtaW4xIn0.8zFzAfL_tmmn_VPovheH85S05JsisWdt-rL_iZu2uKs
2023-11-30T01:08:40.527-07:00  INFO 36396 --- [http-nio-8080-exec-10] c.c.c.security.JwtAuthenticationFilter   : username: Admin1
2023-11-30T01:08:40.527-07:00  INFO 36396 --- [http-nio-8080-exec-6] c.c.c.security.JwtAuthenticationFilter   : username: Admin1
2023-11-30T01:08:40.528-07:00 DEBUG 36396 --- [http-nio-8080-exec-6] org.hibernate.SQL                        : 
    select
        u1_0.user_id,
        u1_0.avatar_id,
        u1_0.email,
        u1_0.first_name,
        u1_0.last_name,
        u1_0.password,
        u1_0.username 
    from
        user u1_0 
    where
        upper(u1_0.username)=upper(?)
2023-11-30T01:08:40.528-07:00 DEBUG 36396 --- [http-nio-8080-exec-10] org.hibernate.SQL                        : 
    select
        u1_0.user_id,
        u1_0.avatar_id,
        u1_0.email,
        u1_0.first_name,
        u1_0.last_name,
        u1_0.password,
        u1_0.username 
    from
        user u1_0 
    where
        upper(u1_0.username)=upper(?)
2023-11-30T01:08:40.529-07:00 DEBUG 36396 --- [http-nio-8080-exec-10] org.hibernate.SQL                        : 
    select
        r1_0.user_id,
        r1_1.role_id,
        r1_1.name 
    from
        user_roles r1_0 
    join
        role r1_1 
            on r1_1.role_id=r1_0.role_id 
    where
        r1_0.user_id=?
2023-11-30T01:08:40.529-07:00 DEBUG 36396 --- [http-nio-8080-exec-6] org.hibernate.SQL                        : 
    select
        r1_0.user_id,
        r1_1.role_id,
        r1_1.name 
    from
        user_roles r1_0 
    join
        role r1_1 
            on r1_1.role_id=r1_0.role_id 
    where
        r1_0.user_id=?
2023-11-30T01:08:40.530-07:00  INFO 36396 --- [http-nio-8080-exec-10] c.c.c.security.JwtAuthenticationFilter   : Authorities: [ROLE_USER, ROLE_ADMIN]
2023-11-30T01:08:40.530-07:00  INFO 36396 --- [http-nio-8080-exec-6] c.c.c.security.JwtAuthenticationFilter   : Authorities: [ROLE_USER, ROLE_ADMIN]
2023-11-30T01:08:40.530-07:00  INFO 36396 --- [http-nio-8080-exec-10] c.c.c.security.JwtAuthenticationFilter   : SecurityContextImpl [Authentication=UsernamePasswordAuthenticationToken [Principal=Admin1, Credentials=[PROTECTED], Authenticated=true, Details=WebAuthenticationDetails [RemoteIpAddress=0:0:0:0:0:0:0:1, SessionId=null], Granted Authorities=[ROLE_USER, ROLE_ADMIN]]]
2023-11-30T01:08:40.530-07:00  INFO 36396 --- [http-nio-8080-exec-6] c.c.c.security.JwtAuthenticationFilter   : SecurityContextImpl [Authentication=UsernamePasswordAuthenticationToken [Principal=Admin1, Credentials=[PROTECTED], Authenticated=true, Details=WebAuthenticationDetails [RemoteIpAddress=0:0:0:0:0:0:0:1, SessionId=null], Granted Authorities=[ROLE_USER, ROLE_ADMIN]]]
2023-11-30T01:08:40.530-07:00 DEBUG 36396 --- [http-nio-8080-exec-10] o.s.security.web.FilterChainProxy        : Secured GET /api/images/movie/18
2023-11-30T01:08:40.530-07:00 DEBUG 36396 --- [http-nio-8080-exec-6] o.s.security.web.FilterChainProxy        : Secured GET /api/images/movie/19
2023-11-30T01:08:40.531-07:00 DEBUG 36396 --- [http-nio-8080-exec-10] horizationManagerBeforeMethodInterceptor : Authorizing method invocation ReflectiveMethodInvocation: public org.springframework.http.ResponseEntity com.cm.cinematchapp.controllers.ImageController.getMoviePoster(java.lang.Long) throws java.io.IOException; target is of class [com.cm.cinematchapp.controllers.ImageController]
2023-11-30T01:08:40.531-07:00 DEBUG 36396 --- [http-nio-8080-exec-6] horizationManagerBeforeMethodInterceptor : Authorizing method invocation ReflectiveMethodInvocation: public org.springframework.http.ResponseEntity com.cm.cinematchapp.controllers.ImageController.getMoviePoster(java.lang.Long) throws java.io.IOException; target is of class [com.cm.cinematchapp.controllers.ImageController]
2023-11-30T01:08:40.531-07:00 DEBUG 36396 --- [http-nio-8080-exec-10] horizationManagerBeforeMethodInterceptor : Authorized method invocation ReflectiveMethodInvocation: public org.springframework.http.ResponseEntity com.cm.cinematchapp.controllers.ImageController.getMoviePoster(java.lang.Long) throws java.io.IOException; target is of class [com.cm.cinematchapp.controllers.ImageController]
2023-11-30T01:08:40.531-07:00 DEBUG 36396 --- [http-nio-8080-exec-6] horizationManagerBeforeMethodInterceptor : Authorized method invocation ReflectiveMethodInvocation: public org.springframework.http.ResponseEntity com.cm.cinematchapp.controllers.ImageController.getMoviePoster(java.lang.Long) throws java.io.IOException; target is of class [com.cm.cinematchapp.controllers.ImageController]
2023-11-30T01:08:40.532-07:00 DEBUG 36396 --- [http-nio-8080-exec-6] org.hibernate.SQL                        : 
    select
        m1_0.movie_id,
        m1_0.description,
        m1_0.poster_id,
        m1_0.rated,
        m1_0.title,
        m1_0.year 
    from
        movie m1_0 
    where
        m1_0.movie_id=?
2023-11-30T01:08:40.532-07:00 DEBUG 36396 --- [http-nio-8080-exec-10] org.hibernate.SQL                        : 
    select
        m1_0.movie_id,
        m1_0.description,
        m1_0.poster_id,
        m1_0.rated,
        m1_0.title,
        m1_0.year 
    from
        movie m1_0 
    where
        m1_0.movie_id=?
2023-11-30T01:08:40.532-07:00 DEBUG 36396 --- [http-nio-8080-exec-6] org.hibernate.SQL                        : 
    select
        m1_0.poster_id,
        m1_0.file_name,
        m1_0.path,
        m1_0.file_size 
    from
        movie_poster m1_0 
    where
        m1_0.poster_id=?
2023-11-30T01:08:40.532-07:00 DEBUG 36396 --- [http-nio-8080-exec-10] org.hibernate.SQL                        : 
    select
        m1_0.poster_id,
        m1_0.file_name,
        m1_0.path,
        m1_0.file_size 
    from
        movie_poster m1_0 
    where
        m1_0.poster_id=?
2023-11-30T01:24:24.227-07:00 DEBUG 36396 --- [http-nio-8080-exec-4] o.s.security.web.FilterChainProxy        : Securing OPTIONS /api/entities/friend-requests
2023-11-30T01:24:24.227-07:00 DEBUG 36396 --- [http-nio-8080-exec-1] o.s.security.web.FilterChainProxy        : Securing OPTIONS /api/entities/friends
2023-11-30T01:24:24.232-07:00 DEBUG 36396 --- [http-nio-8080-exec-10] o.s.security.web.FilterChainProxy        : Securing GET /api/entities/friends
2023-11-30T01:24:24.232-07:00 DEBUG 36396 --- [http-nio-8080-exec-6] o.s.security.web.FilterChainProxy        : Securing GET /api/entities/friend-requests
2023-11-30T01:24:24.233-07:00  INFO 36396 --- [http-nio-8080-exec-10] c.c.c.security.JwtAuthenticationFilter   : authToken:eyJ0eXAiOiJKV1QiLCJhbGciOiJIUzI1NiJ9.eyJleHAiOjE3MDEzMzQ3NjAsInVzZXJuYW1lIjoiQWRtaW4xIn0.8zFzAfL_tmmn_VPovheH85S05JsisWdt-rL_iZu2uKs
2023-11-30T01:24:24.233-07:00  INFO 36396 --- [http-nio-8080-exec-6] c.c.c.security.JwtAuthenticationFilter   : authToken:eyJ0eXAiOiJKV1QiLCJhbGciOiJIUzI1NiJ9.eyJleHAiOjE3MDEzMzQ3NjAsInVzZXJuYW1lIjoiQWRtaW4xIn0.8zFzAfL_tmmn_VPovheH85S05JsisWdt-rL_iZu2uKs
2023-11-30T01:24:24.233-07:00  INFO 36396 --- [http-nio-8080-exec-10] c.c.c.security.JwtAuthenticationFilter   : username: Admin1
2023-11-30T01:24:24.233-07:00  INFO 36396 --- [http-nio-8080-exec-6] c.c.c.security.JwtAuthenticationFilter   : username: Admin1
2023-11-30T01:24:24.235-07:00 DEBUG 36396 --- [http-nio-8080-exec-10] org.hibernate.SQL                        : 
    select
        u1_0.user_id,
        u1_0.avatar_id,
        u1_0.email,
        u1_0.first_name,
        u1_0.last_name,
        u1_0.password,
        u1_0.username 
    from
        user u1_0 
    where
        upper(u1_0.username)=upper(?)
2023-11-30T01:24:24.235-07:00 DEBUG 36396 --- [http-nio-8080-exec-6] org.hibernate.SQL                        : 
    select
        u1_0.user_id,
        u1_0.avatar_id,
        u1_0.email,
        u1_0.first_name,
        u1_0.last_name,
        u1_0.password,
        u1_0.username 
    from
        user u1_0 
    where
        upper(u1_0.username)=upper(?)
2023-11-30T01:24:24.236-07:00 DEBUG 36396 --- [http-nio-8080-exec-10] org.hibernate.SQL                        : 
    select
        r1_0.user_id,
        r1_1.role_id,
        r1_1.name 
    from
        user_roles r1_0 
    join
        role r1_1 
            on r1_1.role_id=r1_0.role_id 
    where
        r1_0.user_id=?
2023-11-30T01:24:24.236-07:00 DEBUG 36396 --- [http-nio-8080-exec-6] org.hibernate.SQL                        : 
    select
        r1_0.user_id,
        r1_1.role_id,
        r1_1.name 
    from
        user_roles r1_0 
    join
        role r1_1 
            on r1_1.role_id=r1_0.role_id 
    where
        r1_0.user_id=?
2023-11-30T01:24:24.238-07:00  INFO 36396 --- [http-nio-8080-exec-10] c.c.c.security.JwtAuthenticationFilter   : Authorities: [ROLE_USER, ROLE_ADMIN]
2023-11-30T01:24:24.238-07:00  INFO 36396 --- [http-nio-8080-exec-6] c.c.c.security.JwtAuthenticationFilter   : Authorities: [ROLE_USER, ROLE_ADMIN]
2023-11-30T01:24:24.238-07:00  INFO 36396 --- [http-nio-8080-exec-10] c.c.c.security.JwtAuthenticationFilter   : SecurityContextImpl [Authentication=UsernamePasswordAuthenticationToken [Principal=Admin1, Credentials=[PROTECTED], Authenticated=true, Details=WebAuthenticationDetails [RemoteIpAddress=0:0:0:0:0:0:0:1, SessionId=null], Granted Authorities=[ROLE_USER, ROLE_ADMIN]]]
2023-11-30T01:24:24.238-07:00  INFO 36396 --- [http-nio-8080-exec-6] c.c.c.security.JwtAuthenticationFilter   : SecurityContextImpl [Authentication=UsernamePasswordAuthenticationToken [Principal=Admin1, Credentials=[PROTECTED], Authenticated=true, Details=WebAuthenticationDetails [RemoteIpAddress=0:0:0:0:0:0:0:1, SessionId=null], Granted Authorities=[ROLE_USER, ROLE_ADMIN]]]
2023-11-30T01:24:24.238-07:00 DEBUG 36396 --- [http-nio-8080-exec-10] o.s.security.web.FilterChainProxy        : Secured GET /api/entities/friends
2023-11-30T01:24:24.238-07:00 DEBUG 36396 --- [http-nio-8080-exec-6] o.s.security.web.FilterChainProxy        : Secured GET /api/entities/friend-requests
2023-11-30T01:24:24.239-07:00 DEBUG 36396 --- [http-nio-8080-exec-10] horizationManagerBeforeMethodInterceptor : Authorizing method invocation ReflectiveMethodInvocation: public org.springframework.http.ResponseEntity com.cm.cinematchapp.controllers.EntityController.getFriends(); target is of class [com.cm.cinematchapp.controllers.EntityController]
2023-11-30T01:24:24.239-07:00 DEBUG 36396 --- [http-nio-8080-exec-6] horizationManagerBeforeMethodInterceptor : Authorizing method invocation ReflectiveMethodInvocation: public org.springframework.http.ResponseEntity com.cm.cinematchapp.controllers.EntityController.getFriendRequests(); target is of class [com.cm.cinematchapp.controllers.EntityController]
2023-11-30T01:24:24.239-07:00 DEBUG 36396 --- [http-nio-8080-exec-10] horizationManagerBeforeMethodInterceptor : Authorized method invocation ReflectiveMethodInvocation: public org.springframework.http.ResponseEntity com.cm.cinematchapp.controllers.EntityController.getFriends(); target is of class [com.cm.cinematchapp.controllers.EntityController]
2023-11-30T01:24:24.239-07:00 DEBUG 36396 --- [http-nio-8080-exec-6] horizationManagerBeforeMethodInterceptor : Authorized method invocation ReflectiveMethodInvocation: public org.springframework.http.ResponseEntity com.cm.cinematchapp.controllers.EntityController.getFriendRequests(); target is of class [com.cm.cinematchapp.controllers.EntityController]
2023-11-30T01:24:24.240-07:00 DEBUG 36396 --- [http-nio-8080-exec-6] org.hibernate.SQL                        : 
    select
        u1_0.user_id,
        u1_0.avatar_id,
        u1_0.email,
        u1_0.first_name,
        u1_0.last_name,
        u1_0.password,
        u1_0.username 
    from
        user u1_0 
    where
        upper(u1_0.username)=upper(?)
2023-11-30T01:24:24.240-07:00 DEBUG 36396 --- [http-nio-8080-exec-10] org.hibernate.SQL                        : 
    select
        u1_0.user_id,
        u1_0.avatar_id,
        u1_0.email,
        u1_0.first_name,
        u1_0.last_name,
        u1_0.password,
        u1_0.username 
    from
        user u1_0 
    where
        upper(u1_0.username)=upper(?)
2023-11-30T01:24:24.241-07:00 DEBUG 36396 --- [http-nio-8080-exec-6] org.hibernate.SQL                        : 
    select
        r1_0.user_id,
        r1_1.role_id,
        r1_1.name 
    from
        user_roles r1_0 
    join
        role r1_1 
            on r1_1.role_id=r1_0.role_id 
    where
        r1_0.user_id=?
2023-11-30T01:24:24.241-07:00 DEBUG 36396 --- [http-nio-8080-exec-10] org.hibernate.SQL                        : 
    select
        r1_0.user_id,
        r1_1.role_id,
        r1_1.name 
    from
        user_roles r1_0 
    join
        role r1_1 
            on r1_1.role_id=r1_0.role_id 
    where
        r1_0.user_id=?
2023-11-30T01:24:24.244-07:00 DEBUG 36396 --- [http-nio-8080-exec-6] org.hibernate.SQL                        : 
    select
        f1_0.request_id,
        f1_0.recipient_id,
        f1_0.request_status,
        f1_0.requester_id 
    from
        friend_request f1_0 
    where
        f1_0.recipient_id=?
2023-11-30T01:24:24.263-07:00 DEBUG 36396 --- [http-nio-8080-exec-10] org.hibernate.SQL                        : 
    select
        f2_0.user_id,
        f2_0.avatar_id,
        f2_0.email,
        f2_0.first_name,
        f2_0.last_name,
        f2_0.password,
        f2_0.username 
    from
        friendship f1_0 
    join
        user f2_0 
            on f2_0.user_id=f1_0.friend_user_id 
    where
        f1_0.user_id=?
2023-11-30T01:24:24.264-07:00 DEBUG 36396 --- [http-nio-8080-exec-10] org.hibernate.SQL                        : 
    select
        r1_0.user_id,
        r1_1.role_id,
        r1_1.name 
    from
        user_roles r1_0 
    join
        role r1_1 
            on r1_1.role_id=r1_0.role_id 
    where
        r1_0.user_id=?
2023-11-30T01:36:02.902-07:00 DEBUG 36396 --- [http-nio-8080-exec-5] o.s.security.web.FilterChainProxy        : Securing OPTIONS /api/entities/friend-requests
2023-11-30T01:36:02.902-07:00 DEBUG 36396 --- [http-nio-8080-exec-3] o.s.security.web.FilterChainProxy        : Securing OPTIONS /api/entities/friends
2023-11-30T01:36:02.904-07:00 DEBUG 36396 --- [http-nio-8080-exec-8] o.s.security.web.FilterChainProxy        : Securing GET /api/entities/friends
2023-11-30T01:36:02.904-07:00 DEBUG 36396 --- [http-nio-8080-exec-9] o.s.security.web.FilterChainProxy        : Securing GET /api/entities/friend-requests
2023-11-30T01:36:02.905-07:00  INFO 36396 --- [http-nio-8080-exec-8] c.c.c.security.JwtAuthenticationFilter   : authToken:eyJ0eXAiOiJKV1QiLCJhbGciOiJIUzI1NiJ9.eyJleHAiOjE3MDEzMzQ3NjAsInVzZXJuYW1lIjoiQWRtaW4xIn0.8zFzAfL_tmmn_VPovheH85S05JsisWdt-rL_iZu2uKs
2023-11-30T01:36:02.905-07:00  INFO 36396 --- [http-nio-8080-exec-9] c.c.c.security.JwtAuthenticationFilter   : authToken:eyJ0eXAiOiJKV1QiLCJhbGciOiJIUzI1NiJ9.eyJleHAiOjE3MDEzMzQ3NjAsInVzZXJuYW1lIjoiQWRtaW4xIn0.8zFzAfL_tmmn_VPovheH85S05JsisWdt-rL_iZu2uKs
2023-11-30T01:36:02.905-07:00  INFO 36396 --- [http-nio-8080-exec-8] c.c.c.security.JwtAuthenticationFilter   : username: Admin1
2023-11-30T01:36:02.905-07:00  INFO 36396 --- [http-nio-8080-exec-9] c.c.c.security.JwtAuthenticationFilter   : username: Admin1
2023-11-30T01:36:02.908-07:00 DEBUG 36396 --- [http-nio-8080-exec-8] org.hibernate.SQL                        : 
    select
        u1_0.user_id,
        u1_0.avatar_id,
        u1_0.email,
        u1_0.first_name,
        u1_0.last_name,
        u1_0.password,
        u1_0.username 
    from
        user u1_0 
    where
        upper(u1_0.username)=upper(?)
2023-11-30T01:36:02.908-07:00 DEBUG 36396 --- [http-nio-8080-exec-9] org.hibernate.SQL                        : 
    select
        u1_0.user_id,
        u1_0.avatar_id,
        u1_0.email,
        u1_0.first_name,
        u1_0.last_name,
        u1_0.password,
        u1_0.username 
    from
        user u1_0 
    where
        upper(u1_0.username)=upper(?)
2023-11-30T01:36:02.909-07:00 DEBUG 36396 --- [http-nio-8080-exec-9] org.hibernate.SQL                        : 
    select
        r1_0.user_id,
        r1_1.role_id,
        r1_1.name 
    from
        user_roles r1_0 
    join
        role r1_1 
            on r1_1.role_id=r1_0.role_id 
    where
        r1_0.user_id=?
2023-11-30T01:36:02.909-07:00 DEBUG 36396 --- [http-nio-8080-exec-8] org.hibernate.SQL                        : 
    select
        r1_0.user_id,
        r1_1.role_id,
        r1_1.name 
    from
        user_roles r1_0 
    join
        role r1_1 
            on r1_1.role_id=r1_0.role_id 
    where
        r1_0.user_id=?
2023-11-30T01:36:02.911-07:00  INFO 36396 --- [http-nio-8080-exec-8] c.c.c.security.JwtAuthenticationFilter   : Authorities: [ROLE_USER, ROLE_ADMIN]
2023-11-30T01:36:02.911-07:00  INFO 36396 --- [http-nio-8080-exec-9] c.c.c.security.JwtAuthenticationFilter   : Authorities: [ROLE_USER, ROLE_ADMIN]
2023-11-30T01:36:02.911-07:00  INFO 36396 --- [http-nio-8080-exec-8] c.c.c.security.JwtAuthenticationFilter   : SecurityContextImpl [Authentication=UsernamePasswordAuthenticationToken [Principal=Admin1, Credentials=[PROTECTED], Authenticated=true, Details=WebAuthenticationDetails [RemoteIpAddress=0:0:0:0:0:0:0:1, SessionId=null], Granted Authorities=[ROLE_USER, ROLE_ADMIN]]]
2023-11-30T01:36:02.911-07:00  INFO 36396 --- [http-nio-8080-exec-9] c.c.c.security.JwtAuthenticationFilter   : SecurityContextImpl [Authentication=UsernamePasswordAuthenticationToken [Principal=Admin1, Credentials=[PROTECTED], Authenticated=true, Details=WebAuthenticationDetails [RemoteIpAddress=0:0:0:0:0:0:0:1, SessionId=null], Granted Authorities=[ROLE_USER, ROLE_ADMIN]]]
2023-11-30T01:36:02.912-07:00 DEBUG 36396 --- [http-nio-8080-exec-9] o.s.security.web.FilterChainProxy        : Secured GET /api/entities/friend-requests
2023-11-30T01:36:02.912-07:00 DEBUG 36396 --- [http-nio-8080-exec-8] o.s.security.web.FilterChainProxy        : Secured GET /api/entities/friends
2023-11-30T01:36:02.912-07:00 DEBUG 36396 --- [http-nio-8080-exec-9] horizationManagerBeforeMethodInterceptor : Authorizing method invocation ReflectiveMethodInvocation: public org.springframework.http.ResponseEntity com.cm.cinematchapp.controllers.EntityController.getFriendRequests(); target is of class [com.cm.cinematchapp.controllers.EntityController]
2023-11-30T01:36:02.912-07:00 DEBUG 36396 --- [http-nio-8080-exec-8] horizationManagerBeforeMethodInterceptor : Authorizing method invocation ReflectiveMethodInvocation: public org.springframework.http.ResponseEntity com.cm.cinematchapp.controllers.EntityController.getFriends(); target is of class [com.cm.cinematchapp.controllers.EntityController]
2023-11-30T01:36:02.913-07:00 DEBUG 36396 --- [http-nio-8080-exec-9] horizationManagerBeforeMethodInterceptor : Authorized method invocation ReflectiveMethodInvocation: public org.springframework.http.ResponseEntity com.cm.cinematchapp.controllers.EntityController.getFriendRequests(); target is of class [com.cm.cinematchapp.controllers.EntityController]
2023-11-30T01:36:02.913-07:00 DEBUG 36396 --- [http-nio-8080-exec-8] horizationManagerBeforeMethodInterceptor : Authorized method invocation ReflectiveMethodInvocation: public org.springframework.http.ResponseEntity com.cm.cinematchapp.controllers.EntityController.getFriends(); target is of class [com.cm.cinematchapp.controllers.EntityController]
2023-11-30T01:36:02.914-07:00 DEBUG 36396 --- [http-nio-8080-exec-9] org.hibernate.SQL                        : 
    select
        u1_0.user_id,
        u1_0.avatar_id,
        u1_0.email,
        u1_0.first_name,
        u1_0.last_name,
        u1_0.password,
        u1_0.username 
    from
        user u1_0 
    where
        upper(u1_0.username)=upper(?)
2023-11-30T01:36:02.914-07:00 DEBUG 36396 --- [http-nio-8080-exec-8] org.hibernate.SQL                        : 
    select
        u1_0.user_id,
        u1_0.avatar_id,
        u1_0.email,
        u1_0.first_name,
        u1_0.last_name,
        u1_0.password,
        u1_0.username 
    from
        user u1_0 
    where
        upper(u1_0.username)=upper(?)
2023-11-30T01:36:02.915-07:00 DEBUG 36396 --- [http-nio-8080-exec-8] org.hibernate.SQL                        : 
    select
        r1_0.user_id,
        r1_1.role_id,
        r1_1.name 
    from
        user_roles r1_0 
    join
        role r1_1 
            on r1_1.role_id=r1_0.role_id 
    where
        r1_0.user_id=?
2023-11-30T01:36:02.915-07:00 DEBUG 36396 --- [http-nio-8080-exec-9] org.hibernate.SQL                        : 
    select
        r1_0.user_id,
        r1_1.role_id,
        r1_1.name 
    from
        user_roles r1_0 
    join
        role r1_1 
            on r1_1.role_id=r1_0.role_id 
    where
        r1_0.user_id=?
2023-11-30T01:36:02.916-07:00 DEBUG 36396 --- [http-nio-8080-exec-9] org.hibernate.SQL                        : 
    select
        f1_0.request_id,
        f1_0.recipient_id,
        f1_0.request_status,
        f1_0.requester_id 
    from
        friend_request f1_0 
    where
        f1_0.recipient_id=?
2023-11-30T01:36:02.917-07:00 DEBUG 36396 --- [http-nio-8080-exec-8] org.hibernate.SQL                        : 
    select
        f2_0.user_id,
        f2_0.avatar_id,
        f2_0.email,
        f2_0.first_name,
        f2_0.last_name,
        f2_0.password,
        f2_0.username 
    from
        friendship f1_0 
    join
        user f2_0 
            on f2_0.user_id=f1_0.friend_user_id 
    where
        f1_0.user_id=?
2023-11-30T01:36:02.919-07:00 DEBUG 36396 --- [http-nio-8080-exec-8] org.hibernate.SQL                        : 
    select
        r1_0.user_id,
        r1_1.role_id,
        r1_1.name 
    from
        user_roles r1_0 
    join
        role r1_1 
            on r1_1.role_id=r1_0.role_id 
    where
        r1_0.user_id=?
2023-11-30T01:36:10.935-07:00 DEBUG 36396 --- [http-nio-8080-exec-1] o.s.security.web.FilterChainProxy        : Securing OPTIONS /api/entities/friends
2023-11-30T01:36:10.935-07:00 DEBUG 36396 --- [http-nio-8080-exec-4] o.s.security.web.FilterChainProxy        : Securing OPTIONS /api/entities/friend-requests
2023-11-30T01:36:10.938-07:00 DEBUG 36396 --- [http-nio-8080-exec-6] o.s.security.web.FilterChainProxy        : Securing GET /api/entities/friends
2023-11-30T01:36:10.938-07:00 DEBUG 36396 --- [http-nio-8080-exec-10] o.s.security.web.FilterChainProxy        : Securing GET /api/entities/friend-requests
2023-11-30T01:36:10.939-07:00  INFO 36396 --- [http-nio-8080-exec-6] c.c.c.security.JwtAuthenticationFilter   : authToken:eyJ0eXAiOiJKV1QiLCJhbGciOiJIUzI1NiJ9.eyJleHAiOjE3MDEzMzQ3NjAsInVzZXJuYW1lIjoiQWRtaW4xIn0.8zFzAfL_tmmn_VPovheH85S05JsisWdt-rL_iZu2uKs
2023-11-30T01:36:10.939-07:00  INFO 36396 --- [http-nio-8080-exec-10] c.c.c.security.JwtAuthenticationFilter   : authToken:eyJ0eXAiOiJKV1QiLCJhbGciOiJIUzI1NiJ9.eyJleHAiOjE3MDEzMzQ3NjAsInVzZXJuYW1lIjoiQWRtaW4xIn0.8zFzAfL_tmmn_VPovheH85S05JsisWdt-rL_iZu2uKs
2023-11-30T01:36:10.939-07:00  INFO 36396 --- [http-nio-8080-exec-6] c.c.c.security.JwtAuthenticationFilter   : username: Admin1
2023-11-30T01:36:10.939-07:00  INFO 36396 --- [http-nio-8080-exec-10] c.c.c.security.JwtAuthenticationFilter   : username: Admin1
2023-11-30T01:36:10.941-07:00 DEBUG 36396 --- [http-nio-8080-exec-6] org.hibernate.SQL                        : 
    select
        u1_0.user_id,
        u1_0.avatar_id,
        u1_0.email,
        u1_0.first_name,
        u1_0.last_name,
        u1_0.password,
        u1_0.username 
    from
        user u1_0 
    where
        upper(u1_0.username)=upper(?)
2023-11-30T01:36:10.941-07:00 DEBUG 36396 --- [http-nio-8080-exec-10] org.hibernate.SQL                        : 
    select
        u1_0.user_id,
        u1_0.avatar_id,
        u1_0.email,
        u1_0.first_name,
        u1_0.last_name,
        u1_0.password,
        u1_0.username 
    from
        user u1_0 
    where
        upper(u1_0.username)=upper(?)
2023-11-30T01:36:10.942-07:00 DEBUG 36396 --- [http-nio-8080-exec-6] org.hibernate.SQL                        : 
    select
        r1_0.user_id,
        r1_1.role_id,
        r1_1.name 
    from
        user_roles r1_0 
    join
        role r1_1 
            on r1_1.role_id=r1_0.role_id 
    where
        r1_0.user_id=?
2023-11-30T01:36:10.942-07:00 DEBUG 36396 --- [http-nio-8080-exec-10] org.hibernate.SQL                        : 
    select
        r1_0.user_id,
        r1_1.role_id,
        r1_1.name 
    from
        user_roles r1_0 
    join
        role r1_1 
            on r1_1.role_id=r1_0.role_id 
    where
        r1_0.user_id=?
2023-11-30T01:36:10.944-07:00  INFO 36396 --- [http-nio-8080-exec-6] c.c.c.security.JwtAuthenticationFilter   : Authorities: [ROLE_USER, ROLE_ADMIN]
2023-11-30T01:36:10.944-07:00  INFO 36396 --- [http-nio-8080-exec-10] c.c.c.security.JwtAuthenticationFilter   : Authorities: [ROLE_USER, ROLE_ADMIN]
2023-11-30T01:36:10.944-07:00  INFO 36396 --- [http-nio-8080-exec-6] c.c.c.security.JwtAuthenticationFilter   : SecurityContextImpl [Authentication=UsernamePasswordAuthenticationToken [Principal=Admin1, Credentials=[PROTECTED], Authenticated=true, Details=WebAuthenticationDetails [RemoteIpAddress=0:0:0:0:0:0:0:1, SessionId=null], Granted Authorities=[ROLE_USER, ROLE_ADMIN]]]
2023-11-30T01:36:10.944-07:00  INFO 36396 --- [http-nio-8080-exec-10] c.c.c.security.JwtAuthenticationFilter   : SecurityContextImpl [Authentication=UsernamePasswordAuthenticationToken [Principal=Admin1, Credentials=[PROTECTED], Authenticated=true, Details=WebAuthenticationDetails [RemoteIpAddress=0:0:0:0:0:0:0:1, SessionId=null], Granted Authorities=[ROLE_USER, ROLE_ADMIN]]]
2023-11-30T01:36:10.945-07:00 DEBUG 36396 --- [http-nio-8080-exec-6] o.s.security.web.FilterChainProxy        : Secured GET /api/entities/friends
2023-11-30T01:36:10.945-07:00 DEBUG 36396 --- [http-nio-8080-exec-10] o.s.security.web.FilterChainProxy        : Secured GET /api/entities/friend-requests
2023-11-30T01:36:10.945-07:00 DEBUG 36396 --- [http-nio-8080-exec-6] horizationManagerBeforeMethodInterceptor : Authorizing method invocation ReflectiveMethodInvocation: public org.springframework.http.ResponseEntity com.cm.cinematchapp.controllers.EntityController.getFriends(); target is of class [com.cm.cinematchapp.controllers.EntityController]
2023-11-30T01:36:10.945-07:00 DEBUG 36396 --- [http-nio-8080-exec-10] horizationManagerBeforeMethodInterceptor : Authorizing method invocation ReflectiveMethodInvocation: public org.springframework.http.ResponseEntity com.cm.cinematchapp.controllers.EntityController.getFriendRequests(); target is of class [com.cm.cinematchapp.controllers.EntityController]
2023-11-30T01:36:10.945-07:00 DEBUG 36396 --- [http-nio-8080-exec-6] horizationManagerBeforeMethodInterceptor : Authorized method invocation ReflectiveMethodInvocation: public org.springframework.http.ResponseEntity com.cm.cinematchapp.controllers.EntityController.getFriends(); target is of class [com.cm.cinematchapp.controllers.EntityController]
2023-11-30T01:36:10.945-07:00 DEBUG 36396 --- [http-nio-8080-exec-10] horizationManagerBeforeMethodInterceptor : Authorized method invocation ReflectiveMethodInvocation: public org.springframework.http.ResponseEntity com.cm.cinematchapp.controllers.EntityController.getFriendRequests(); target is of class [com.cm.cinematchapp.controllers.EntityController]
2023-11-30T01:36:10.946-07:00 DEBUG 36396 --- [http-nio-8080-exec-6] org.hibernate.SQL                        : 
    select
        u1_0.user_id,
        u1_0.avatar_id,
        u1_0.email,
        u1_0.first_name,
        u1_0.last_name,
        u1_0.password,
        u1_0.username 
    from
        user u1_0 
    where
        upper(u1_0.username)=upper(?)
2023-11-30T01:36:10.946-07:00 DEBUG 36396 --- [http-nio-8080-exec-10] org.hibernate.SQL                        : 
    select
        u1_0.user_id,
        u1_0.avatar_id,
        u1_0.email,
        u1_0.first_name,
        u1_0.last_name,
        u1_0.password,
        u1_0.username 
    from
        user u1_0 
    where
        upper(u1_0.username)=upper(?)
2023-11-30T01:36:10.946-07:00 DEBUG 36396 --- [http-nio-8080-exec-6] org.hibernate.SQL                        : 
    select
        r1_0.user_id,
        r1_1.role_id,
        r1_1.name 
    from
        user_roles r1_0 
    join
        role r1_1 
            on r1_1.role_id=r1_0.role_id 
    where
        r1_0.user_id=?
2023-11-30T01:36:10.946-07:00 DEBUG 36396 --- [http-nio-8080-exec-10] org.hibernate.SQL                        : 
    select
        r1_0.user_id,
        r1_1.role_id,
        r1_1.name 
    from
        user_roles r1_0 
    join
        role r1_1 
            on r1_1.role_id=r1_0.role_id 
    where
        r1_0.user_id=?
2023-11-30T01:36:10.947-07:00 DEBUG 36396 --- [http-nio-8080-exec-6] org.hibernate.SQL                        : 
    select
        f2_0.user_id,
        f2_0.avatar_id,
        f2_0.email,
        f2_0.first_name,
        f2_0.last_name,
        f2_0.password,
        f2_0.username 
    from
        friendship f1_0 
    join
        user f2_0 
            on f2_0.user_id=f1_0.friend_user_id 
    where
        f1_0.user_id=?
2023-11-30T01:36:10.947-07:00 DEBUG 36396 --- [http-nio-8080-exec-10] org.hibernate.SQL                        : 
    select
        f1_0.request_id,
        f1_0.recipient_id,
        f1_0.request_status,
        f1_0.requester_id 
    from
        friend_request f1_0 
    where
        f1_0.recipient_id=?
2023-11-30T01:36:10.949-07:00 DEBUG 36396 --- [http-nio-8080-exec-6] org.hibernate.SQL                        : 
    select
        r1_0.user_id,
        r1_1.role_id,
        r1_1.name 
    from
        user_roles r1_0 
    join
        role r1_1 
            on r1_1.role_id=r1_0.role_id 
    where
        r1_0.user_id=?
2023-11-30T01:36:23.251-07:00 DEBUG 36396 --- [http-nio-8080-exec-2] o.s.security.web.FilterChainProxy        : Securing OPTIONS /api/entities/friends
2023-11-30T01:36:23.251-07:00 DEBUG 36396 --- [http-nio-8080-exec-7] o.s.security.web.FilterChainProxy        : Securing OPTIONS /api/entities/friend-requests
2023-11-30T01:36:23.254-07:00 DEBUG 36396 --- [http-nio-8080-exec-3] o.s.security.web.FilterChainProxy        : Securing GET /api/entities/friend-requests
2023-11-30T01:36:23.254-07:00 DEBUG 36396 --- [http-nio-8080-exec-5] o.s.security.web.FilterChainProxy        : Securing GET /api/entities/friends
2023-11-30T01:36:23.254-07:00  INFO 36396 --- [http-nio-8080-exec-3] c.c.c.security.JwtAuthenticationFilter   : authToken:eyJ0eXAiOiJKV1QiLCJhbGciOiJIUzI1NiJ9.eyJleHAiOjE3MDEzMzQ3NjAsInVzZXJuYW1lIjoiQWRtaW4xIn0.8zFzAfL_tmmn_VPovheH85S05JsisWdt-rL_iZu2uKs
2023-11-30T01:36:23.254-07:00  INFO 36396 --- [http-nio-8080-exec-5] c.c.c.security.JwtAuthenticationFilter   : authToken:eyJ0eXAiOiJKV1QiLCJhbGciOiJIUzI1NiJ9.eyJleHAiOjE3MDEzMzQ3NjAsInVzZXJuYW1lIjoiQWRtaW4xIn0.8zFzAfL_tmmn_VPovheH85S05JsisWdt-rL_iZu2uKs
2023-11-30T01:36:23.254-07:00  INFO 36396 --- [http-nio-8080-exec-3] c.c.c.security.JwtAuthenticationFilter   : username: Admin1
2023-11-30T01:36:23.254-07:00  INFO 36396 --- [http-nio-8080-exec-5] c.c.c.security.JwtAuthenticationFilter   : username: Admin1
2023-11-30T01:36:23.255-07:00 DEBUG 36396 --- [http-nio-8080-exec-3] org.hibernate.SQL                        : 
    select
        u1_0.user_id,
        u1_0.avatar_id,
        u1_0.email,
        u1_0.first_name,
        u1_0.last_name,
        u1_0.password,
        u1_0.username 
    from
        user u1_0 
    where
        upper(u1_0.username)=upper(?)
2023-11-30T01:36:23.255-07:00 DEBUG 36396 --- [http-nio-8080-exec-5] org.hibernate.SQL                        : 
    select
        u1_0.user_id,
        u1_0.avatar_id,
        u1_0.email,
        u1_0.first_name,
        u1_0.last_name,
        u1_0.password,
        u1_0.username 
    from
        user u1_0 
    where
        upper(u1_0.username)=upper(?)
2023-11-30T01:36:23.257-07:00 DEBUG 36396 --- [http-nio-8080-exec-3] org.hibernate.SQL                        : 
    select
        r1_0.user_id,
        r1_1.role_id,
        r1_1.name 
    from
        user_roles r1_0 
    join
        role r1_1 
            on r1_1.role_id=r1_0.role_id 
    where
        r1_0.user_id=?
2023-11-30T01:36:23.257-07:00 DEBUG 36396 --- [http-nio-8080-exec-5] org.hibernate.SQL                        : 
    select
        r1_0.user_id,
        r1_1.role_id,
        r1_1.name 
    from
        user_roles r1_0 
    join
        role r1_1 
            on r1_1.role_id=r1_0.role_id 
    where
        r1_0.user_id=?
2023-11-30T01:36:23.258-07:00  INFO 36396 --- [http-nio-8080-exec-5] c.c.c.security.JwtAuthenticationFilter   : Authorities: [ROLE_USER, ROLE_ADMIN]
2023-11-30T01:36:23.258-07:00  INFO 36396 --- [http-nio-8080-exec-3] c.c.c.security.JwtAuthenticationFilter   : Authorities: [ROLE_USER, ROLE_ADMIN]
2023-11-30T01:36:23.258-07:00  INFO 36396 --- [http-nio-8080-exec-3] c.c.c.security.JwtAuthenticationFilter   : SecurityContextImpl [Authentication=UsernamePasswordAuthenticationToken [Principal=Admin1, Credentials=[PROTECTED], Authenticated=true, Details=WebAuthenticationDetails [RemoteIpAddress=0:0:0:0:0:0:0:1, SessionId=null], Granted Authorities=[ROLE_USER, ROLE_ADMIN]]]
2023-11-30T01:36:23.258-07:00  INFO 36396 --- [http-nio-8080-exec-5] c.c.c.security.JwtAuthenticationFilter   : SecurityContextImpl [Authentication=UsernamePasswordAuthenticationToken [Principal=Admin1, Credentials=[PROTECTED], Authenticated=true, Details=WebAuthenticationDetails [RemoteIpAddress=0:0:0:0:0:0:0:1, SessionId=null], Granted Authorities=[ROLE_USER, ROLE_ADMIN]]]
2023-11-30T01:36:23.258-07:00 DEBUG 36396 --- [http-nio-8080-exec-3] o.s.security.web.FilterChainProxy        : Secured GET /api/entities/friend-requests
2023-11-30T01:36:23.258-07:00 DEBUG 36396 --- [http-nio-8080-exec-5] o.s.security.web.FilterChainProxy        : Secured GET /api/entities/friends
2023-11-30T01:36:23.258-07:00 DEBUG 36396 --- [http-nio-8080-exec-3] horizationManagerBeforeMethodInterceptor : Authorizing method invocation ReflectiveMethodInvocation: public org.springframework.http.ResponseEntity com.cm.cinematchapp.controllers.EntityController.getFriendRequests(); target is of class [com.cm.cinematchapp.controllers.EntityController]
2023-11-30T01:36:23.258-07:00 DEBUG 36396 --- [http-nio-8080-exec-5] horizationManagerBeforeMethodInterceptor : Authorizing method invocation ReflectiveMethodInvocation: public org.springframework.http.ResponseEntity com.cm.cinematchapp.controllers.EntityController.getFriends(); target is of class [com.cm.cinematchapp.controllers.EntityController]
2023-11-30T01:36:23.259-07:00 DEBUG 36396 --- [http-nio-8080-exec-3] horizationManagerBeforeMethodInterceptor : Authorized method invocation ReflectiveMethodInvocation: public org.springframework.http.ResponseEntity com.cm.cinematchapp.controllers.EntityController.getFriendRequests(); target is of class [com.cm.cinematchapp.controllers.EntityController]
2023-11-30T01:36:23.259-07:00 DEBUG 36396 --- [http-nio-8080-exec-5] horizationManagerBeforeMethodInterceptor : Authorized method invocation ReflectiveMethodInvocation: public org.springframework.http.ResponseEntity com.cm.cinematchapp.controllers.EntityController.getFriends(); target is of class [com.cm.cinematchapp.controllers.EntityController]
2023-11-30T01:36:23.260-07:00 DEBUG 36396 --- [http-nio-8080-exec-3] org.hibernate.SQL                        : 
    select
        u1_0.user_id,
        u1_0.avatar_id,
        u1_0.email,
        u1_0.first_name,
        u1_0.last_name,
        u1_0.password,
        u1_0.username 
    from
        user u1_0 
    where
        upper(u1_0.username)=upper(?)
2023-11-30T01:36:23.260-07:00 DEBUG 36396 --- [http-nio-8080-exec-5] org.hibernate.SQL                        : 
    select
        u1_0.user_id,
        u1_0.avatar_id,
        u1_0.email,
        u1_0.first_name,
        u1_0.last_name,
        u1_0.password,
        u1_0.username 
    from
        user u1_0 
    where
        upper(u1_0.username)=upper(?)
2023-11-30T01:36:23.260-07:00 DEBUG 36396 --- [http-nio-8080-exec-5] org.hibernate.SQL                        : 
    select
        r1_0.user_id,
        r1_1.role_id,
        r1_1.name 
    from
        user_roles r1_0 
    join
        role r1_1 
            on r1_1.role_id=r1_0.role_id 
    where
        r1_0.user_id=?
2023-11-30T01:36:23.260-07:00 DEBUG 36396 --- [http-nio-8080-exec-3] org.hibernate.SQL                        : 
    select
        r1_0.user_id,
        r1_1.role_id,
        r1_1.name 
    from
        user_roles r1_0 
    join
        role r1_1 
            on r1_1.role_id=r1_0.role_id 
    where
        r1_0.user_id=?
2023-11-30T01:36:23.261-07:00 DEBUG 36396 --- [http-nio-8080-exec-3] org.hibernate.SQL                        : 
    select
        f1_0.request_id,
        f1_0.recipient_id,
        f1_0.request_status,
        f1_0.requester_id 
    from
        friend_request f1_0 
    where
        f1_0.recipient_id=?
2023-11-30T01:36:23.261-07:00 DEBUG 36396 --- [http-nio-8080-exec-5] org.hibernate.SQL                        : 
    select
        f2_0.user_id,
        f2_0.avatar_id,
        f2_0.email,
        f2_0.first_name,
        f2_0.last_name,
        f2_0.password,
        f2_0.username 
    from
        friendship f1_0 
    join
        user f2_0 
            on f2_0.user_id=f1_0.friend_user_id 
    where
        f1_0.user_id=?
2023-11-30T01:36:23.262-07:00 DEBUG 36396 --- [http-nio-8080-exec-5] org.hibernate.SQL                        : 
    select
        r1_0.user_id,
        r1_1.role_id,
        r1_1.name 
    from
        user_roles r1_0 
    join
        role r1_1 
            on r1_1.role_id=r1_0.role_id 
    where
        r1_0.user_id=?
2023-11-30T01:37:40.571-07:00 DEBUG 36396 --- [http-nio-8080-exec-1] o.s.security.web.FilterChainProxy        : Securing OPTIONS /api/entities/users/Admin1
2023-11-30T01:37:40.573-07:00 DEBUG 36396 --- [http-nio-8080-exec-4] o.s.security.web.FilterChainProxy        : Securing GET /api/entities/users/Admin1
2023-11-30T01:37:40.573-07:00  INFO 36396 --- [http-nio-8080-exec-4] c.c.c.security.JwtAuthenticationFilter   : authToken:eyJ0eXAiOiJKV1QiLCJhbGciOiJIUzI1NiJ9.eyJleHAiOjE3MDEzMzQ3NjAsInVzZXJuYW1lIjoiQWRtaW4xIn0.8zFzAfL_tmmn_VPovheH85S05JsisWdt-rL_iZu2uKs
2023-11-30T01:37:40.574-07:00  INFO 36396 --- [http-nio-8080-exec-4] c.c.c.security.JwtAuthenticationFilter   : username: Admin1
2023-11-30T01:37:40.575-07:00 DEBUG 36396 --- [http-nio-8080-exec-4] org.hibernate.SQL                        : 
    select
        u1_0.user_id,
        u1_0.avatar_id,
        u1_0.email,
        u1_0.first_name,
        u1_0.last_name,
        u1_0.password,
        u1_0.username 
    from
        user u1_0 
    where
        upper(u1_0.username)=upper(?)
2023-11-30T01:37:40.576-07:00 DEBUG 36396 --- [http-nio-8080-exec-4] org.hibernate.SQL                        : 
    select
        r1_0.user_id,
        r1_1.role_id,
        r1_1.name 
    from
        user_roles r1_0 
    join
        role r1_1 
            on r1_1.role_id=r1_0.role_id 
    where
        r1_0.user_id=?
2023-11-30T01:37:40.576-07:00  INFO 36396 --- [http-nio-8080-exec-4] c.c.c.security.JwtAuthenticationFilter   : Authorities: [ROLE_USER, ROLE_ADMIN]
2023-11-30T01:37:40.576-07:00  INFO 36396 --- [http-nio-8080-exec-4] c.c.c.security.JwtAuthenticationFilter   : SecurityContextImpl [Authentication=UsernamePasswordAuthenticationToken [Principal=Admin1, Credentials=[PROTECTED], Authenticated=true, Details=WebAuthenticationDetails [RemoteIpAddress=0:0:0:0:0:0:0:1, SessionId=null], Granted Authorities=[ROLE_USER, ROLE_ADMIN]]]
2023-11-30T01:37:40.577-07:00 DEBUG 36396 --- [http-nio-8080-exec-4] o.s.security.web.FilterChainProxy        : Secured GET /api/entities/users/Admin1
2023-11-30T01:37:40.582-07:00 DEBUG 36396 --- [http-nio-8080-exec-4] horizationManagerBeforeMethodInterceptor : Authorizing method invocation ReflectiveMethodInvocation: public org.springframework.http.ResponseEntity com.cm.cinematchapp.controllers.EntityController.getUsersByUsername(java.lang.String); target is of class [com.cm.cinematchapp.controllers.EntityController]
2023-11-30T01:37:40.583-07:00 DEBUG 36396 --- [http-nio-8080-exec-4] horizationManagerBeforeMethodInterceptor : Authorized method invocation ReflectiveMethodInvocation: public org.springframework.http.ResponseEntity com.cm.cinematchapp.controllers.EntityController.getUsersByUsername(java.lang.String); target is of class [com.cm.cinematchapp.controllers.EntityController]
2023-11-30T01:37:40.584-07:00 DEBUG 36396 --- [http-nio-8080-exec-4] org.hibernate.SQL                        : 
    select
        u1_0.user_id,
        u1_0.avatar_id,
        u1_0.email,
        u1_0.first_name,
        u1_0.last_name,
        u1_0.password,
        u1_0.username 
    from
        user u1_0 
    where
        upper(u1_0.username)=upper(?)
2023-11-30T01:37:40.585-07:00 DEBUG 36396 --- [http-nio-8080-exec-4] org.hibernate.SQL                        : 
    select
        r1_0.user_id,
        r1_1.role_id,
        r1_1.name 
    from
        user_roles r1_0 
    join
        role r1_1 
            on r1_1.role_id=r1_0.role_id 
    where
        r1_0.user_id=?
2023-11-30T01:37:40.597-07:00 DEBUG 36396 --- [http-nio-8080-exec-4] org.hibernate.SQL                        : 
    select
        u1_0.user_id,
        u1_0.avatar_id,
        u1_0.email,
        u1_0.first_name,
        u1_0.last_name,
        u1_0.password,
        u1_0.username 
    from
        user u1_0 
    where
        upper(u1_0.username) like upper(?) escape '\\' 
        and u1_0.user_id!=?
2023-11-30T01:37:44.556-07:00 DEBUG 36396 --- [http-nio-8080-exec-10] o.s.security.web.FilterChainProxy        : Securing GET /api/entities/users/Admin1
2023-11-30T01:37:44.556-07:00  INFO 36396 --- [http-nio-8080-exec-10] c.c.c.security.JwtAuthenticationFilter   : authToken:eyJ0eXAiOiJKV1QiLCJhbGciOiJIUzI1NiJ9.eyJleHAiOjE3MDEzMzQ3NjAsInVzZXJuYW1lIjoiQWRtaW4xIn0.8zFzAfL_tmmn_VPovheH85S05JsisWdt-rL_iZu2uKs
2023-11-30T01:37:44.556-07:00  INFO 36396 --- [http-nio-8080-exec-10] c.c.c.security.JwtAuthenticationFilter   : username: Admin1
2023-11-30T01:37:44.558-07:00 DEBUG 36396 --- [http-nio-8080-exec-10] org.hibernate.SQL                        : 
    select
        u1_0.user_id,
        u1_0.avatar_id,
        u1_0.email,
        u1_0.first_name,
        u1_0.last_name,
        u1_0.password,
        u1_0.username 
    from
        user u1_0 
    where
        upper(u1_0.username)=upper(?)
2023-11-30T01:37:44.558-07:00 DEBUG 36396 --- [http-nio-8080-exec-10] org.hibernate.SQL                        : 
    select
        r1_0.user_id,
        r1_1.role_id,
        r1_1.name 
    from
        user_roles r1_0 
    join
        role r1_1 
            on r1_1.role_id=r1_0.role_id 
    where
        r1_0.user_id=?
2023-11-30T01:37:44.559-07:00  INFO 36396 --- [http-nio-8080-exec-10] c.c.c.security.JwtAuthenticationFilter   : Authorities: [ROLE_USER, ROLE_ADMIN]
2023-11-30T01:37:44.559-07:00  INFO 36396 --- [http-nio-8080-exec-10] c.c.c.security.JwtAuthenticationFilter   : SecurityContextImpl [Authentication=UsernamePasswordAuthenticationToken [Principal=Admin1, Credentials=[PROTECTED], Authenticated=true, Details=WebAuthenticationDetails [RemoteIpAddress=0:0:0:0:0:0:0:1, SessionId=null], Granted Authorities=[ROLE_USER, ROLE_ADMIN]]]
2023-11-30T01:37:44.560-07:00 DEBUG 36396 --- [http-nio-8080-exec-10] o.s.security.web.FilterChainProxy        : Secured GET /api/entities/users/Admin1
2023-11-30T01:37:44.560-07:00 DEBUG 36396 --- [http-nio-8080-exec-10] horizationManagerBeforeMethodInterceptor : Authorizing method invocation ReflectiveMethodInvocation: public org.springframework.http.ResponseEntity com.cm.cinematchapp.controllers.EntityController.getUsersByUsername(java.lang.String); target is of class [com.cm.cinematchapp.controllers.EntityController]
2023-11-30T01:37:44.560-07:00 DEBUG 36396 --- [http-nio-8080-exec-10] horizationManagerBeforeMethodInterceptor : Authorized method invocation ReflectiveMethodInvocation: public org.springframework.http.ResponseEntity com.cm.cinematchapp.controllers.EntityController.getUsersByUsername(java.lang.String); target is of class [com.cm.cinematchapp.controllers.EntityController]
2023-11-30T01:37:44.561-07:00 DEBUG 36396 --- [http-nio-8080-exec-10] org.hibernate.SQL                        : 
    select
        u1_0.user_id,
        u1_0.avatar_id,
        u1_0.email,
        u1_0.first_name,
        u1_0.last_name,
        u1_0.password,
        u1_0.username 
    from
        user u1_0 
    where
        upper(u1_0.username)=upper(?)
2023-11-30T01:37:44.562-07:00 DEBUG 36396 --- [http-nio-8080-exec-10] org.hibernate.SQL                        : 
    select
        r1_0.user_id,
        r1_1.role_id,
        r1_1.name 
    from
        user_roles r1_0 
    join
        role r1_1 
            on r1_1.role_id=r1_0.role_id 
    where
        r1_0.user_id=?
2023-11-30T01:37:44.563-07:00 DEBUG 36396 --- [http-nio-8080-exec-10] org.hibernate.SQL                        : 
    select
        u1_0.user_id,
        u1_0.avatar_id,
        u1_0.email,
        u1_0.first_name,
        u1_0.last_name,
        u1_0.password,
        u1_0.username 
    from
        user u1_0 
    where
        upper(u1_0.username) like upper(?) escape '\\' 
        and u1_0.user_id!=?
2023-11-30T01:37:48.750-07:00 DEBUG 36396 --- [http-nio-8080-exec-6] o.s.security.web.FilterChainProxy        : Securing OPTIONS /api/entities/users/jarjar
2023-11-30T01:37:48.752-07:00 DEBUG 36396 --- [http-nio-8080-exec-7] o.s.security.web.FilterChainProxy        : Securing GET /api/entities/users/jarjar
2023-11-30T01:37:48.752-07:00  INFO 36396 --- [http-nio-8080-exec-7] c.c.c.security.JwtAuthenticationFilter   : authToken:eyJ0eXAiOiJKV1QiLCJhbGciOiJIUzI1NiJ9.eyJleHAiOjE3MDEzMzQ3NjAsInVzZXJuYW1lIjoiQWRtaW4xIn0.8zFzAfL_tmmn_VPovheH85S05JsisWdt-rL_iZu2uKs
2023-11-30T01:37:48.752-07:00  INFO 36396 --- [http-nio-8080-exec-7] c.c.c.security.JwtAuthenticationFilter   : username: Admin1
2023-11-30T01:37:48.754-07:00 DEBUG 36396 --- [http-nio-8080-exec-7] org.hibernate.SQL                        : 
    select
        u1_0.user_id,
        u1_0.avatar_id,
        u1_0.email,
        u1_0.first_name,
        u1_0.last_name,
        u1_0.password,
        u1_0.username 
    from
        user u1_0 
    where
        upper(u1_0.username)=upper(?)
2023-11-30T01:37:48.754-07:00 DEBUG 36396 --- [http-nio-8080-exec-7] org.hibernate.SQL                        : 
    select
        r1_0.user_id,
        r1_1.role_id,
        r1_1.name 
    from
        user_roles r1_0 
    join
        role r1_1 
            on r1_1.role_id=r1_0.role_id 
    where
        r1_0.user_id=?
2023-11-30T01:37:48.755-07:00  INFO 36396 --- [http-nio-8080-exec-7] c.c.c.security.JwtAuthenticationFilter   : Authorities: [ROLE_USER, ROLE_ADMIN]
2023-11-30T01:37:48.755-07:00  INFO 36396 --- [http-nio-8080-exec-7] c.c.c.security.JwtAuthenticationFilter   : SecurityContextImpl [Authentication=UsernamePasswordAuthenticationToken [Principal=Admin1, Credentials=[PROTECTED], Authenticated=true, Details=WebAuthenticationDetails [RemoteIpAddress=0:0:0:0:0:0:0:1, SessionId=null], Granted Authorities=[ROLE_USER, ROLE_ADMIN]]]
2023-11-30T01:37:48.756-07:00 DEBUG 36396 --- [http-nio-8080-exec-7] o.s.security.web.FilterChainProxy        : Secured GET /api/entities/users/jarjar
2023-11-30T01:37:48.756-07:00 DEBUG 36396 --- [http-nio-8080-exec-7] horizationManagerBeforeMethodInterceptor : Authorizing method invocation ReflectiveMethodInvocation: public org.springframework.http.ResponseEntity com.cm.cinematchapp.controllers.EntityController.getUsersByUsername(java.lang.String); target is of class [com.cm.cinematchapp.controllers.EntityController]
2023-11-30T01:37:48.756-07:00 DEBUG 36396 --- [http-nio-8080-exec-7] horizationManagerBeforeMethodInterceptor : Authorized method invocation ReflectiveMethodInvocation: public org.springframework.http.ResponseEntity com.cm.cinematchapp.controllers.EntityController.getUsersByUsername(java.lang.String); target is of class [com.cm.cinematchapp.controllers.EntityController]
2023-11-30T01:37:48.757-07:00 DEBUG 36396 --- [http-nio-8080-exec-7] org.hibernate.SQL                        : 
    select
        u1_0.user_id,
        u1_0.avatar_id,
        u1_0.email,
        u1_0.first_name,
        u1_0.last_name,
        u1_0.password,
        u1_0.username 
    from
        user u1_0 
    where
        upper(u1_0.username)=upper(?)
2023-11-30T01:37:48.758-07:00 DEBUG 36396 --- [http-nio-8080-exec-7] org.hibernate.SQL                        : 
    select
        r1_0.user_id,
        r1_1.role_id,
        r1_1.name 
    from
        user_roles r1_0 
    join
        role r1_1 
            on r1_1.role_id=r1_0.role_id 
    where
        r1_0.user_id=?
2023-11-30T01:37:48.759-07:00 DEBUG 36396 --- [http-nio-8080-exec-7] org.hibernate.SQL                        : 
    select
        u1_0.user_id,
        u1_0.avatar_id,
        u1_0.email,
        u1_0.first_name,
        u1_0.last_name,
        u1_0.password,
        u1_0.username 
    from
        user u1_0 
    where
        upper(u1_0.username) like upper(?) escape '\\' 
        and u1_0.user_id!=?
2023-11-30T01:37:48.759-07:00 DEBUG 36396 --- [http-nio-8080-exec-7] org.hibernate.SQL                        : 
    select
        r1_0.user_id,
        r1_1.role_id,
        r1_1.name 
    from
        user_roles r1_0 
    join
        role r1_1 
            on r1_1.role_id=r1_0.role_id 
    where
        r1_0.user_id=?
2023-11-30T01:39:15.909-07:00 DEBUG 36396 --- [http-nio-8080-exec-5] o.s.security.web.FilterChainProxy        : Securing OPTIONS /api/entities/friend-requests
2023-11-30T01:39:15.909-07:00 DEBUG 36396 --- [http-nio-8080-exec-3] o.s.security.web.FilterChainProxy        : Securing OPTIONS /api/entities/friends
2023-11-30T01:39:15.912-07:00 DEBUG 36396 --- [http-nio-8080-exec-9] o.s.security.web.FilterChainProxy        : Securing GET /api/entities/friends
2023-11-30T01:39:15.912-07:00 DEBUG 36396 --- [http-nio-8080-exec-8] o.s.security.web.FilterChainProxy        : Securing GET /api/entities/friend-requests
2023-11-30T01:39:15.912-07:00  INFO 36396 --- [http-nio-8080-exec-8] c.c.c.security.JwtAuthenticationFilter   : authToken:eyJ0eXAiOiJKV1QiLCJhbGciOiJIUzI1NiJ9.eyJleHAiOjE3MDEzMzQ3NjAsInVzZXJuYW1lIjoiQWRtaW4xIn0.8zFzAfL_tmmn_VPovheH85S05JsisWdt-rL_iZu2uKs
2023-11-30T01:39:15.912-07:00  INFO 36396 --- [http-nio-8080-exec-9] c.c.c.security.JwtAuthenticationFilter   : authToken:eyJ0eXAiOiJKV1QiLCJhbGciOiJIUzI1NiJ9.eyJleHAiOjE3MDEzMzQ3NjAsInVzZXJuYW1lIjoiQWRtaW4xIn0.8zFzAfL_tmmn_VPovheH85S05JsisWdt-rL_iZu2uKs
2023-11-30T01:39:15.912-07:00  INFO 36396 --- [http-nio-8080-exec-8] c.c.c.security.JwtAuthenticationFilter   : username: Admin1
2023-11-30T01:39:15.912-07:00  INFO 36396 --- [http-nio-8080-exec-9] c.c.c.security.JwtAuthenticationFilter   : username: Admin1
2023-11-30T01:39:15.913-07:00 DEBUG 36396 --- [http-nio-8080-exec-8] org.hibernate.SQL                        : 
    select
        u1_0.user_id,
        u1_0.avatar_id,
        u1_0.email,
        u1_0.first_name,
        u1_0.last_name,
        u1_0.password,
        u1_0.username 
    from
        user u1_0 
    where
        upper(u1_0.username)=upper(?)
2023-11-30T01:39:15.913-07:00 DEBUG 36396 --- [http-nio-8080-exec-9] org.hibernate.SQL                        : 
    select
        u1_0.user_id,
        u1_0.avatar_id,
        u1_0.email,
        u1_0.first_name,
        u1_0.last_name,
        u1_0.password,
        u1_0.username 
    from
        user u1_0 
    where
        upper(u1_0.username)=upper(?)
2023-11-30T01:39:15.914-07:00 DEBUG 36396 --- [http-nio-8080-exec-8] org.hibernate.SQL                        : 
    select
        r1_0.user_id,
        r1_1.role_id,
        r1_1.name 
    from
        user_roles r1_0 
    join
        role r1_1 
            on r1_1.role_id=r1_0.role_id 
    where
        r1_0.user_id=?
2023-11-30T01:39:15.914-07:00 DEBUG 36396 --- [http-nio-8080-exec-9] org.hibernate.SQL                        : 
    select
        r1_0.user_id,
        r1_1.role_id,
        r1_1.name 
    from
        user_roles r1_0 
    join
        role r1_1 
            on r1_1.role_id=r1_0.role_id 
    where
        r1_0.user_id=?
2023-11-30T01:39:15.915-07:00  INFO 36396 --- [http-nio-8080-exec-8] c.c.c.security.JwtAuthenticationFilter   : Authorities: [ROLE_USER, ROLE_ADMIN]
2023-11-30T01:39:15.915-07:00  INFO 36396 --- [http-nio-8080-exec-9] c.c.c.security.JwtAuthenticationFilter   : Authorities: [ROLE_USER, ROLE_ADMIN]
2023-11-30T01:39:15.915-07:00  INFO 36396 --- [http-nio-8080-exec-8] c.c.c.security.JwtAuthenticationFilter   : SecurityContextImpl [Authentication=UsernamePasswordAuthenticationToken [Principal=Admin1, Credentials=[PROTECTED], Authenticated=true, Details=WebAuthenticationDetails [RemoteIpAddress=0:0:0:0:0:0:0:1, SessionId=null], Granted Authorities=[ROLE_USER, ROLE_ADMIN]]]
2023-11-30T01:39:15.915-07:00  INFO 36396 --- [http-nio-8080-exec-9] c.c.c.security.JwtAuthenticationFilter   : SecurityContextImpl [Authentication=UsernamePasswordAuthenticationToken [Principal=Admin1, Credentials=[PROTECTED], Authenticated=true, Details=WebAuthenticationDetails [RemoteIpAddress=0:0:0:0:0:0:0:1, SessionId=null], Granted Authorities=[ROLE_USER, ROLE_ADMIN]]]
2023-11-30T01:39:15.915-07:00 DEBUG 36396 --- [http-nio-8080-exec-8] o.s.security.web.FilterChainProxy        : Secured GET /api/entities/friend-requests
2023-11-30T01:39:15.915-07:00 DEBUG 36396 --- [http-nio-8080-exec-9] o.s.security.web.FilterChainProxy        : Secured GET /api/entities/friends
2023-11-30T01:39:15.915-07:00 DEBUG 36396 --- [http-nio-8080-exec-8] horizationManagerBeforeMethodInterceptor : Authorizing method invocation ReflectiveMethodInvocation: public org.springframework.http.ResponseEntity com.cm.cinematchapp.controllers.EntityController.getFriendRequests(); target is of class [com.cm.cinematchapp.controllers.EntityController]
2023-11-30T01:39:15.915-07:00 DEBUG 36396 --- [http-nio-8080-exec-9] horizationManagerBeforeMethodInterceptor : Authorizing method invocation ReflectiveMethodInvocation: public org.springframework.http.ResponseEntity com.cm.cinematchapp.controllers.EntityController.getFriends(); target is of class [com.cm.cinematchapp.controllers.EntityController]
2023-11-30T01:39:15.915-07:00 DEBUG 36396 --- [http-nio-8080-exec-8] horizationManagerBeforeMethodInterceptor : Authorized method invocation ReflectiveMethodInvocation: public org.springframework.http.ResponseEntity com.cm.cinematchapp.controllers.EntityController.getFriendRequests(); target is of class [com.cm.cinematchapp.controllers.EntityController]
2023-11-30T01:39:15.915-07:00 DEBUG 36396 --- [http-nio-8080-exec-9] horizationManagerBeforeMethodInterceptor : Authorized method invocation ReflectiveMethodInvocation: public org.springframework.http.ResponseEntity com.cm.cinematchapp.controllers.EntityController.getFriends(); target is of class [com.cm.cinematchapp.controllers.EntityController]
2023-11-30T01:39:15.916-07:00 DEBUG 36396 --- [http-nio-8080-exec-8] org.hibernate.SQL                        : 
    select
        u1_0.user_id,
        u1_0.avatar_id,
        u1_0.email,
        u1_0.first_name,
        u1_0.last_name,
        u1_0.password,
        u1_0.username 
    from
        user u1_0 
    where
        upper(u1_0.username)=upper(?)
2023-11-30T01:39:15.916-07:00 DEBUG 36396 --- [http-nio-8080-exec-9] org.hibernate.SQL                        : 
    select
        u1_0.user_id,
        u1_0.avatar_id,
        u1_0.email,
        u1_0.first_name,
        u1_0.last_name,
        u1_0.password,
        u1_0.username 
    from
        user u1_0 
    where
        upper(u1_0.username)=upper(?)
2023-11-30T01:39:15.916-07:00 DEBUG 36396 --- [http-nio-8080-exec-8] org.hibernate.SQL                        : 
    select
        r1_0.user_id,
        r1_1.role_id,
        r1_1.name 
    from
        user_roles r1_0 
    join
        role r1_1 
            on r1_1.role_id=r1_0.role_id 
    where
        r1_0.user_id=?
2023-11-30T01:39:15.916-07:00 DEBUG 36396 --- [http-nio-8080-exec-9] org.hibernate.SQL                        : 
    select
        r1_0.user_id,
        r1_1.role_id,
        r1_1.name 
    from
        user_roles r1_0 
    join
        role r1_1 
            on r1_1.role_id=r1_0.role_id 
    where
        r1_0.user_id=?
2023-11-30T01:39:15.917-07:00 DEBUG 36396 --- [http-nio-8080-exec-8] org.hibernate.SQL                        : 
    select
        f1_0.request_id,
        f1_0.recipient_id,
        f1_0.request_status,
        f1_0.requester_id 
    from
        friend_request f1_0 
    where
        f1_0.recipient_id=?
2023-11-30T01:39:15.917-07:00 DEBUG 36396 --- [http-nio-8080-exec-9] org.hibernate.SQL                        : 
    select
        f2_0.user_id,
        f2_0.avatar_id,
        f2_0.email,
        f2_0.first_name,
        f2_0.last_name,
        f2_0.password,
        f2_0.username 
    from
        friendship f1_0 
    join
        user f2_0 
            on f2_0.user_id=f1_0.friend_user_id 
    where
        f1_0.user_id=?
2023-11-30T01:39:15.918-07:00 DEBUG 36396 --- [http-nio-8080-exec-9] org.hibernate.SQL                        : 
    select
        r1_0.user_id,
        r1_1.role_id,
        r1_1.name 
    from
        user_roles r1_0 
    join
        role r1_1 
            on r1_1.role_id=r1_0.role_id 
    where
        r1_0.user_id=?
2023-11-30T01:40:21.150-07:00 DEBUG 36396 --- [http-nio-8080-exec-6] o.s.security.web.FilterChainProxy        : Securing OPTIONS /api/entities/friend-requests
2023-11-30T01:40:21.150-07:00 DEBUG 36396 --- [http-nio-8080-exec-10] o.s.security.web.FilterChainProxy        : Securing OPTIONS /api/entities/friends
2023-11-30T01:40:21.152-07:00 DEBUG 36396 --- [http-nio-8080-exec-2] o.s.security.web.FilterChainProxy        : Securing GET /api/entities/friends
2023-11-30T01:40:21.152-07:00 DEBUG 36396 --- [http-nio-8080-exec-7] o.s.security.web.FilterChainProxy        : Securing GET /api/entities/friend-requests
2023-11-30T01:40:21.152-07:00  INFO 36396 --- [http-nio-8080-exec-7] c.c.c.security.JwtAuthenticationFilter   : authToken:eyJ0eXAiOiJKV1QiLCJhbGciOiJIUzI1NiJ9.eyJleHAiOjE3MDEzMzQ3NjAsInVzZXJuYW1lIjoiQWRtaW4xIn0.8zFzAfL_tmmn_VPovheH85S05JsisWdt-rL_iZu2uKs
2023-11-30T01:40:21.152-07:00  INFO 36396 --- [http-nio-8080-exec-2] c.c.c.security.JwtAuthenticationFilter   : authToken:eyJ0eXAiOiJKV1QiLCJhbGciOiJIUzI1NiJ9.eyJleHAiOjE3MDEzMzQ3NjAsInVzZXJuYW1lIjoiQWRtaW4xIn0.8zFzAfL_tmmn_VPovheH85S05JsisWdt-rL_iZu2uKs
2023-11-30T01:40:21.153-07:00  INFO 36396 --- [http-nio-8080-exec-7] c.c.c.security.JwtAuthenticationFilter   : username: Admin1
2023-11-30T01:40:21.153-07:00  INFO 36396 --- [http-nio-8080-exec-2] c.c.c.security.JwtAuthenticationFilter   : username: Admin1
2023-11-30T01:40:21.154-07:00 DEBUG 36396 --- [http-nio-8080-exec-7] org.hibernate.SQL                        : 
    select
        u1_0.user_id,
        u1_0.avatar_id,
        u1_0.email,
        u1_0.first_name,
        u1_0.last_name,
        u1_0.password,
        u1_0.username 
    from
        user u1_0 
    where
        upper(u1_0.username)=upper(?)
2023-11-30T01:40:21.154-07:00 DEBUG 36396 --- [http-nio-8080-exec-2] org.hibernate.SQL                        : 
    select
        u1_0.user_id,
        u1_0.avatar_id,
        u1_0.email,
        u1_0.first_name,
        u1_0.last_name,
        u1_0.password,
        u1_0.username 
    from
        user u1_0 
    where
        upper(u1_0.username)=upper(?)
2023-11-30T01:40:21.154-07:00 DEBUG 36396 --- [http-nio-8080-exec-2] org.hibernate.SQL                        : 
    select
        r1_0.user_id,
        r1_1.role_id,
        r1_1.name 
    from
        user_roles r1_0 
    join
        role r1_1 
            on r1_1.role_id=r1_0.role_id 
    where
        r1_0.user_id=?
2023-11-30T01:40:21.154-07:00 DEBUG 36396 --- [http-nio-8080-exec-7] org.hibernate.SQL                        : 
    select
        r1_0.user_id,
        r1_1.role_id,
        r1_1.name 
    from
        user_roles r1_0 
    join
        role r1_1 
            on r1_1.role_id=r1_0.role_id 
    where
        r1_0.user_id=?
2023-11-30T01:40:21.155-07:00  INFO 36396 --- [http-nio-8080-exec-2] c.c.c.security.JwtAuthenticationFilter   : Authorities: [ROLE_USER, ROLE_ADMIN]
2023-11-30T01:40:21.155-07:00  INFO 36396 --- [http-nio-8080-exec-7] c.c.c.security.JwtAuthenticationFilter   : Authorities: [ROLE_USER, ROLE_ADMIN]
2023-11-30T01:40:21.155-07:00  INFO 36396 --- [http-nio-8080-exec-2] c.c.c.security.JwtAuthenticationFilter   : SecurityContextImpl [Authentication=UsernamePasswordAuthenticationToken [Principal=Admin1, Credentials=[PROTECTED], Authenticated=true, Details=WebAuthenticationDetails [RemoteIpAddress=0:0:0:0:0:0:0:1, SessionId=null], Granted Authorities=[ROLE_USER, ROLE_ADMIN]]]
2023-11-30T01:40:21.155-07:00  INFO 36396 --- [http-nio-8080-exec-7] c.c.c.security.JwtAuthenticationFilter   : SecurityContextImpl [Authentication=UsernamePasswordAuthenticationToken [Principal=Admin1, Credentials=[PROTECTED], Authenticated=true, Details=WebAuthenticationDetails [RemoteIpAddress=0:0:0:0:0:0:0:1, SessionId=null], Granted Authorities=[ROLE_USER, ROLE_ADMIN]]]
2023-11-30T01:40:21.156-07:00 DEBUG 36396 --- [http-nio-8080-exec-2] o.s.security.web.FilterChainProxy        : Secured GET /api/entities/friends
2023-11-30T01:40:21.156-07:00 DEBUG 36396 --- [http-nio-8080-exec-7] o.s.security.web.FilterChainProxy        : Secured GET /api/entities/friend-requests
2023-11-30T01:40:21.156-07:00 DEBUG 36396 --- [http-nio-8080-exec-7] horizationManagerBeforeMethodInterceptor : Authorizing method invocation ReflectiveMethodInvocation: public org.springframework.http.ResponseEntity com.cm.cinematchapp.controllers.EntityController.getFriendRequests(); target is of class [com.cm.cinematchapp.controllers.EntityController]
2023-11-30T01:40:21.156-07:00 DEBUG 36396 --- [http-nio-8080-exec-2] horizationManagerBeforeMethodInterceptor : Authorizing method invocation ReflectiveMethodInvocation: public org.springframework.http.ResponseEntity com.cm.cinematchapp.controllers.EntityController.getFriends(); target is of class [com.cm.cinematchapp.controllers.EntityController]
2023-11-30T01:40:21.156-07:00 DEBUG 36396 --- [http-nio-8080-exec-7] horizationManagerBeforeMethodInterceptor : Authorized method invocation ReflectiveMethodInvocation: public org.springframework.http.ResponseEntity com.cm.cinematchapp.controllers.EntityController.getFriendRequests(); target is of class [com.cm.cinematchapp.controllers.EntityController]
2023-11-30T01:40:21.156-07:00 DEBUG 36396 --- [http-nio-8080-exec-2] horizationManagerBeforeMethodInterceptor : Authorized method invocation ReflectiveMethodInvocation: public org.springframework.http.ResponseEntity com.cm.cinematchapp.controllers.EntityController.getFriends(); target is of class [com.cm.cinematchapp.controllers.EntityController]
2023-11-30T01:40:21.157-07:00 DEBUG 36396 --- [http-nio-8080-exec-2] org.hibernate.SQL                        : 
    select
        u1_0.user_id,
        u1_0.avatar_id,
        u1_0.email,
        u1_0.first_name,
        u1_0.last_name,
        u1_0.password,
        u1_0.username 
    from
        user u1_0 
    where
        upper(u1_0.username)=upper(?)
2023-11-30T01:40:21.157-07:00 DEBUG 36396 --- [http-nio-8080-exec-7] org.hibernate.SQL                        : 
    select
        u1_0.user_id,
        u1_0.avatar_id,
        u1_0.email,
        u1_0.first_name,
        u1_0.last_name,
        u1_0.password,
        u1_0.username 
    from
        user u1_0 
    where
        upper(u1_0.username)=upper(?)
2023-11-30T01:40:21.158-07:00 DEBUG 36396 --- [http-nio-8080-exec-7] org.hibernate.SQL                        : 
    select
        r1_0.user_id,
        r1_1.role_id,
        r1_1.name 
    from
        user_roles r1_0 
    join
        role r1_1 
            on r1_1.role_id=r1_0.role_id 
    where
        r1_0.user_id=?
2023-11-30T01:40:21.158-07:00 DEBUG 36396 --- [http-nio-8080-exec-2] org.hibernate.SQL                        : 
    select
        r1_0.user_id,
        r1_1.role_id,
        r1_1.name 
    from
        user_roles r1_0 
    join
        role r1_1 
            on r1_1.role_id=r1_0.role_id 
    where
        r1_0.user_id=?
2023-11-30T01:40:21.159-07:00 DEBUG 36396 --- [http-nio-8080-exec-2] org.hibernate.SQL                        : 
    select
        f2_0.user_id,
        f2_0.avatar_id,
        f2_0.email,
        f2_0.first_name,
        f2_0.last_name,
        f2_0.password,
        f2_0.username 
    from
        friendship f1_0 
    join
        user f2_0 
            on f2_0.user_id=f1_0.friend_user_id 
    where
        f1_0.user_id=?
2023-11-30T01:40:21.159-07:00 DEBUG 36396 --- [http-nio-8080-exec-7] org.hibernate.SQL                        : 
    select
        f1_0.request_id,
        f1_0.recipient_id,
        f1_0.request_status,
        f1_0.requester_id 
    from
        friend_request f1_0 
    where
        f1_0.recipient_id=?
2023-11-30T01:40:21.160-07:00 DEBUG 36396 --- [http-nio-8080-exec-2] org.hibernate.SQL                        : 
    select
        r1_0.user_id,
        r1_1.role_id,
        r1_1.name 
    from
        user_roles r1_0 
    join
        role r1_1 
            on r1_1.role_id=r1_0.role_id 
    where
        r1_0.user_id=?
2023-11-30T01:44:12.858-07:00 DEBUG 36396 --- [http-nio-8080-exec-9] o.s.security.web.FilterChainProxy        : Securing OPTIONS /api/entities/friend-requests
2023-11-30T01:44:12.858-07:00 DEBUG 36396 --- [http-nio-8080-exec-8] o.s.security.web.FilterChainProxy        : Securing OPTIONS /api/entities/friends
2023-11-30T01:44:12.860-07:00 DEBUG 36396 --- [http-nio-8080-exec-1] o.s.security.web.FilterChainProxy        : Securing GET /api/entities/friend-requests
2023-11-30T01:44:12.860-07:00 DEBUG 36396 --- [http-nio-8080-exec-4] o.s.security.web.FilterChainProxy        : Securing GET /api/entities/friends
2023-11-30T01:44:12.860-07:00  INFO 36396 --- [http-nio-8080-exec-4] c.c.c.security.JwtAuthenticationFilter   : authToken:eyJ0eXAiOiJKV1QiLCJhbGciOiJIUzI1NiJ9.eyJleHAiOjE3MDEzMzQ3NjAsInVzZXJuYW1lIjoiQWRtaW4xIn0.8zFzAfL_tmmn_VPovheH85S05JsisWdt-rL_iZu2uKs
2023-11-30T01:44:12.860-07:00  INFO 36396 --- [http-nio-8080-exec-1] c.c.c.security.JwtAuthenticationFilter   : authToken:eyJ0eXAiOiJKV1QiLCJhbGciOiJIUzI1NiJ9.eyJleHAiOjE3MDEzMzQ3NjAsInVzZXJuYW1lIjoiQWRtaW4xIn0.8zFzAfL_tmmn_VPovheH85S05JsisWdt-rL_iZu2uKs
2023-11-30T01:44:12.861-07:00  INFO 36396 --- [http-nio-8080-exec-4] c.c.c.security.JwtAuthenticationFilter   : username: Admin1
2023-11-30T01:44:12.861-07:00  INFO 36396 --- [http-nio-8080-exec-1] c.c.c.security.JwtAuthenticationFilter   : username: Admin1
2023-11-30T01:44:12.863-07:00 DEBUG 36396 --- [http-nio-8080-exec-4] org.hibernate.SQL                        : 
    select
        u1_0.user_id,
        u1_0.avatar_id,
        u1_0.email,
        u1_0.first_name,
        u1_0.last_name,
        u1_0.password,
        u1_0.username 
    from
        user u1_0 
    where
        upper(u1_0.username)=upper(?)
2023-11-30T01:44:12.863-07:00 DEBUG 36396 --- [http-nio-8080-exec-1] org.hibernate.SQL                        : 
    select
        u1_0.user_id,
        u1_0.avatar_id,
        u1_0.email,
        u1_0.first_name,
        u1_0.last_name,
        u1_0.password,
        u1_0.username 
    from
        user u1_0 
    where
        upper(u1_0.username)=upper(?)
2023-11-30T01:44:12.864-07:00 DEBUG 36396 --- [http-nio-8080-exec-4] org.hibernate.SQL                        : 
    select
        r1_0.user_id,
        r1_1.role_id,
        r1_1.name 
    from
        user_roles r1_0 
    join
        role r1_1 
            on r1_1.role_id=r1_0.role_id 
    where
        r1_0.user_id=?
2023-11-30T01:44:12.864-07:00 DEBUG 36396 --- [http-nio-8080-exec-1] org.hibernate.SQL                        : 
    select
        r1_0.user_id,
        r1_1.role_id,
        r1_1.name 
    from
        user_roles r1_0 
    join
        role r1_1 
            on r1_1.role_id=r1_0.role_id 
    where
        r1_0.user_id=?
2023-11-30T01:44:12.865-07:00  INFO 36396 --- [http-nio-8080-exec-1] c.c.c.security.JwtAuthenticationFilter   : Authorities: [ROLE_USER, ROLE_ADMIN]
2023-11-30T01:44:12.865-07:00  INFO 36396 --- [http-nio-8080-exec-4] c.c.c.security.JwtAuthenticationFilter   : Authorities: [ROLE_USER, ROLE_ADMIN]
2023-11-30T01:44:12.865-07:00  INFO 36396 --- [http-nio-8080-exec-1] c.c.c.security.JwtAuthenticationFilter   : SecurityContextImpl [Authentication=UsernamePasswordAuthenticationToken [Principal=Admin1, Credentials=[PROTECTED], Authenticated=true, Details=WebAuthenticationDetails [RemoteIpAddress=0:0:0:0:0:0:0:1, SessionId=null], Granted Authorities=[ROLE_USER, ROLE_ADMIN]]]
2023-11-30T01:44:12.865-07:00  INFO 36396 --- [http-nio-8080-exec-4] c.c.c.security.JwtAuthenticationFilter   : SecurityContextImpl [Authentication=UsernamePasswordAuthenticationToken [Principal=Admin1, Credentials=[PROTECTED], Authenticated=true, Details=WebAuthenticationDetails [RemoteIpAddress=0:0:0:0:0:0:0:1, SessionId=null], Granted Authorities=[ROLE_USER, ROLE_ADMIN]]]
2023-11-30T01:44:12.865-07:00 DEBUG 36396 --- [http-nio-8080-exec-1] o.s.security.web.FilterChainProxy        : Secured GET /api/entities/friend-requests
2023-11-30T01:44:12.865-07:00 DEBUG 36396 --- [http-nio-8080-exec-4] o.s.security.web.FilterChainProxy        : Secured GET /api/entities/friends
2023-11-30T01:44:12.866-07:00 DEBUG 36396 --- [http-nio-8080-exec-1] horizationManagerBeforeMethodInterceptor : Authorizing method invocation ReflectiveMethodInvocation: public org.springframework.http.ResponseEntity com.cm.cinematchapp.controllers.EntityController.getFriendRequests(); target is of class [com.cm.cinematchapp.controllers.EntityController]
2023-11-30T01:44:12.866-07:00 DEBUG 36396 --- [http-nio-8080-exec-4] horizationManagerBeforeMethodInterceptor : Authorizing method invocation ReflectiveMethodInvocation: public org.springframework.http.ResponseEntity com.cm.cinematchapp.controllers.EntityController.getFriends(); target is of class [com.cm.cinematchapp.controllers.EntityController]
2023-11-30T01:44:12.866-07:00 DEBUG 36396 --- [http-nio-8080-exec-1] horizationManagerBeforeMethodInterceptor : Authorized method invocation ReflectiveMethodInvocation: public org.springframework.http.ResponseEntity com.cm.cinematchapp.controllers.EntityController.getFriendRequests(); target is of class [com.cm.cinematchapp.controllers.EntityController]
2023-11-30T01:44:12.866-07:00 DEBUG 36396 --- [http-nio-8080-exec-4] horizationManagerBeforeMethodInterceptor : Authorized method invocation ReflectiveMethodInvocation: public org.springframework.http.ResponseEntity com.cm.cinematchapp.controllers.EntityController.getFriends(); target is of class [com.cm.cinematchapp.controllers.EntityController]
2023-11-30T01:44:12.867-07:00 DEBUG 36396 --- [http-nio-8080-exec-1] org.hibernate.SQL                        : 
    select
        u1_0.user_id,
        u1_0.avatar_id,
        u1_0.email,
        u1_0.first_name,
        u1_0.last_name,
        u1_0.password,
        u1_0.username 
    from
        user u1_0 
    where
        upper(u1_0.username)=upper(?)
2023-11-30T01:44:12.867-07:00 DEBUG 36396 --- [http-nio-8080-exec-4] org.hibernate.SQL                        : 
    select
        u1_0.user_id,
        u1_0.avatar_id,
        u1_0.email,
        u1_0.first_name,
        u1_0.last_name,
        u1_0.password,
        u1_0.username 
    from
        user u1_0 
    where
        upper(u1_0.username)=upper(?)
2023-11-30T01:44:12.867-07:00 DEBUG 36396 --- [http-nio-8080-exec-1] org.hibernate.SQL                        : 
    select
        r1_0.user_id,
        r1_1.role_id,
        r1_1.name 
    from
        user_roles r1_0 
    join
        role r1_1 
            on r1_1.role_id=r1_0.role_id 
    where
        r1_0.user_id=?
2023-11-30T01:44:12.867-07:00 DEBUG 36396 --- [http-nio-8080-exec-4] org.hibernate.SQL                        : 
    select
        r1_0.user_id,
        r1_1.role_id,
        r1_1.name 
    from
        user_roles r1_0 
    join
        role r1_1 
            on r1_1.role_id=r1_0.role_id 
    where
        r1_0.user_id=?
2023-11-30T01:44:12.868-07:00 DEBUG 36396 --- [http-nio-8080-exec-1] org.hibernate.SQL                        : 
    select
        f1_0.request_id,
        f1_0.recipient_id,
        f1_0.request_status,
        f1_0.requester_id 
    from
        friend_request f1_0 
    where
        f1_0.recipient_id=?
2023-11-30T01:44:12.868-07:00 DEBUG 36396 --- [http-nio-8080-exec-4] org.hibernate.SQL                        : 
    select
        f2_0.user_id,
        f2_0.avatar_id,
        f2_0.email,
        f2_0.first_name,
        f2_0.last_name,
        f2_0.password,
        f2_0.username 
    from
        friendship f1_0 
    join
        user f2_0 
            on f2_0.user_id=f1_0.friend_user_id 
    where
        f1_0.user_id=?
2023-11-30T01:44:12.869-07:00 DEBUG 36396 --- [http-nio-8080-exec-4] org.hibernate.SQL                        : 
    select
        r1_0.user_id,
        r1_1.role_id,
        r1_1.name 
    from
        user_roles r1_0 
    join
        role r1_1 
            on r1_1.role_id=r1_0.role_id 
    where
        r1_0.user_id=?
2023-11-30T01:48:33.400-07:00 DEBUG 36396 --- [http-nio-8080-exec-2] o.s.security.web.FilterChainProxy        : Securing OPTIONS /api/entities/friends
2023-11-30T01:48:33.400-07:00 DEBUG 36396 --- [http-nio-8080-exec-7] o.s.security.web.FilterChainProxy        : Securing OPTIONS /api/entities/friend-requests
2023-11-30T01:48:33.402-07:00 DEBUG 36396 --- [http-nio-8080-exec-5] o.s.security.web.FilterChainProxy        : Securing GET /api/entities/friends
2023-11-30T01:48:33.402-07:00 DEBUG 36396 --- [http-nio-8080-exec-3] o.s.security.web.FilterChainProxy        : Securing GET /api/entities/friend-requests
2023-11-30T01:48:33.402-07:00  INFO 36396 --- [http-nio-8080-exec-5] c.c.c.security.JwtAuthenticationFilter   : authToken:eyJ0eXAiOiJKV1QiLCJhbGciOiJIUzI1NiJ9.eyJleHAiOjE3MDEzMzQ3NjAsInVzZXJuYW1lIjoiQWRtaW4xIn0.8zFzAfL_tmmn_VPovheH85S05JsisWdt-rL_iZu2uKs
2023-11-30T01:48:33.402-07:00  INFO 36396 --- [http-nio-8080-exec-3] c.c.c.security.JwtAuthenticationFilter   : authToken:eyJ0eXAiOiJKV1QiLCJhbGciOiJIUzI1NiJ9.eyJleHAiOjE3MDEzMzQ3NjAsInVzZXJuYW1lIjoiQWRtaW4xIn0.8zFzAfL_tmmn_VPovheH85S05JsisWdt-rL_iZu2uKs
2023-11-30T01:48:33.402-07:00  INFO 36396 --- [http-nio-8080-exec-5] c.c.c.security.JwtAuthenticationFilter   : username: Admin1
2023-11-30T01:48:33.402-07:00  INFO 36396 --- [http-nio-8080-exec-3] c.c.c.security.JwtAuthenticationFilter   : username: Admin1
2023-11-30T01:48:33.404-07:00 DEBUG 36396 --- [http-nio-8080-exec-3] org.hibernate.SQL                        : 
    select
        u1_0.user_id,
        u1_0.avatar_id,
        u1_0.email,
        u1_0.first_name,
        u1_0.last_name,
        u1_0.password,
        u1_0.username 
    from
        user u1_0 
    where
        upper(u1_0.username)=upper(?)
2023-11-30T01:48:33.404-07:00 DEBUG 36396 --- [http-nio-8080-exec-5] org.hibernate.SQL                        : 
    select
        u1_0.user_id,
        u1_0.avatar_id,
        u1_0.email,
        u1_0.first_name,
        u1_0.last_name,
        u1_0.password,
        u1_0.username 
    from
        user u1_0 
    where
        upper(u1_0.username)=upper(?)
2023-11-30T01:48:33.405-07:00 DEBUG 36396 --- [http-nio-8080-exec-5] org.hibernate.SQL                        : 
    select
        r1_0.user_id,
        r1_1.role_id,
        r1_1.name 
    from
        user_roles r1_0 
    join
        role r1_1 
            on r1_1.role_id=r1_0.role_id 
    where
        r1_0.user_id=?
2023-11-30T01:48:33.405-07:00 DEBUG 36396 --- [http-nio-8080-exec-3] org.hibernate.SQL                        : 
    select
        r1_0.user_id,
        r1_1.role_id,
        r1_1.name 
    from
        user_roles r1_0 
    join
        role r1_1 
            on r1_1.role_id=r1_0.role_id 
    where
        r1_0.user_id=?
2023-11-30T01:48:33.406-07:00  INFO 36396 --- [http-nio-8080-exec-3] c.c.c.security.JwtAuthenticationFilter   : Authorities: [ROLE_USER, ROLE_ADMIN]
2023-11-30T01:48:33.406-07:00  INFO 36396 --- [http-nio-8080-exec-5] c.c.c.security.JwtAuthenticationFilter   : Authorities: [ROLE_USER, ROLE_ADMIN]
2023-11-30T01:48:33.406-07:00  INFO 36396 --- [http-nio-8080-exec-3] c.c.c.security.JwtAuthenticationFilter   : SecurityContextImpl [Authentication=UsernamePasswordAuthenticationToken [Principal=Admin1, Credentials=[PROTECTED], Authenticated=true, Details=WebAuthenticationDetails [RemoteIpAddress=0:0:0:0:0:0:0:1, SessionId=null], Granted Authorities=[ROLE_USER, ROLE_ADMIN]]]
2023-11-30T01:48:33.406-07:00  INFO 36396 --- [http-nio-8080-exec-5] c.c.c.security.JwtAuthenticationFilter   : SecurityContextImpl [Authentication=UsernamePasswordAuthenticationToken [Principal=Admin1, Credentials=[PROTECTED], Authenticated=true, Details=WebAuthenticationDetails [RemoteIpAddress=0:0:0:0:0:0:0:1, SessionId=null], Granted Authorities=[ROLE_USER, ROLE_ADMIN]]]
2023-11-30T01:48:33.406-07:00 DEBUG 36396 --- [http-nio-8080-exec-5] o.s.security.web.FilterChainProxy        : Secured GET /api/entities/friends
2023-11-30T01:48:33.406-07:00 DEBUG 36396 --- [http-nio-8080-exec-3] o.s.security.web.FilterChainProxy        : Secured GET /api/entities/friend-requests
2023-11-30T01:48:33.407-07:00 DEBUG 36396 --- [http-nio-8080-exec-5] horizationManagerBeforeMethodInterceptor : Authorizing method invocation ReflectiveMethodInvocation: public org.springframework.http.ResponseEntity com.cm.cinematchapp.controllers.EntityController.getFriends(); target is of class [com.cm.cinematchapp.controllers.EntityController]
2023-11-30T01:48:33.407-07:00 DEBUG 36396 --- [http-nio-8080-exec-3] horizationManagerBeforeMethodInterceptor : Authorizing method invocation ReflectiveMethodInvocation: public org.springframework.http.ResponseEntity com.cm.cinematchapp.controllers.EntityController.getFriendRequests(); target is of class [com.cm.cinematchapp.controllers.EntityController]
2023-11-30T01:48:33.407-07:00 DEBUG 36396 --- [http-nio-8080-exec-5] horizationManagerBeforeMethodInterceptor : Authorized method invocation ReflectiveMethodInvocation: public org.springframework.http.ResponseEntity com.cm.cinematchapp.controllers.EntityController.getFriends(); target is of class [com.cm.cinematchapp.controllers.EntityController]
2023-11-30T01:48:33.407-07:00 DEBUG 36396 --- [http-nio-8080-exec-3] horizationManagerBeforeMethodInterceptor : Authorized method invocation ReflectiveMethodInvocation: public org.springframework.http.ResponseEntity com.cm.cinematchapp.controllers.EntityController.getFriendRequests(); target is of class [com.cm.cinematchapp.controllers.EntityController]
2023-11-30T01:48:33.408-07:00 DEBUG 36396 --- [http-nio-8080-exec-5] org.hibernate.SQL                        : 
    select
        u1_0.user_id,
        u1_0.avatar_id,
        u1_0.email,
        u1_0.first_name,
        u1_0.last_name,
        u1_0.password,
        u1_0.username 
    from
        user u1_0 
    where
        upper(u1_0.username)=upper(?)
2023-11-30T01:48:33.408-07:00 DEBUG 36396 --- [http-nio-8080-exec-3] org.hibernate.SQL                        : 
    select
        u1_0.user_id,
        u1_0.avatar_id,
        u1_0.email,
        u1_0.first_name,
        u1_0.last_name,
        u1_0.password,
        u1_0.username 
    from
        user u1_0 
    where
        upper(u1_0.username)=upper(?)
2023-11-30T01:48:33.409-07:00 DEBUG 36396 --- [http-nio-8080-exec-5] org.hibernate.SQL                        : 
    select
        r1_0.user_id,
        r1_1.role_id,
        r1_1.name 
    from
        user_roles r1_0 
    join
        role r1_1 
            on r1_1.role_id=r1_0.role_id 
    where
        r1_0.user_id=?
2023-11-30T01:48:33.409-07:00 DEBUG 36396 --- [http-nio-8080-exec-3] org.hibernate.SQL                        : 
    select
        r1_0.user_id,
        r1_1.role_id,
        r1_1.name 
    from
        user_roles r1_0 
    join
        role r1_1 
            on r1_1.role_id=r1_0.role_id 
    where
        r1_0.user_id=?
2023-11-30T01:48:33.410-07:00 DEBUG 36396 --- [http-nio-8080-exec-3] org.hibernate.SQL                        : 
    select
        f1_0.request_id,
        f1_0.recipient_id,
        f1_0.request_status,
        f1_0.requester_id 
    from
        friend_request f1_0 
    where
        f1_0.recipient_id=?
2023-11-30T01:48:33.410-07:00 DEBUG 36396 --- [http-nio-8080-exec-5] org.hibernate.SQL                        : 
    select
        f2_0.user_id,
        f2_0.avatar_id,
        f2_0.email,
        f2_0.first_name,
        f2_0.last_name,
        f2_0.password,
        f2_0.username 
    from
        friendship f1_0 
    join
        user f2_0 
            on f2_0.user_id=f1_0.friend_user_id 
    where
        f1_0.user_id=?
2023-11-30T01:48:33.411-07:00 DEBUG 36396 --- [http-nio-8080-exec-5] org.hibernate.SQL                        : 
    select
        r1_0.user_id,
        r1_1.role_id,
        r1_1.name 
    from
        user_roles r1_0 
    join
        role r1_1 
            on r1_1.role_id=r1_0.role_id 
    where
        r1_0.user_id=?
2023-11-30T01:56:05.316-07:00 DEBUG 36396 --- [http-nio-8080-exec-4] o.s.security.web.FilterChainProxy        : Securing OPTIONS /api/entities/friends
2023-11-30T01:56:05.316-07:00 DEBUG 36396 --- [http-nio-8080-exec-1] o.s.security.web.FilterChainProxy        : Securing OPTIONS /api/entities/friend-requests
2023-11-30T01:56:05.321-07:00 DEBUG 36396 --- [http-nio-8080-exec-10] o.s.security.web.FilterChainProxy        : Securing GET /api/entities/friend-requests
2023-11-30T01:56:05.321-07:00 DEBUG 36396 --- [http-nio-8080-exec-6] o.s.security.web.FilterChainProxy        : Securing GET /api/entities/friends
2023-11-30T01:56:05.321-07:00  INFO 36396 --- [http-nio-8080-exec-6] c.c.c.security.JwtAuthenticationFilter   : authToken:eyJ0eXAiOiJKV1QiLCJhbGciOiJIUzI1NiJ9.eyJleHAiOjE3MDEzMzQ3NjAsInVzZXJuYW1lIjoiQWRtaW4xIn0.8zFzAfL_tmmn_VPovheH85S05JsisWdt-rL_iZu2uKs
2023-11-30T01:56:05.321-07:00  INFO 36396 --- [http-nio-8080-exec-10] c.c.c.security.JwtAuthenticationFilter   : authToken:eyJ0eXAiOiJKV1QiLCJhbGciOiJIUzI1NiJ9.eyJleHAiOjE3MDEzMzQ3NjAsInVzZXJuYW1lIjoiQWRtaW4xIn0.8zFzAfL_tmmn_VPovheH85S05JsisWdt-rL_iZu2uKs
2023-11-30T01:56:05.322-07:00  INFO 36396 --- [http-nio-8080-exec-6] c.c.c.security.JwtAuthenticationFilter   : username: Admin1
2023-11-30T01:56:05.322-07:00  INFO 36396 --- [http-nio-8080-exec-10] c.c.c.security.JwtAuthenticationFilter   : username: Admin1
2023-11-30T01:56:05.328-07:00 DEBUG 36396 --- [http-nio-8080-exec-10] org.hibernate.SQL                        : 
    select
        u1_0.user_id,
        u1_0.avatar_id,
        u1_0.email,
        u1_0.first_name,
        u1_0.last_name,
        u1_0.password,
        u1_0.username 
    from
        user u1_0 
    where
        upper(u1_0.username)=upper(?)
2023-11-30T01:56:05.328-07:00 DEBUG 36396 --- [http-nio-8080-exec-6] org.hibernate.SQL                        : 
    select
        u1_0.user_id,
        u1_0.avatar_id,
        u1_0.email,
        u1_0.first_name,
        u1_0.last_name,
        u1_0.password,
        u1_0.username 
    from
        user u1_0 
    where
        upper(u1_0.username)=upper(?)
2023-11-30T01:56:05.330-07:00 DEBUG 36396 --- [http-nio-8080-exec-6] org.hibernate.SQL                        : 
    select
        r1_0.user_id,
        r1_1.role_id,
        r1_1.name 
    from
        user_roles r1_0 
    join
        role r1_1 
            on r1_1.role_id=r1_0.role_id 
    where
        r1_0.user_id=?
2023-11-30T01:56:05.330-07:00 DEBUG 36396 --- [http-nio-8080-exec-10] org.hibernate.SQL                        : 
    select
        r1_0.user_id,
        r1_1.role_id,
        r1_1.name 
    from
        user_roles r1_0 
    join
        role r1_1 
            on r1_1.role_id=r1_0.role_id 
    where
        r1_0.user_id=?
2023-11-30T01:56:05.331-07:00  INFO 36396 --- [http-nio-8080-exec-6] c.c.c.security.JwtAuthenticationFilter   : Authorities: [ROLE_USER, ROLE_ADMIN]
2023-11-30T01:56:05.331-07:00  INFO 36396 --- [http-nio-8080-exec-10] c.c.c.security.JwtAuthenticationFilter   : Authorities: [ROLE_USER, ROLE_ADMIN]
2023-11-30T01:56:05.331-07:00  INFO 36396 --- [http-nio-8080-exec-6] c.c.c.security.JwtAuthenticationFilter   : SecurityContextImpl [Authentication=UsernamePasswordAuthenticationToken [Principal=Admin1, Credentials=[PROTECTED], Authenticated=true, Details=WebAuthenticationDetails [RemoteIpAddress=0:0:0:0:0:0:0:1, SessionId=null], Granted Authorities=[ROLE_USER, ROLE_ADMIN]]]
2023-11-30T01:56:05.331-07:00  INFO 36396 --- [http-nio-8080-exec-10] c.c.c.security.JwtAuthenticationFilter   : SecurityContextImpl [Authentication=UsernamePasswordAuthenticationToken [Principal=Admin1, Credentials=[PROTECTED], Authenticated=true, Details=WebAuthenticationDetails [RemoteIpAddress=0:0:0:0:0:0:0:1, SessionId=null], Granted Authorities=[ROLE_USER, ROLE_ADMIN]]]
2023-11-30T01:56:05.332-07:00 DEBUG 36396 --- [http-nio-8080-exec-6] o.s.security.web.FilterChainProxy        : Secured GET /api/entities/friends
2023-11-30T01:56:05.332-07:00 DEBUG 36396 --- [http-nio-8080-exec-10] o.s.security.web.FilterChainProxy        : Secured GET /api/entities/friend-requests
2023-11-30T01:56:05.332-07:00 DEBUG 36396 --- [http-nio-8080-exec-6] horizationManagerBeforeMethodInterceptor : Authorizing method invocation ReflectiveMethodInvocation: public org.springframework.http.ResponseEntity com.cm.cinematchapp.controllers.EntityController.getFriends(); target is of class [com.cm.cinematchapp.controllers.EntityController]
2023-11-30T01:56:05.332-07:00 DEBUG 36396 --- [http-nio-8080-exec-10] horizationManagerBeforeMethodInterceptor : Authorizing method invocation ReflectiveMethodInvocation: public org.springframework.http.ResponseEntity com.cm.cinematchapp.controllers.EntityController.getFriendRequests(); target is of class [com.cm.cinematchapp.controllers.EntityController]
2023-11-30T01:56:05.333-07:00 DEBUG 36396 --- [http-nio-8080-exec-6] horizationManagerBeforeMethodInterceptor : Authorized method invocation ReflectiveMethodInvocation: public org.springframework.http.ResponseEntity com.cm.cinematchapp.controllers.EntityController.getFriends(); target is of class [com.cm.cinematchapp.controllers.EntityController]
2023-11-30T01:56:05.333-07:00 DEBUG 36396 --- [http-nio-8080-exec-10] horizationManagerBeforeMethodInterceptor : Authorized method invocation ReflectiveMethodInvocation: public org.springframework.http.ResponseEntity com.cm.cinematchapp.controllers.EntityController.getFriendRequests(); target is of class [com.cm.cinematchapp.controllers.EntityController]
2023-11-30T01:56:05.334-07:00 DEBUG 36396 --- [http-nio-8080-exec-6] org.hibernate.SQL                        : 
    select
        u1_0.user_id,
        u1_0.avatar_id,
        u1_0.email,
        u1_0.first_name,
        u1_0.last_name,
        u1_0.password,
        u1_0.username 
    from
        user u1_0 
    where
        upper(u1_0.username)=upper(?)
2023-11-30T01:56:05.334-07:00 DEBUG 36396 --- [http-nio-8080-exec-10] org.hibernate.SQL                        : 
    select
        u1_0.user_id,
        u1_0.avatar_id,
        u1_0.email,
        u1_0.first_name,
        u1_0.last_name,
        u1_0.password,
        u1_0.username 
    from
        user u1_0 
    where
        upper(u1_0.username)=upper(?)
2023-11-30T01:56:05.335-07:00 DEBUG 36396 --- [http-nio-8080-exec-6] org.hibernate.SQL                        : 
    select
        r1_0.user_id,
        r1_1.role_id,
        r1_1.name 
    from
        user_roles r1_0 
    join
        role r1_1 
            on r1_1.role_id=r1_0.role_id 
    where
        r1_0.user_id=?
2023-11-30T01:56:05.335-07:00 DEBUG 36396 --- [http-nio-8080-exec-10] org.hibernate.SQL                        : 
    select
        r1_0.user_id,
        r1_1.role_id,
        r1_1.name 
    from
        user_roles r1_0 
    join
        role r1_1 
            on r1_1.role_id=r1_0.role_id 
    where
        r1_0.user_id=?
2023-11-30T01:56:05.336-07:00 DEBUG 36396 --- [http-nio-8080-exec-10] org.hibernate.SQL                        : 
    select
        f1_0.request_id,
        f1_0.recipient_id,
        f1_0.request_status,
        f1_0.requester_id 
    from
        friend_request f1_0 
    where
        f1_0.recipient_id=?
2023-11-30T01:56:05.336-07:00 DEBUG 36396 --- [http-nio-8080-exec-6] org.hibernate.SQL                        : 
    select
        f2_0.user_id,
        f2_0.avatar_id,
        f2_0.email,
        f2_0.first_name,
        f2_0.last_name,
        f2_0.password,
        f2_0.username 
    from
        friendship f1_0 
    join
        user f2_0 
            on f2_0.user_id=f1_0.friend_user_id 
    where
        f1_0.user_id=?
2023-11-30T01:56:05.337-07:00 DEBUG 36396 --- [http-nio-8080-exec-6] org.hibernate.SQL                        : 
    select
        r1_0.user_id,
        r1_1.role_id,
        r1_1.name 
    from
        user_roles r1_0 
    join
        role r1_1 
            on r1_1.role_id=r1_0.role_id 
    where
        r1_0.user_id=?
2023-11-30T01:56:13.073-07:00 DEBUG 36396 --- [http-nio-8080-exec-2] o.s.security.web.FilterChainProxy        : Securing OPTIONS /api/entities/users/Admin1
2023-11-30T01:56:13.075-07:00 DEBUG 36396 --- [http-nio-8080-exec-7] o.s.security.web.FilterChainProxy        : Securing GET /api/entities/users/Admin1
2023-11-30T01:56:13.075-07:00  INFO 36396 --- [http-nio-8080-exec-7] c.c.c.security.JwtAuthenticationFilter   : authToken:eyJ0eXAiOiJKV1QiLCJhbGciOiJIUzI1NiJ9.eyJleHAiOjE3MDEzMzQ3NjAsInVzZXJuYW1lIjoiQWRtaW4xIn0.8zFzAfL_tmmn_VPovheH85S05JsisWdt-rL_iZu2uKs
2023-11-30T01:56:13.075-07:00  INFO 36396 --- [http-nio-8080-exec-7] c.c.c.security.JwtAuthenticationFilter   : username: Admin1
2023-11-30T01:56:13.077-07:00 DEBUG 36396 --- [http-nio-8080-exec-7] org.hibernate.SQL                        : 
    select
        u1_0.user_id,
        u1_0.avatar_id,
        u1_0.email,
        u1_0.first_name,
        u1_0.last_name,
        u1_0.password,
        u1_0.username 
    from
        user u1_0 
    where
        upper(u1_0.username)=upper(?)
2023-11-30T01:56:13.077-07:00 DEBUG 36396 --- [http-nio-8080-exec-7] org.hibernate.SQL                        : 
    select
        r1_0.user_id,
        r1_1.role_id,
        r1_1.name 
    from
        user_roles r1_0 
    join
        role r1_1 
            on r1_1.role_id=r1_0.role_id 
    where
        r1_0.user_id=?
2023-11-30T01:56:13.078-07:00  INFO 36396 --- [http-nio-8080-exec-7] c.c.c.security.JwtAuthenticationFilter   : Authorities: [ROLE_USER, ROLE_ADMIN]
2023-11-30T01:56:13.079-07:00  INFO 36396 --- [http-nio-8080-exec-7] c.c.c.security.JwtAuthenticationFilter   : SecurityContextImpl [Authentication=UsernamePasswordAuthenticationToken [Principal=Admin1, Credentials=[PROTECTED], Authenticated=true, Details=WebAuthenticationDetails [RemoteIpAddress=0:0:0:0:0:0:0:1, SessionId=null], Granted Authorities=[ROLE_USER, ROLE_ADMIN]]]
2023-11-30T01:56:13.079-07:00 DEBUG 36396 --- [http-nio-8080-exec-7] o.s.security.web.FilterChainProxy        : Secured GET /api/entities/users/Admin1
2023-11-30T01:56:13.079-07:00 DEBUG 36396 --- [http-nio-8080-exec-7] horizationManagerBeforeMethodInterceptor : Authorizing method invocation ReflectiveMethodInvocation: public org.springframework.http.ResponseEntity com.cm.cinematchapp.controllers.EntityController.getUsersByUsername(java.lang.String); target is of class [com.cm.cinematchapp.controllers.EntityController]
2023-11-30T01:56:13.080-07:00 DEBUG 36396 --- [http-nio-8080-exec-7] horizationManagerBeforeMethodInterceptor : Authorized method invocation ReflectiveMethodInvocation: public org.springframework.http.ResponseEntity com.cm.cinematchapp.controllers.EntityController.getUsersByUsername(java.lang.String); target is of class [com.cm.cinematchapp.controllers.EntityController]
2023-11-30T01:56:13.081-07:00 DEBUG 36396 --- [http-nio-8080-exec-7] org.hibernate.SQL                        : 
    select
        u1_0.user_id,
        u1_0.avatar_id,
        u1_0.email,
        u1_0.first_name,
        u1_0.last_name,
        u1_0.password,
        u1_0.username 
    from
        user u1_0 
    where
        upper(u1_0.username)=upper(?)
2023-11-30T01:56:13.082-07:00 DEBUG 36396 --- [http-nio-8080-exec-7] org.hibernate.SQL                        : 
    select
        r1_0.user_id,
        r1_1.role_id,
        r1_1.name 
    from
        user_roles r1_0 
    join
        role r1_1 
            on r1_1.role_id=r1_0.role_id 
    where
        r1_0.user_id=?
2023-11-30T01:56:13.083-07:00 DEBUG 36396 --- [http-nio-8080-exec-7] org.hibernate.SQL                        : 
    select
        u1_0.user_id,
        u1_0.avatar_id,
        u1_0.email,
        u1_0.first_name,
        u1_0.last_name,
        u1_0.password,
        u1_0.username 
    from
        user u1_0 
    where
        upper(u1_0.username) like upper(?) escape '\\' 
        and u1_0.user_id!=?
2023-11-30T01:57:21.345-07:00 DEBUG 36396 --- [http-nio-8080-exec-8] o.s.security.web.FilterChainProxy        : Securing OPTIONS /api/entities/users/jrventura
2023-11-30T01:57:21.348-07:00 DEBUG 36396 --- [http-nio-8080-exec-9] o.s.security.web.FilterChainProxy        : Securing GET /api/entities/users/jrventura
2023-11-30T01:57:21.348-07:00  INFO 36396 --- [http-nio-8080-exec-9] c.c.c.security.JwtAuthenticationFilter   : authToken:eyJ0eXAiOiJKV1QiLCJhbGciOiJIUzI1NiJ9.eyJleHAiOjE3MDEzMzQ3NjAsInVzZXJuYW1lIjoiQWRtaW4xIn0.8zFzAfL_tmmn_VPovheH85S05JsisWdt-rL_iZu2uKs
2023-11-30T01:57:21.348-07:00  INFO 36396 --- [http-nio-8080-exec-9] c.c.c.security.JwtAuthenticationFilter   : username: Admin1
2023-11-30T01:57:21.349-07:00 DEBUG 36396 --- [http-nio-8080-exec-9] org.hibernate.SQL                        : 
    select
        u1_0.user_id,
        u1_0.avatar_id,
        u1_0.email,
        u1_0.first_name,
        u1_0.last_name,
        u1_0.password,
        u1_0.username 
    from
        user u1_0 
    where
        upper(u1_0.username)=upper(?)
2023-11-30T01:57:21.350-07:00 DEBUG 36396 --- [http-nio-8080-exec-9] org.hibernate.SQL                        : 
    select
        r1_0.user_id,
        r1_1.role_id,
        r1_1.name 
    from
        user_roles r1_0 
    join
        role r1_1 
            on r1_1.role_id=r1_0.role_id 
    where
        r1_0.user_id=?
2023-11-30T01:57:21.351-07:00  INFO 36396 --- [http-nio-8080-exec-9] c.c.c.security.JwtAuthenticationFilter   : Authorities: [ROLE_USER, ROLE_ADMIN]
2023-11-30T01:57:21.351-07:00  INFO 36396 --- [http-nio-8080-exec-9] c.c.c.security.JwtAuthenticationFilter   : SecurityContextImpl [Authentication=UsernamePasswordAuthenticationToken [Principal=Admin1, Credentials=[PROTECTED], Authenticated=true, Details=WebAuthenticationDetails [RemoteIpAddress=0:0:0:0:0:0:0:1, SessionId=null], Granted Authorities=[ROLE_USER, ROLE_ADMIN]]]
2023-11-30T01:57:21.352-07:00 DEBUG 36396 --- [http-nio-8080-exec-9] o.s.security.web.FilterChainProxy        : Secured GET /api/entities/users/jrventura
2023-11-30T01:57:21.352-07:00 DEBUG 36396 --- [http-nio-8080-exec-9] horizationManagerBeforeMethodInterceptor : Authorizing method invocation ReflectiveMethodInvocation: public org.springframework.http.ResponseEntity com.cm.cinematchapp.controllers.EntityController.getUsersByUsername(java.lang.String); target is of class [com.cm.cinematchapp.controllers.EntityController]
2023-11-30T01:57:21.353-07:00 DEBUG 36396 --- [http-nio-8080-exec-9] horizationManagerBeforeMethodInterceptor : Authorized method invocation ReflectiveMethodInvocation: public org.springframework.http.ResponseEntity com.cm.cinematchapp.controllers.EntityController.getUsersByUsername(java.lang.String); target is of class [com.cm.cinematchapp.controllers.EntityController]
2023-11-30T01:57:21.354-07:00 DEBUG 36396 --- [http-nio-8080-exec-9] org.hibernate.SQL                        : 
    select
        u1_0.user_id,
        u1_0.avatar_id,
        u1_0.email,
        u1_0.first_name,
        u1_0.last_name,
        u1_0.password,
        u1_0.username 
    from
        user u1_0 
    where
        upper(u1_0.username)=upper(?)
2023-11-30T01:57:21.354-07:00 DEBUG 36396 --- [http-nio-8080-exec-9] org.hibernate.SQL                        : 
    select
        r1_0.user_id,
        r1_1.role_id,
        r1_1.name 
    from
        user_roles r1_0 
    join
        role r1_1 
            on r1_1.role_id=r1_0.role_id 
    where
        r1_0.user_id=?
2023-11-30T01:57:21.356-07:00 DEBUG 36396 --- [http-nio-8080-exec-9] org.hibernate.SQL                        : 
    select
        u1_0.user_id,
        u1_0.avatar_id,
        u1_0.email,
        u1_0.first_name,
        u1_0.last_name,
        u1_0.password,
        u1_0.username 
    from
        user u1_0 
    where
        upper(u1_0.username) like upper(?) escape '\\' 
        and u1_0.user_id!=?
2023-11-30T01:57:21.357-07:00 DEBUG 36396 --- [http-nio-8080-exec-9] org.hibernate.SQL                        : 
    select
        a1_0.avatar_id,
        a1_0.file_name,
        a1_0.path,
        a1_0.file_size 
    from
        avatar a1_0 
    where
        a1_0.avatar_id=?
2023-11-30T01:57:21.358-07:00 DEBUG 36396 --- [http-nio-8080-exec-9] org.hibernate.SQL                        : 
    select
        r1_0.user_id,
        r1_1.role_id,
        r1_1.name 
    from
        user_roles r1_0 
    join
        role r1_1 
            on r1_1.role_id=r1_0.role_id 
    where
        r1_0.user_id=?
2023-11-30T01:57:22.587-07:00 DEBUG 36396 --- [http-nio-8080-exec-1] o.s.security.web.FilterChainProxy        : Securing OPTIONS /api/entities/users/friend-requests/1
2023-11-30T01:57:22.589-07:00 DEBUG 36396 --- [http-nio-8080-exec-4] o.s.security.web.FilterChainProxy        : Securing POST /api/entities/users/friend-requests/1
2023-11-30T01:57:22.589-07:00  INFO 36396 --- [http-nio-8080-exec-4] c.c.c.security.JwtAuthenticationFilter   : authToken:eyJ0eXAiOiJKV1QiLCJhbGciOiJIUzI1NiJ9.eyJleHAiOjE3MDEzMzQ3NjAsInVzZXJuYW1lIjoiQWRtaW4xIn0.8zFzAfL_tmmn_VPovheH85S05JsisWdt-rL_iZu2uKs
2023-11-30T01:57:22.589-07:00  INFO 36396 --- [http-nio-8080-exec-4] c.c.c.security.JwtAuthenticationFilter   : username: Admin1
2023-11-30T01:57:22.590-07:00 DEBUG 36396 --- [http-nio-8080-exec-4] org.hibernate.SQL                        : 
    select
        u1_0.user_id,
        u1_0.avatar_id,
        u1_0.email,
        u1_0.first_name,
        u1_0.last_name,
        u1_0.password,
        u1_0.username 
    from
        user u1_0 
    where
        upper(u1_0.username)=upper(?)
2023-11-30T01:57:22.591-07:00 DEBUG 36396 --- [http-nio-8080-exec-4] org.hibernate.SQL                        : 
    select
        r1_0.user_id,
        r1_1.role_id,
        r1_1.name 
    from
        user_roles r1_0 
    join
        role r1_1 
            on r1_1.role_id=r1_0.role_id 
    where
        r1_0.user_id=?
2023-11-30T01:57:22.592-07:00  INFO 36396 --- [http-nio-8080-exec-4] c.c.c.security.JwtAuthenticationFilter   : Authorities: [ROLE_USER, ROLE_ADMIN]
2023-11-30T01:57:22.592-07:00  INFO 36396 --- [http-nio-8080-exec-4] c.c.c.security.JwtAuthenticationFilter   : SecurityContextImpl [Authentication=UsernamePasswordAuthenticationToken [Principal=Admin1, Credentials=[PROTECTED], Authenticated=true, Details=WebAuthenticationDetails [RemoteIpAddress=0:0:0:0:0:0:0:1, SessionId=null], Granted Authorities=[ROLE_USER, ROLE_ADMIN]]]
2023-11-30T01:57:22.592-07:00 DEBUG 36396 --- [http-nio-8080-exec-4] o.s.security.web.FilterChainProxy        : Secured POST /api/entities/users/friend-requests/1
2023-11-30T01:57:22.593-07:00 DEBUG 36396 --- [http-nio-8080-exec-4] horizationManagerBeforeMethodInterceptor : Authorizing method invocation ReflectiveMethodInvocation: public org.springframework.http.ResponseEntity com.cm.cinematchapp.controllers.EntityController.sendFriendRequest(java.lang.Long); target is of class [com.cm.cinematchapp.controllers.EntityController]
2023-11-30T01:57:22.594-07:00 DEBUG 36396 --- [http-nio-8080-exec-4] horizationManagerBeforeMethodInterceptor : Authorized method invocation ReflectiveMethodInvocation: public org.springframework.http.ResponseEntity com.cm.cinematchapp.controllers.EntityController.sendFriendRequest(java.lang.Long); target is of class [com.cm.cinematchapp.controllers.EntityController]
2023-11-30T01:57:22.595-07:00 DEBUG 36396 --- [http-nio-8080-exec-4] org.hibernate.SQL                        : 
    select
        u1_0.user_id,
        u1_0.avatar_id,
        u1_0.email,
        u1_0.first_name,
        u1_0.last_name,
        u1_0.password,
        u1_0.username 
    from
        user u1_0 
    where
        upper(u1_0.username)=upper(?)
2023-11-30T01:57:22.595-07:00 DEBUG 36396 --- [http-nio-8080-exec-4] org.hibernate.SQL                        : 
    select
        r1_0.user_id,
        r1_1.role_id,
        r1_1.name 
    from
        user_roles r1_0 
    join
        role r1_1 
            on r1_1.role_id=r1_0.role_id 
    where
        r1_0.user_id=?
2023-11-30T01:57:22.597-07:00 DEBUG 36396 --- [http-nio-8080-exec-4] org.hibernate.SQL                        : 
    select
        u1_0.user_id,
        u1_0.avatar_id,
        u1_0.email,
        u1_0.first_name,
        u1_0.last_name,
        u1_0.password,
        u1_0.username 
    from
        user u1_0 
    where
        u1_0.user_id=?
2023-11-30T01:57:22.597-07:00 DEBUG 36396 --- [http-nio-8080-exec-4] org.hibernate.SQL                        : 
    select
        a1_0.avatar_id,
        a1_0.file_name,
        a1_0.path,
        a1_0.file_size 
    from
        avatar a1_0 
    where
        a1_0.avatar_id=?
2023-11-30T01:57:22.598-07:00 DEBUG 36396 --- [http-nio-8080-exec-4] org.hibernate.SQL                        : 
    select
        r1_0.user_id,
        r1_1.role_id,
        r1_1.name 
    from
        user_roles r1_0 
    join
        role r1_1 
            on r1_1.role_id=r1_0.role_id 
    where
        r1_0.user_id=?
2023-11-30T01:57:22.610-07:00 DEBUG 36396 --- [http-nio-8080-exec-4] org.hibernate.SQL                        : 
    insert 
    into
        friend_request
        (recipient_id,request_status,requester_id) 
    values
        (?,?,?)
2023-11-30T01:57:22.621-07:00 ERROR 36396 --- [http-nio-8080-exec-4] o.h.engine.jdbc.spi.SqlExceptionHelper   : Duplicate entry '4-1' for key 'UK7belafvtrwdiq7h7kc93jykf2'
2023-11-30T01:58:48.242-07:00 DEBUG 36396 --- [http-nio-8080-exec-10] o.s.security.web.FilterChainProxy        : Securing OPTIONS /api/actions/login
2023-11-30T01:58:48.244-07:00 DEBUG 36396 --- [http-nio-8080-exec-6] o.s.security.web.FilterChainProxy        : Securing POST /api/actions/login
2023-11-30T01:58:48.244-07:00 DEBUG 36396 --- [http-nio-8080-exec-6] o.s.s.w.a.AnonymousAuthenticationFilter  : Set SecurityContextHolder to anonymous SecurityContext
2023-11-30T01:58:48.244-07:00 DEBUG 36396 --- [http-nio-8080-exec-6] o.s.security.web.FilterChainProxy        : Secured POST /api/actions/login
2023-11-30T01:58:48.247-07:00 DEBUG 36396 --- [http-nio-8080-exec-6] org.hibernate.SQL                        : 
    select
        u1_0.user_id 
    from
        user u1_0 
    where
        u1_0.username=? limit ?
2023-11-30T01:58:48.248-07:00  INFO 36396 --- [http-nio-8080-exec-6] c.c.c.s.JwtAuthenticationProvider        : authenticate, username:jrventura, password:Schn1tzl3!
2023-11-30T01:58:48.249-07:00 DEBUG 36396 --- [http-nio-8080-exec-6] org.hibernate.SQL                        : 
    select
        u1_0.user_id,
        u1_0.avatar_id,
        u1_0.email,
        u1_0.first_name,
        u1_0.last_name,
        u1_0.password,
        u1_0.username 
    from
        user u1_0 
    where
        upper(u1_0.username)=upper(?)
2023-11-30T01:58:48.250-07:00 DEBUG 36396 --- [http-nio-8080-exec-6] org.hibernate.SQL                        : 
    select
        a1_0.avatar_id,
        a1_0.file_name,
        a1_0.path,
        a1_0.file_size 
    from
        avatar a1_0 
    where
        a1_0.avatar_id=?
2023-11-30T01:58:48.250-07:00 DEBUG 36396 --- [http-nio-8080-exec-6] org.hibernate.SQL                        : 
    select
        r1_0.user_id,
        r1_1.role_id,
        r1_1.name 
    from
        user_roles r1_0 
    join
        role r1_1 
            on r1_1.role_id=r1_0.role_id 
    where
        r1_0.user_id=?
2023-11-30T01:58:48.251-07:00  INFO 36396 --- [http-nio-8080-exec-6] c.c.c.s.JwtAuthenticationProvider        : [ROLE_USER]
2023-11-30T01:58:48.320-07:00 DEBUG 36396 --- [http-nio-8080-exec-2] o.s.security.web.FilterChainProxy        : Securing OPTIONS /api/entities/user
2023-11-30T01:58:48.322-07:00 DEBUG 36396 --- [http-nio-8080-exec-7] o.s.security.web.FilterChainProxy        : Securing GET /api/entities/user
2023-11-30T01:58:48.322-07:00  INFO 36396 --- [http-nio-8080-exec-7] c.c.c.security.JwtAuthenticationFilter   : authToken:eyJ0eXAiOiJKV1QiLCJhbGciOiJIUzI1NiJ9.eyJleHAiOjE3MDEzMzgzMjgsInVzZXJuYW1lIjoianJ2ZW50dXJhIn0.djgm8ReN64eMQNFbNNRuEy5s-tz2VBAlZRW_GixCXlk
2023-11-30T01:58:48.322-07:00  INFO 36396 --- [http-nio-8080-exec-7] c.c.c.security.JwtAuthenticationFilter   : username: jrventura
2023-11-30T01:58:48.323-07:00 DEBUG 36396 --- [http-nio-8080-exec-7] org.hibernate.SQL                        : 
    select
        u1_0.user_id,
        u1_0.avatar_id,
        u1_0.email,
        u1_0.first_name,
        u1_0.last_name,
        u1_0.password,
        u1_0.username 
    from
        user u1_0 
    where
        upper(u1_0.username)=upper(?)
2023-11-30T01:58:48.324-07:00 DEBUG 36396 --- [http-nio-8080-exec-7] org.hibernate.SQL                        : 
    select
        a1_0.avatar_id,
        a1_0.file_name,
        a1_0.path,
        a1_0.file_size 
    from
        avatar a1_0 
    where
        a1_0.avatar_id=?
2023-11-30T01:58:48.325-07:00 DEBUG 36396 --- [http-nio-8080-exec-7] org.hibernate.SQL                        : 
    select
        r1_0.user_id,
        r1_1.role_id,
        r1_1.name 
    from
        user_roles r1_0 
    join
        role r1_1 
            on r1_1.role_id=r1_0.role_id 
    where
        r1_0.user_id=?
2023-11-30T01:58:48.325-07:00  INFO 36396 --- [http-nio-8080-exec-7] c.c.c.security.JwtAuthenticationFilter   : Authorities: [ROLE_USER]
2023-11-30T01:58:48.325-07:00  INFO 36396 --- [http-nio-8080-exec-7] c.c.c.security.JwtAuthenticationFilter   : SecurityContextImpl [Authentication=UsernamePasswordAuthenticationToken [Principal=jrventura, Credentials=[PROTECTED], Authenticated=true, Details=WebAuthenticationDetails [RemoteIpAddress=0:0:0:0:0:0:0:1, SessionId=null], Granted Authorities=[ROLE_USER]]]
2023-11-30T01:58:48.326-07:00 DEBUG 36396 --- [http-nio-8080-exec-7] o.s.security.web.FilterChainProxy        : Secured GET /api/entities/user
2023-11-30T01:58:48.326-07:00 DEBUG 36396 --- [http-nio-8080-exec-7] horizationManagerBeforeMethodInterceptor : Authorizing method invocation ReflectiveMethodInvocation: public org.springframework.http.ResponseEntity com.cm.cinematchapp.controllers.EntityController.getCurrentUser(); target is of class [com.cm.cinematchapp.controllers.EntityController]
2023-11-30T01:58:48.326-07:00 DEBUG 36396 --- [http-nio-8080-exec-7] horizationManagerBeforeMethodInterceptor : Authorized method invocation ReflectiveMethodInvocation: public org.springframework.http.ResponseEntity com.cm.cinematchapp.controllers.EntityController.getCurrentUser(); target is of class [com.cm.cinematchapp.controllers.EntityController]
2023-11-30T01:58:48.327-07:00 DEBUG 36396 --- [http-nio-8080-exec-7] org.hibernate.SQL                        : 
    select
        u1_0.user_id,
        u1_0.avatar_id,
        u1_0.email,
        u1_0.first_name,
        u1_0.last_name,
        u1_0.password,
        u1_0.username 
    from
        user u1_0 
    where
        upper(u1_0.username)=upper(?)
2023-11-30T01:58:48.327-07:00 DEBUG 36396 --- [http-nio-8080-exec-7] org.hibernate.SQL                        : 
    select
        a1_0.avatar_id,
        a1_0.file_name,
        a1_0.path,
        a1_0.file_size 
    from
        avatar a1_0 
    where
        a1_0.avatar_id=?
2023-11-30T01:58:48.327-07:00 DEBUG 36396 --- [http-nio-8080-exec-7] org.hibernate.SQL                        : 
    select
        r1_0.user_id,
        r1_1.role_id,
        r1_1.name 
    from
        user_roles r1_0 
    join
        role r1_1 
            on r1_1.role_id=r1_0.role_id 
    where
        r1_0.user_id=?
2023-11-30T01:58:48.328-07:00 DEBUG 36396 --- [http-nio-8080-exec-7] org.hibernate.SQL                        : 
    select
        u1_0.user_id,
        u1_0.avatar_id,
        u1_0.email,
        u1_0.first_name,
        u1_0.last_name,
        u1_0.password,
        u1_0.username 
    from
        user u1_0 
    where
        u1_0.user_id=?
2023-11-30T01:58:48.341-07:00 DEBUG 36396 --- [http-nio-8080-exec-3] o.s.security.web.FilterChainProxy        : Securing OPTIONS /api/images/avatar
2023-11-30T01:58:48.343-07:00 DEBUG 36396 --- [http-nio-8080-exec-5] o.s.security.web.FilterChainProxy        : Securing GET /api/images/avatar
2023-11-30T01:58:48.343-07:00  INFO 36396 --- [http-nio-8080-exec-5] c.c.c.security.JwtAuthenticationFilter   : authToken:eyJ0eXAiOiJKV1QiLCJhbGciOiJIUzI1NiJ9.eyJleHAiOjE3MDEzMzgzMjgsInVzZXJuYW1lIjoianJ2ZW50dXJhIn0.djgm8ReN64eMQNFbNNRuEy5s-tz2VBAlZRW_GixCXlk
2023-11-30T01:58:48.343-07:00  INFO 36396 --- [http-nio-8080-exec-5] c.c.c.security.JwtAuthenticationFilter   : username: jrventura
2023-11-30T01:58:48.346-07:00 DEBUG 36396 --- [http-nio-8080-exec-5] org.hibernate.SQL                        : 
    select
        u1_0.user_id,
        u1_0.avatar_id,
        u1_0.email,
        u1_0.first_name,
        u1_0.last_name,
        u1_0.password,
        u1_0.username 
    from
        user u1_0 
    where
        upper(u1_0.username)=upper(?)
2023-11-30T01:58:48.346-07:00 DEBUG 36396 --- [http-nio-8080-exec-5] org.hibernate.SQL                        : 
    select
        a1_0.avatar_id,
        a1_0.file_name,
        a1_0.path,
        a1_0.file_size 
    from
        avatar a1_0 
    where
        a1_0.avatar_id=?
2023-11-30T01:58:48.347-07:00 DEBUG 36396 --- [http-nio-8080-exec-5] org.hibernate.SQL                        : 
    select
        r1_0.user_id,
        r1_1.role_id,
        r1_1.name 
    from
        user_roles r1_0 
    join
        role r1_1 
            on r1_1.role_id=r1_0.role_id 
    where
        r1_0.user_id=?
2023-11-30T01:58:48.348-07:00  INFO 36396 --- [http-nio-8080-exec-5] c.c.c.security.JwtAuthenticationFilter   : Authorities: [ROLE_USER]
2023-11-30T01:58:48.348-07:00  INFO 36396 --- [http-nio-8080-exec-5] c.c.c.security.JwtAuthenticationFilter   : SecurityContextImpl [Authentication=UsernamePasswordAuthenticationToken [Principal=jrventura, Credentials=[PROTECTED], Authenticated=true, Details=WebAuthenticationDetails [RemoteIpAddress=0:0:0:0:0:0:0:1, SessionId=null], Granted Authorities=[ROLE_USER]]]
2023-11-30T01:58:48.348-07:00 DEBUG 36396 --- [http-nio-8080-exec-5] o.s.security.web.FilterChainProxy        : Secured GET /api/images/avatar
2023-11-30T01:58:48.348-07:00 DEBUG 36396 --- [http-nio-8080-exec-5] horizationManagerBeforeMethodInterceptor : Authorizing method invocation ReflectiveMethodInvocation: public org.springframework.http.ResponseEntity com.cm.cinematchapp.controllers.ImageController.getAvatar() throws java.io.IOException; target is of class [com.cm.cinematchapp.controllers.ImageController]
2023-11-30T01:58:48.349-07:00 DEBUG 36396 --- [http-nio-8080-exec-5] horizationManagerBeforeMethodInterceptor : Authorized method invocation ReflectiveMethodInvocation: public org.springframework.http.ResponseEntity com.cm.cinematchapp.controllers.ImageController.getAvatar() throws java.io.IOException; target is of class [com.cm.cinematchapp.controllers.ImageController]
2023-11-30T01:58:48.350-07:00 DEBUG 36396 --- [http-nio-8080-exec-5] org.hibernate.SQL                        : 
    select
        u1_0.user_id,
        u1_0.avatar_id,
        u1_0.email,
        u1_0.first_name,
        u1_0.last_name,
        u1_0.password,
        u1_0.username 
    from
        user u1_0 
    where
        upper(u1_0.username)=upper(?)
2023-11-30T01:58:48.350-07:00 DEBUG 36396 --- [http-nio-8080-exec-5] org.hibernate.SQL                        : 
    select
        a1_0.avatar_id,
        a1_0.file_name,
        a1_0.path,
        a1_0.file_size 
    from
        avatar a1_0 
    where
        a1_0.avatar_id=?
2023-11-30T01:58:48.351-07:00 DEBUG 36396 --- [http-nio-8080-exec-5] org.hibernate.SQL                        : 
    select
        r1_0.user_id,
        r1_1.role_id,
        r1_1.name 
    from
        user_roles r1_0 
    join
        role r1_1 
            on r1_1.role_id=r1_0.role_id 
    where
        r1_0.user_id=?
2023-11-30T01:58:48.360-07:00 DEBUG 36396 --- [http-nio-8080-exec-5] org.hibernate.SQL                        : 
    select
        case 
            when count(u1_0.avatar_id)>0 then 1 
            else 0 
        end 
    from
        user u1_0 
    where
        u1_0.user_id=?
2023-11-30T01:58:49.949-07:00 DEBUG 36396 --- [http-nio-8080-exec-8] o.s.security.web.FilterChainProxy        : Securing OPTIONS /api/entities/friends
2023-11-30T01:58:49.950-07:00 DEBUG 36396 --- [http-nio-8080-exec-9] o.s.security.web.FilterChainProxy        : Securing OPTIONS /api/entities/friend-requests
2023-11-30T01:58:49.951-07:00 DEBUG 36396 --- [http-nio-8080-exec-1] o.s.security.web.FilterChainProxy        : Securing GET /api/entities/friends
2023-11-30T01:58:49.951-07:00 DEBUG 36396 --- [http-nio-8080-exec-4] o.s.security.web.FilterChainProxy        : Securing GET /api/entities/friend-requests
2023-11-30T01:58:49.952-07:00  INFO 36396 --- [http-nio-8080-exec-4] c.c.c.security.JwtAuthenticationFilter   : authToken:eyJ0eXAiOiJKV1QiLCJhbGciOiJIUzI1NiJ9.eyJleHAiOjE3MDEzMzgzMjgsInVzZXJuYW1lIjoianJ2ZW50dXJhIn0.djgm8ReN64eMQNFbNNRuEy5s-tz2VBAlZRW_GixCXlk
2023-11-30T01:58:49.952-07:00  INFO 36396 --- [http-nio-8080-exec-1] c.c.c.security.JwtAuthenticationFilter   : authToken:eyJ0eXAiOiJKV1QiLCJhbGciOiJIUzI1NiJ9.eyJleHAiOjE3MDEzMzgzMjgsInVzZXJuYW1lIjoianJ2ZW50dXJhIn0.djgm8ReN64eMQNFbNNRuEy5s-tz2VBAlZRW_GixCXlk
2023-11-30T01:58:49.952-07:00  INFO 36396 --- [http-nio-8080-exec-1] c.c.c.security.JwtAuthenticationFilter   : username: jrventura
2023-11-30T01:58:49.952-07:00  INFO 36396 --- [http-nio-8080-exec-4] c.c.c.security.JwtAuthenticationFilter   : username: jrventura
2023-11-30T01:58:49.954-07:00 DEBUG 36396 --- [http-nio-8080-exec-1] org.hibernate.SQL                        : 
    select
        u1_0.user_id,
        u1_0.avatar_id,
        u1_0.email,
        u1_0.first_name,
        u1_0.last_name,
        u1_0.password,
        u1_0.username 
    from
        user u1_0 
    where
        upper(u1_0.username)=upper(?)
2023-11-30T01:58:49.954-07:00 DEBUG 36396 --- [http-nio-8080-exec-4] org.hibernate.SQL                        : 
    select
        u1_0.user_id,
        u1_0.avatar_id,
        u1_0.email,
        u1_0.first_name,
        u1_0.last_name,
        u1_0.password,
        u1_0.username 
    from
        user u1_0 
    where
        upper(u1_0.username)=upper(?)
2023-11-30T01:58:49.954-07:00 DEBUG 36396 --- [http-nio-8080-exec-1] org.hibernate.SQL                        : 
    select
        a1_0.avatar_id,
        a1_0.file_name,
        a1_0.path,
        a1_0.file_size 
    from
        avatar a1_0 
    where
        a1_0.avatar_id=?
2023-11-30T01:58:49.954-07:00 DEBUG 36396 --- [http-nio-8080-exec-4] org.hibernate.SQL                        : 
    select
        a1_0.avatar_id,
        a1_0.file_name,
        a1_0.path,
        a1_0.file_size 
    from
        avatar a1_0 
    where
        a1_0.avatar_id=?
2023-11-30T01:58:49.955-07:00 DEBUG 36396 --- [http-nio-8080-exec-4] org.hibernate.SQL                        : 
    select
        r1_0.user_id,
        r1_1.role_id,
        r1_1.name 
    from
        user_roles r1_0 
    join
        role r1_1 
            on r1_1.role_id=r1_0.role_id 
    where
        r1_0.user_id=?
2023-11-30T01:58:49.955-07:00 DEBUG 36396 --- [http-nio-8080-exec-1] org.hibernate.SQL                        : 
    select
        r1_0.user_id,
        r1_1.role_id,
        r1_1.name 
    from
        user_roles r1_0 
    join
        role r1_1 
            on r1_1.role_id=r1_0.role_id 
    where
        r1_0.user_id=?
2023-11-30T01:58:49.956-07:00  INFO 36396 --- [http-nio-8080-exec-4] c.c.c.security.JwtAuthenticationFilter   : Authorities: [ROLE_USER]
2023-11-30T01:58:49.956-07:00  INFO 36396 --- [http-nio-8080-exec-1] c.c.c.security.JwtAuthenticationFilter   : Authorities: [ROLE_USER]
2023-11-30T01:58:49.956-07:00  INFO 36396 --- [http-nio-8080-exec-4] c.c.c.security.JwtAuthenticationFilter   : SecurityContextImpl [Authentication=UsernamePasswordAuthenticationToken [Principal=jrventura, Credentials=[PROTECTED], Authenticated=true, Details=WebAuthenticationDetails [RemoteIpAddress=0:0:0:0:0:0:0:1, SessionId=null], Granted Authorities=[ROLE_USER]]]
2023-11-30T01:58:49.956-07:00  INFO 36396 --- [http-nio-8080-exec-1] c.c.c.security.JwtAuthenticationFilter   : SecurityContextImpl [Authentication=UsernamePasswordAuthenticationToken [Principal=jrventura, Credentials=[PROTECTED], Authenticated=true, Details=WebAuthenticationDetails [RemoteIpAddress=0:0:0:0:0:0:0:1, SessionId=null], Granted Authorities=[ROLE_USER]]]
2023-11-30T01:58:49.956-07:00 DEBUG 36396 --- [http-nio-8080-exec-1] o.s.security.web.FilterChainProxy        : Secured GET /api/entities/friends
2023-11-30T01:58:49.956-07:00 DEBUG 36396 --- [http-nio-8080-exec-4] o.s.security.web.FilterChainProxy        : Secured GET /api/entities/friend-requests
2023-11-30T01:58:49.957-07:00 DEBUG 36396 --- [http-nio-8080-exec-1] horizationManagerBeforeMethodInterceptor : Authorizing method invocation ReflectiveMethodInvocation: public org.springframework.http.ResponseEntity com.cm.cinematchapp.controllers.EntityController.getFriends(); target is of class [com.cm.cinematchapp.controllers.EntityController]
2023-11-30T01:58:49.957-07:00 DEBUG 36396 --- [http-nio-8080-exec-4] horizationManagerBeforeMethodInterceptor : Authorizing method invocation ReflectiveMethodInvocation: public org.springframework.http.ResponseEntity com.cm.cinematchapp.controllers.EntityController.getFriendRequests(); target is of class [com.cm.cinematchapp.controllers.EntityController]
2023-11-30T01:58:49.957-07:00 DEBUG 36396 --- [http-nio-8080-exec-1] horizationManagerBeforeMethodInterceptor : Authorized method invocation ReflectiveMethodInvocation: public org.springframework.http.ResponseEntity com.cm.cinematchapp.controllers.EntityController.getFriends(); target is of class [com.cm.cinematchapp.controllers.EntityController]
2023-11-30T01:58:49.957-07:00 DEBUG 36396 --- [http-nio-8080-exec-4] horizationManagerBeforeMethodInterceptor : Authorized method invocation ReflectiveMethodInvocation: public org.springframework.http.ResponseEntity com.cm.cinematchapp.controllers.EntityController.getFriendRequests(); target is of class [com.cm.cinematchapp.controllers.EntityController]
2023-11-30T01:58:49.958-07:00 DEBUG 36396 --- [http-nio-8080-exec-1] org.hibernate.SQL                        : 
    select
        u1_0.user_id,
        u1_0.avatar_id,
        u1_0.email,
        u1_0.first_name,
        u1_0.last_name,
        u1_0.password,
        u1_0.username 
    from
        user u1_0 
    where
        upper(u1_0.username)=upper(?)
2023-11-30T01:58:49.958-07:00 DEBUG 36396 --- [http-nio-8080-exec-4] org.hibernate.SQL                        : 
    select
        u1_0.user_id,
        u1_0.avatar_id,
        u1_0.email,
        u1_0.first_name,
        u1_0.last_name,
        u1_0.password,
        u1_0.username 
    from
        user u1_0 
    where
        upper(u1_0.username)=upper(?)
2023-11-30T01:58:49.958-07:00 DEBUG 36396 --- [http-nio-8080-exec-4] org.hibernate.SQL                        : 
    select
        a1_0.avatar_id,
        a1_0.file_name,
        a1_0.path,
        a1_0.file_size 
    from
        avatar a1_0 
    where
        a1_0.avatar_id=?
2023-11-30T01:58:49.958-07:00 DEBUG 36396 --- [http-nio-8080-exec-1] org.hibernate.SQL                        : 
    select
        a1_0.avatar_id,
        a1_0.file_name,
        a1_0.path,
        a1_0.file_size 
    from
        avatar a1_0 
    where
        a1_0.avatar_id=?
2023-11-30T01:58:49.958-07:00 DEBUG 36396 --- [http-nio-8080-exec-4] org.hibernate.SQL                        : 
    select
        r1_0.user_id,
        r1_1.role_id,
        r1_1.name 
    from
        user_roles r1_0 
    join
        role r1_1 
            on r1_1.role_id=r1_0.role_id 
    where
        r1_0.user_id=?
2023-11-30T01:58:49.958-07:00 DEBUG 36396 --- [http-nio-8080-exec-1] org.hibernate.SQL                        : 
    select
        r1_0.user_id,
        r1_1.role_id,
        r1_1.name 
    from
        user_roles r1_0 
    join
        role r1_1 
            on r1_1.role_id=r1_0.role_id 
    where
        r1_0.user_id=?
2023-11-30T01:58:49.959-07:00 DEBUG 36396 --- [http-nio-8080-exec-1] org.hibernate.SQL                        : 
    select
        f2_0.user_id,
        f2_0.avatar_id,
        f2_0.email,
        f2_0.first_name,
        f2_0.last_name,
        f2_0.password,
        f2_0.username 
    from
        friendship f1_0 
    join
        user f2_0 
            on f2_0.user_id=f1_0.friend_user_id 
    where
        f1_0.user_id=?
2023-11-30T01:58:49.960-07:00 DEBUG 36396 --- [http-nio-8080-exec-4] org.hibernate.SQL                        : 
    select
        f1_0.request_id,
        f1_0.recipient_id,
        f1_0.request_status,
        f1_0.requester_id 
    from
        friend_request f1_0 
    where
        f1_0.recipient_id=?
2023-11-30T01:58:49.961-07:00 DEBUG 36396 --- [http-nio-8080-exec-1] org.hibernate.SQL                        : 
    select
        r1_0.user_id,
        r1_1.role_id,
        r1_1.name 
    from
        user_roles r1_0 
    join
        role r1_1 
            on r1_1.role_id=r1_0.role_id 
    where
        r1_0.user_id=?
2023-11-30T01:58:49.962-07:00 DEBUG 36396 --- [http-nio-8080-exec-4] org.hibernate.SQL                        : 
    select
        u1_0.user_id,
        a1_0.avatar_id,
        a1_0.file_name,
        a1_0.path,
        a1_0.file_size,
        u1_0.email,
        u1_0.first_name,
        u1_0.last_name,
        u1_0.password,
        r1_0.user_id,
        r1_1.role_id,
        r1_1.name,
        u1_0.username 
    from
        user u1_0 
    left join
        avatar a1_0 
            on a1_0.avatar_id=u1_0.avatar_id 
    left join
        (user_roles r1_0 
    join
        role r1_1 
            on r1_1.role_id=r1_0.role_id) 
                on u1_0.user_id=r1_0.user_id 
        where
            u1_0.user_id=?
2023-11-30T01:58:51.373-07:00 DEBUG 36396 --- [http-nio-8080-exec-10] o.s.security.web.FilterChainProxy        : Securing OPTIONS /api/entities/friend-requests/9
2023-11-30T01:58:51.375-07:00 DEBUG 36396 --- [http-nio-8080-exec-6] o.s.security.web.FilterChainProxy        : Securing PUT /api/entities/friend-requests/9
2023-11-30T01:58:51.375-07:00  INFO 36396 --- [http-nio-8080-exec-6] c.c.c.security.JwtAuthenticationFilter   : authToken:eyJ0eXAiOiJKV1QiLCJhbGciOiJIUzI1NiJ9.eyJleHAiOjE3MDEzMzgzMjgsInVzZXJuYW1lIjoianJ2ZW50dXJhIn0.djgm8ReN64eMQNFbNNRuEy5s-tz2VBAlZRW_GixCXlk
2023-11-30T01:58:51.375-07:00  INFO 36396 --- [http-nio-8080-exec-6] c.c.c.security.JwtAuthenticationFilter   : username: jrventura
2023-11-30T01:58:51.376-07:00 DEBUG 36396 --- [http-nio-8080-exec-6] org.hibernate.SQL                        : 
    select
        u1_0.user_id,
        u1_0.avatar_id,
        u1_0.email,
        u1_0.first_name,
        u1_0.last_name,
        u1_0.password,
        u1_0.username 
    from
        user u1_0 
    where
        upper(u1_0.username)=upper(?)
2023-11-30T01:58:51.377-07:00 DEBUG 36396 --- [http-nio-8080-exec-6] org.hibernate.SQL                        : 
    select
        a1_0.avatar_id,
        a1_0.file_name,
        a1_0.path,
        a1_0.file_size 
    from
        avatar a1_0 
    where
        a1_0.avatar_id=?
2023-11-30T01:58:51.377-07:00 DEBUG 36396 --- [http-nio-8080-exec-6] org.hibernate.SQL                        : 
    select
        r1_0.user_id,
        r1_1.role_id,
        r1_1.name 
    from
        user_roles r1_0 
    join
        role r1_1 
            on r1_1.role_id=r1_0.role_id 
    where
        r1_0.user_id=?
2023-11-30T01:58:51.378-07:00  INFO 36396 --- [http-nio-8080-exec-6] c.c.c.security.JwtAuthenticationFilter   : Authorities: [ROLE_USER]
2023-11-30T01:58:51.378-07:00  INFO 36396 --- [http-nio-8080-exec-6] c.c.c.security.JwtAuthenticationFilter   : SecurityContextImpl [Authentication=UsernamePasswordAuthenticationToken [Principal=jrventura, Credentials=[PROTECTED], Authenticated=true, Details=WebAuthenticationDetails [RemoteIpAddress=0:0:0:0:0:0:0:1, SessionId=null], Granted Authorities=[ROLE_USER]]]
2023-11-30T01:58:51.378-07:00 DEBUG 36396 --- [http-nio-8080-exec-6] o.s.security.web.FilterChainProxy        : Secured PUT /api/entities/friend-requests/9
2023-11-30T01:58:51.379-07:00 DEBUG 36396 --- [http-nio-8080-exec-6] horizationManagerBeforeMethodInterceptor : Authorizing method invocation ReflectiveMethodInvocation: public org.springframework.http.ResponseEntity com.cm.cinematchapp.controllers.EntityController.acceptFriendRequest(java.lang.Long); target is of class [com.cm.cinematchapp.controllers.EntityController]
2023-11-30T01:58:51.379-07:00 DEBUG 36396 --- [http-nio-8080-exec-6] horizationManagerBeforeMethodInterceptor : Authorized method invocation ReflectiveMethodInvocation: public org.springframework.http.ResponseEntity com.cm.cinematchapp.controllers.EntityController.acceptFriendRequest(java.lang.Long); target is of class [com.cm.cinematchapp.controllers.EntityController]
2023-11-30T01:58:51.380-07:00 DEBUG 36396 --- [http-nio-8080-exec-6] org.hibernate.SQL                        : 
    select
        f1_0.request_id,
        f1_0.recipient_id,
        f1_0.request_status,
        f1_0.requester_id 
    from
        friend_request f1_0 
    where
        f1_0.request_id=?
2023-11-30T01:58:51.381-07:00 DEBUG 36396 --- [http-nio-8080-exec-6] org.hibernate.SQL                        : 
    select
        u1_0.user_id,
        a1_0.avatar_id,
        a1_0.file_name,
        a1_0.path,
        a1_0.file_size,
        u1_0.email,
        u1_0.first_name,
        u1_0.last_name,
        u1_0.password,
        r1_0.user_id,
        r1_1.role_id,
        r1_1.name,
        u1_0.username 
    from
        user u1_0 
    left join
        avatar a1_0 
            on a1_0.avatar_id=u1_0.avatar_id 
    left join
        (user_roles r1_0 
    join
        role r1_1 
            on r1_1.role_id=r1_0.role_id) 
                on u1_0.user_id=r1_0.user_id 
        where
            u1_0.user_id=?
2023-11-30T01:58:51.381-07:00 DEBUG 36396 --- [http-nio-8080-exec-6] org.hibernate.SQL                        : 
    select
        u1_0.user_id,
        a1_0.avatar_id,
        a1_0.file_name,
        a1_0.path,
        a1_0.file_size,
        u1_0.email,
        u1_0.first_name,
        u1_0.last_name,
        u1_0.password,
        r1_0.user_id,
        r1_1.role_id,
        r1_1.name,
        u1_0.username 
    from
        user u1_0 
    left join
        avatar a1_0 
            on a1_0.avatar_id=u1_0.avatar_id 
    left join
        (user_roles r1_0 
    join
        role r1_1 
            on r1_1.role_id=r1_0.role_id) 
                on u1_0.user_id=r1_0.user_id 
        where
            u1_0.user_id=?
2023-11-30T01:58:51.386-07:00 DEBUG 36396 --- [http-nio-8080-exec-6] org.hibernate.SQL                        : 
    insert 
    into
        friendship
        (friend_user_id,friendship_status,user_id) 
    values
        (?,?,?)
2023-11-30T01:58:51.393-07:00 DEBUG 36396 --- [http-nio-8080-exec-6] org.hibernate.SQL                        : 
    insert 
    into
        friendship
        (friend_user_id,friendship_status,user_id) 
    values
        (?,?,?)
2023-11-30T01:58:51.403-07:00 DEBUG 36396 --- [http-nio-8080-exec-6] org.hibernate.SQL                        : 
    delete 
    from
        friend_request 
    where
        request_id=?
2023-11-30T01:58:51.414-07:00 DEBUG 36396 --- [http-nio-8080-exec-2] o.s.security.web.FilterChainProxy        : Securing GET /api/entities/friends
2023-11-30T01:58:51.414-07:00 DEBUG 36396 --- [http-nio-8080-exec-7] o.s.security.web.FilterChainProxy        : Securing GET /api/entities/friend-requests
2023-11-30T01:58:51.414-07:00  INFO 36396 --- [http-nio-8080-exec-2] c.c.c.security.JwtAuthenticationFilter   : authToken:eyJ0eXAiOiJKV1QiLCJhbGciOiJIUzI1NiJ9.eyJleHAiOjE3MDEzMzgzMjgsInVzZXJuYW1lIjoianJ2ZW50dXJhIn0.djgm8ReN64eMQNFbNNRuEy5s-tz2VBAlZRW_GixCXlk
2023-11-30T01:58:51.414-07:00  INFO 36396 --- [http-nio-8080-exec-7] c.c.c.security.JwtAuthenticationFilter   : authToken:eyJ0eXAiOiJKV1QiLCJhbGciOiJIUzI1NiJ9.eyJleHAiOjE3MDEzMzgzMjgsInVzZXJuYW1lIjoianJ2ZW50dXJhIn0.djgm8ReN64eMQNFbNNRuEy5s-tz2VBAlZRW_GixCXlk
2023-11-30T01:58:51.414-07:00  INFO 36396 --- [http-nio-8080-exec-2] c.c.c.security.JwtAuthenticationFilter   : username: jrventura
2023-11-30T01:58:51.414-07:00  INFO 36396 --- [http-nio-8080-exec-7] c.c.c.security.JwtAuthenticationFilter   : username: jrventura
2023-11-30T01:58:51.415-07:00 DEBUG 36396 --- [http-nio-8080-exec-7] org.hibernate.SQL                        : 
    select
        u1_0.user_id,
        u1_0.avatar_id,
        u1_0.email,
        u1_0.first_name,
        u1_0.last_name,
        u1_0.password,
        u1_0.username 
    from
        user u1_0 
    where
        upper(u1_0.username)=upper(?)
2023-11-30T01:58:51.415-07:00 DEBUG 36396 --- [http-nio-8080-exec-2] org.hibernate.SQL                        : 
    select
        u1_0.user_id,
        u1_0.avatar_id,
        u1_0.email,
        u1_0.first_name,
        u1_0.last_name,
        u1_0.password,
        u1_0.username 
    from
        user u1_0 
    where
        upper(u1_0.username)=upper(?)
2023-11-30T01:58:51.415-07:00 DEBUG 36396 --- [http-nio-8080-exec-2] org.hibernate.SQL                        : 
    select
        a1_0.avatar_id,
        a1_0.file_name,
        a1_0.path,
        a1_0.file_size 
    from
        avatar a1_0 
    where
        a1_0.avatar_id=?
2023-11-30T01:58:51.415-07:00 DEBUG 36396 --- [http-nio-8080-exec-7] org.hibernate.SQL                        : 
    select
        a1_0.avatar_id,
        a1_0.file_name,
        a1_0.path,
        a1_0.file_size 
    from
        avatar a1_0 
    where
        a1_0.avatar_id=?
2023-11-30T01:58:51.416-07:00 DEBUG 36396 --- [http-nio-8080-exec-2] org.hibernate.SQL                        : 
    select
        r1_0.user_id,
        r1_1.role_id,
        r1_1.name 
    from
        user_roles r1_0 
    join
        role r1_1 
            on r1_1.role_id=r1_0.role_id 
    where
        r1_0.user_id=?
2023-11-30T01:58:51.416-07:00 DEBUG 36396 --- [http-nio-8080-exec-7] org.hibernate.SQL                        : 
    select
        r1_0.user_id,
        r1_1.role_id,
        r1_1.name 
    from
        user_roles r1_0 
    join
        role r1_1 
            on r1_1.role_id=r1_0.role_id 
    where
        r1_0.user_id=?
2023-11-30T01:58:51.417-07:00  INFO 36396 --- [http-nio-8080-exec-2] c.c.c.security.JwtAuthenticationFilter   : Authorities: [ROLE_USER]
2023-11-30T01:58:51.417-07:00  INFO 36396 --- [http-nio-8080-exec-7] c.c.c.security.JwtAuthenticationFilter   : Authorities: [ROLE_USER]
2023-11-30T01:58:51.417-07:00  INFO 36396 --- [http-nio-8080-exec-2] c.c.c.security.JwtAuthenticationFilter   : SecurityContextImpl [Authentication=UsernamePasswordAuthenticationToken [Principal=jrventura, Credentials=[PROTECTED], Authenticated=true, Details=WebAuthenticationDetails [RemoteIpAddress=0:0:0:0:0:0:0:1, SessionId=null], Granted Authorities=[ROLE_USER]]]
2023-11-30T01:58:51.417-07:00  INFO 36396 --- [http-nio-8080-exec-7] c.c.c.security.JwtAuthenticationFilter   : SecurityContextImpl [Authentication=UsernamePasswordAuthenticationToken [Principal=jrventura, Credentials=[PROTECTED], Authenticated=true, Details=WebAuthenticationDetails [RemoteIpAddress=0:0:0:0:0:0:0:1, SessionId=null], Granted Authorities=[ROLE_USER]]]
2023-11-30T01:58:51.417-07:00 DEBUG 36396 --- [http-nio-8080-exec-2] o.s.security.web.FilterChainProxy        : Secured GET /api/entities/friends
2023-11-30T01:58:51.417-07:00 DEBUG 36396 --- [http-nio-8080-exec-7] o.s.security.web.FilterChainProxy        : Secured GET /api/entities/friend-requests
2023-11-30T01:58:51.417-07:00 DEBUG 36396 --- [http-nio-8080-exec-2] horizationManagerBeforeMethodInterceptor : Authorizing method invocation ReflectiveMethodInvocation: public org.springframework.http.ResponseEntity com.cm.cinematchapp.controllers.EntityController.getFriends(); target is of class [com.cm.cinematchapp.controllers.EntityController]
2023-11-30T01:58:51.417-07:00 DEBUG 36396 --- [http-nio-8080-exec-7] horizationManagerBeforeMethodInterceptor : Authorizing method invocation ReflectiveMethodInvocation: public org.springframework.http.ResponseEntity com.cm.cinematchapp.controllers.EntityController.getFriendRequests(); target is of class [com.cm.cinematchapp.controllers.EntityController]
2023-11-30T01:58:51.417-07:00 DEBUG 36396 --- [http-nio-8080-exec-2] horizationManagerBeforeMethodInterceptor : Authorized method invocation ReflectiveMethodInvocation: public org.springframework.http.ResponseEntity com.cm.cinematchapp.controllers.EntityController.getFriends(); target is of class [com.cm.cinematchapp.controllers.EntityController]
2023-11-30T01:58:51.417-07:00 DEBUG 36396 --- [http-nio-8080-exec-7] horizationManagerBeforeMethodInterceptor : Authorized method invocation ReflectiveMethodInvocation: public org.springframework.http.ResponseEntity com.cm.cinematchapp.controllers.EntityController.getFriendRequests(); target is of class [com.cm.cinematchapp.controllers.EntityController]
2023-11-30T01:58:51.418-07:00 DEBUG 36396 --- [http-nio-8080-exec-7] org.hibernate.SQL                        : 
    select
        u1_0.user_id,
        u1_0.avatar_id,
        u1_0.email,
        u1_0.first_name,
        u1_0.last_name,
        u1_0.password,
        u1_0.username 
    from
        user u1_0 
    where
        upper(u1_0.username)=upper(?)
2023-11-30T01:58:51.418-07:00 DEBUG 36396 --- [http-nio-8080-exec-2] org.hibernate.SQL                        : 
    select
        u1_0.user_id,
        u1_0.avatar_id,
        u1_0.email,
        u1_0.first_name,
        u1_0.last_name,
        u1_0.password,
        u1_0.username 
    from
        user u1_0 
    where
        upper(u1_0.username)=upper(?)
2023-11-30T01:58:51.418-07:00 DEBUG 36396 --- [http-nio-8080-exec-7] org.hibernate.SQL                        : 
    select
        a1_0.avatar_id,
        a1_0.file_name,
        a1_0.path,
        a1_0.file_size 
    from
        avatar a1_0 
    where
        a1_0.avatar_id=?
2023-11-30T01:58:51.418-07:00 DEBUG 36396 --- [http-nio-8080-exec-2] org.hibernate.SQL                        : 
    select
        a1_0.avatar_id,
        a1_0.file_name,
        a1_0.path,
        a1_0.file_size 
    from
        avatar a1_0 
    where
        a1_0.avatar_id=?
2023-11-30T01:58:51.418-07:00 DEBUG 36396 --- [http-nio-8080-exec-2] org.hibernate.SQL                        : 
    select
        r1_0.user_id,
        r1_1.role_id,
        r1_1.name 
    from
        user_roles r1_0 
    join
        role r1_1 
            on r1_1.role_id=r1_0.role_id 
    where
        r1_0.user_id=?
2023-11-30T01:58:51.418-07:00 DEBUG 36396 --- [http-nio-8080-exec-7] org.hibernate.SQL                        : 
    select
        r1_0.user_id,
        r1_1.role_id,
        r1_1.name 
    from
        user_roles r1_0 
    join
        role r1_1 
            on r1_1.role_id=r1_0.role_id 
    where
        r1_0.user_id=?
2023-11-30T01:58:51.419-07:00 DEBUG 36396 --- [http-nio-8080-exec-7] org.hibernate.SQL                        : 
    select
        f1_0.request_id,
        f1_0.recipient_id,
        f1_0.request_status,
        f1_0.requester_id 
    from
        friend_request f1_0 
    where
        f1_0.recipient_id=?
2023-11-30T01:58:51.419-07:00 DEBUG 36396 --- [http-nio-8080-exec-2] org.hibernate.SQL                        : 
    select
        f2_0.user_id,
        f2_0.avatar_id,
        f2_0.email,
        f2_0.first_name,
        f2_0.last_name,
        f2_0.password,
        f2_0.username 
    from
        friendship f1_0 
    join
        user f2_0 
            on f2_0.user_id=f1_0.friend_user_id 
    where
        f1_0.user_id=?
2023-11-30T01:58:51.420-07:00 DEBUG 36396 --- [http-nio-8080-exec-2] org.hibernate.SQL                        : 
    select
        r1_0.user_id,
        r1_1.role_id,
        r1_1.name 
    from
        user_roles r1_0 
    join
        role r1_1 
            on r1_1.role_id=r1_0.role_id 
    where
        r1_0.user_id=?
2023-11-30T01:58:51.420-07:00 DEBUG 36396 --- [http-nio-8080-exec-2] org.hibernate.SQL                        : 
    select
        r1_0.user_id,
        r1_1.role_id,
        r1_1.name 
    from
        user_roles r1_0 
    join
        role r1_1 
            on r1_1.role_id=r1_0.role_id 
    where
        r1_0.user_id=?
2023-11-30T01:58:56.678-07:00 DEBUG 36396 --- [http-nio-8080-exec-3] o.s.security.web.FilterChainProxy        : Securing OPTIONS /api/entities/users/User1
2023-11-30T01:58:56.679-07:00 DEBUG 36396 --- [http-nio-8080-exec-5] o.s.security.web.FilterChainProxy        : Securing GET /api/entities/users/User1
2023-11-30T01:58:56.680-07:00  INFO 36396 --- [http-nio-8080-exec-5] c.c.c.security.JwtAuthenticationFilter   : authToken:eyJ0eXAiOiJKV1QiLCJhbGciOiJIUzI1NiJ9.eyJleHAiOjE3MDEzMzgzMjgsInVzZXJuYW1lIjoianJ2ZW50dXJhIn0.djgm8ReN64eMQNFbNNRuEy5s-tz2VBAlZRW_GixCXlk
2023-11-30T01:58:56.680-07:00  INFO 36396 --- [http-nio-8080-exec-5] c.c.c.security.JwtAuthenticationFilter   : username: jrventura
2023-11-30T01:58:56.681-07:00 DEBUG 36396 --- [http-nio-8080-exec-5] org.hibernate.SQL                        : 
    select
        u1_0.user_id,
        u1_0.avatar_id,
        u1_0.email,
        u1_0.first_name,
        u1_0.last_name,
        u1_0.password,
        u1_0.username 
    from
        user u1_0 
    where
        upper(u1_0.username)=upper(?)
2023-11-30T01:58:56.681-07:00 DEBUG 36396 --- [http-nio-8080-exec-5] org.hibernate.SQL                        : 
    select
        a1_0.avatar_id,
        a1_0.file_name,
        a1_0.path,
        a1_0.file_size 
    from
        avatar a1_0 
    where
        a1_0.avatar_id=?
2023-11-30T01:58:56.682-07:00 DEBUG 36396 --- [http-nio-8080-exec-5] org.hibernate.SQL                        : 
    select
        r1_0.user_id,
        r1_1.role_id,
        r1_1.name 
    from
        user_roles r1_0 
    join
        role r1_1 
            on r1_1.role_id=r1_0.role_id 
    where
        r1_0.user_id=?
2023-11-30T01:58:56.683-07:00  INFO 36396 --- [http-nio-8080-exec-5] c.c.c.security.JwtAuthenticationFilter   : Authorities: [ROLE_USER]
2023-11-30T01:58:56.683-07:00  INFO 36396 --- [http-nio-8080-exec-5] c.c.c.security.JwtAuthenticationFilter   : SecurityContextImpl [Authentication=UsernamePasswordAuthenticationToken [Principal=jrventura, Credentials=[PROTECTED], Authenticated=true, Details=WebAuthenticationDetails [RemoteIpAddress=0:0:0:0:0:0:0:1, SessionId=null], Granted Authorities=[ROLE_USER]]]
2023-11-30T01:58:56.683-07:00 DEBUG 36396 --- [http-nio-8080-exec-5] o.s.security.web.FilterChainProxy        : Secured GET /api/entities/users/User1
2023-11-30T01:58:56.684-07:00 DEBUG 36396 --- [http-nio-8080-exec-5] horizationManagerBeforeMethodInterceptor : Authorizing method invocation ReflectiveMethodInvocation: public org.springframework.http.ResponseEntity com.cm.cinematchapp.controllers.EntityController.getUsersByUsername(java.lang.String); target is of class [com.cm.cinematchapp.controllers.EntityController]
2023-11-30T01:58:56.684-07:00 DEBUG 36396 --- [http-nio-8080-exec-5] horizationManagerBeforeMethodInterceptor : Authorized method invocation ReflectiveMethodInvocation: public org.springframework.http.ResponseEntity com.cm.cinematchapp.controllers.EntityController.getUsersByUsername(java.lang.String); target is of class [com.cm.cinematchapp.controllers.EntityController]
2023-11-30T01:58:56.684-07:00 DEBUG 36396 --- [http-nio-8080-exec-5] org.hibernate.SQL                        : 
    select
        u1_0.user_id,
        u1_0.avatar_id,
        u1_0.email,
        u1_0.first_name,
        u1_0.last_name,
        u1_0.password,
        u1_0.username 
    from
        user u1_0 
    where
        upper(u1_0.username)=upper(?)
2023-11-30T01:58:56.685-07:00 DEBUG 36396 --- [http-nio-8080-exec-5] org.hibernate.SQL                        : 
    select
        a1_0.avatar_id,
        a1_0.file_name,
        a1_0.path,
        a1_0.file_size 
    from
        avatar a1_0 
    where
        a1_0.avatar_id=?
2023-11-30T01:58:56.686-07:00 DEBUG 36396 --- [http-nio-8080-exec-5] org.hibernate.SQL                        : 
    select
        r1_0.user_id,
        r1_1.role_id,
        r1_1.name 
    from
        user_roles r1_0 
    join
        role r1_1 
            on r1_1.role_id=r1_0.role_id 
    where
        r1_0.user_id=?
2023-11-30T01:58:56.687-07:00 DEBUG 36396 --- [http-nio-8080-exec-5] org.hibernate.SQL                        : 
    select
        u1_0.user_id,
        u1_0.avatar_id,
        u1_0.email,
        u1_0.first_name,
        u1_0.last_name,
        u1_0.password,
        u1_0.username 
    from
        user u1_0 
    where
        upper(u1_0.username) like upper(?) escape '\\' 
        and u1_0.user_id!=?
2023-11-30T01:58:56.688-07:00 DEBUG 36396 --- [http-nio-8080-exec-5] org.hibernate.SQL                        : 
    select
        r1_0.user_id,
        r1_1.role_id,
        r1_1.name 
    from
        user_roles r1_0 
    join
        role r1_1 
            on r1_1.role_id=r1_0.role_id 
    where
        r1_0.user_id=?
2023-11-30T01:58:58.243-07:00 DEBUG 36396 --- [http-nio-8080-exec-8] o.s.security.web.FilterChainProxy        : Securing OPTIONS /api/entities/users/friend-requests/2
2023-11-30T01:58:58.245-07:00 DEBUG 36396 --- [http-nio-8080-exec-9] o.s.security.web.FilterChainProxy        : Securing POST /api/entities/users/friend-requests/2
2023-11-30T01:58:58.245-07:00  INFO 36396 --- [http-nio-8080-exec-9] c.c.c.security.JwtAuthenticationFilter   : authToken:eyJ0eXAiOiJKV1QiLCJhbGciOiJIUzI1NiJ9.eyJleHAiOjE3MDEzMzgzMjgsInVzZXJuYW1lIjoianJ2ZW50dXJhIn0.djgm8ReN64eMQNFbNNRuEy5s-tz2VBAlZRW_GixCXlk
2023-11-30T01:58:58.245-07:00  INFO 36396 --- [http-nio-8080-exec-9] c.c.c.security.JwtAuthenticationFilter   : username: jrventura
2023-11-30T01:58:58.246-07:00 DEBUG 36396 --- [http-nio-8080-exec-9] org.hibernate.SQL                        : 
    select
        u1_0.user_id,
        u1_0.avatar_id,
        u1_0.email,
        u1_0.first_name,
        u1_0.last_name,
        u1_0.password,
        u1_0.username 
    from
        user u1_0 
    where
        upper(u1_0.username)=upper(?)
2023-11-30T01:58:58.247-07:00 DEBUG 36396 --- [http-nio-8080-exec-9] org.hibernate.SQL                        : 
    select
        a1_0.avatar_id,
        a1_0.file_name,
        a1_0.path,
        a1_0.file_size 
    from
        avatar a1_0 
    where
        a1_0.avatar_id=?
2023-11-30T01:58:58.247-07:00 DEBUG 36396 --- [http-nio-8080-exec-9] org.hibernate.SQL                        : 
    select
        r1_0.user_id,
        r1_1.role_id,
        r1_1.name 
    from
        user_roles r1_0 
    join
        role r1_1 
            on r1_1.role_id=r1_0.role_id 
    where
        r1_0.user_id=?
2023-11-30T01:58:58.248-07:00  INFO 36396 --- [http-nio-8080-exec-9] c.c.c.security.JwtAuthenticationFilter   : Authorities: [ROLE_USER]
2023-11-30T01:58:58.248-07:00  INFO 36396 --- [http-nio-8080-exec-9] c.c.c.security.JwtAuthenticationFilter   : SecurityContextImpl [Authentication=UsernamePasswordAuthenticationToken [Principal=jrventura, Credentials=[PROTECTED], Authenticated=true, Details=WebAuthenticationDetails [RemoteIpAddress=0:0:0:0:0:0:0:1, SessionId=null], Granted Authorities=[ROLE_USER]]]
2023-11-30T01:58:58.249-07:00 DEBUG 36396 --- [http-nio-8080-exec-9] o.s.security.web.FilterChainProxy        : Secured POST /api/entities/users/friend-requests/2
2023-11-30T01:58:58.249-07:00 DEBUG 36396 --- [http-nio-8080-exec-9] horizationManagerBeforeMethodInterceptor : Authorizing method invocation ReflectiveMethodInvocation: public org.springframework.http.ResponseEntity com.cm.cinematchapp.controllers.EntityController.sendFriendRequest(java.lang.Long); target is of class [com.cm.cinematchapp.controllers.EntityController]
2023-11-30T01:58:58.249-07:00 DEBUG 36396 --- [http-nio-8080-exec-9] horizationManagerBeforeMethodInterceptor : Authorized method invocation ReflectiveMethodInvocation: public org.springframework.http.ResponseEntity com.cm.cinematchapp.controllers.EntityController.sendFriendRequest(java.lang.Long); target is of class [com.cm.cinematchapp.controllers.EntityController]
2023-11-30T01:58:58.250-07:00 DEBUG 36396 --- [http-nio-8080-exec-9] org.hibernate.SQL                        : 
    select
        u1_0.user_id,
        u1_0.avatar_id,
        u1_0.email,
        u1_0.first_name,
        u1_0.last_name,
        u1_0.password,
        u1_0.username 
    from
        user u1_0 
    where
        upper(u1_0.username)=upper(?)
2023-11-30T01:58:58.250-07:00 DEBUG 36396 --- [http-nio-8080-exec-9] org.hibernate.SQL                        : 
    select
        a1_0.avatar_id,
        a1_0.file_name,
        a1_0.path,
        a1_0.file_size 
    from
        avatar a1_0 
    where
        a1_0.avatar_id=?
2023-11-30T01:58:58.250-07:00 DEBUG 36396 --- [http-nio-8080-exec-9] org.hibernate.SQL                        : 
    select
        r1_0.user_id,
        r1_1.role_id,
        r1_1.name 
    from
        user_roles r1_0 
    join
        role r1_1 
            on r1_1.role_id=r1_0.role_id 
    where
        r1_0.user_id=?
2023-11-30T01:58:58.251-07:00 DEBUG 36396 --- [http-nio-8080-exec-9] org.hibernate.SQL                        : 
    select
        u1_0.user_id,
        u1_0.avatar_id,
        u1_0.email,
        u1_0.first_name,
        u1_0.last_name,
        u1_0.password,
        u1_0.username 
    from
        user u1_0 
    where
        u1_0.user_id=?
2023-11-30T01:58:58.252-07:00 DEBUG 36396 --- [http-nio-8080-exec-9] org.hibernate.SQL                        : 
    select
        r1_0.user_id,
        r1_1.role_id,
        r1_1.name 
    from
        user_roles r1_0 
    join
        role r1_1 
            on r1_1.role_id=r1_0.role_id 
    where
        r1_0.user_id=?
2023-11-30T01:58:58.252-07:00 DEBUG 36396 --- [http-nio-8080-exec-9] org.hibernate.SQL                        : 
    insert 
    into
        friend_request
        (recipient_id,request_status,requester_id) 
    values
        (?,?,?)
2023-11-30T01:58:58.253-07:00 ERROR 36396 --- [http-nio-8080-exec-9] o.h.engine.jdbc.spi.SqlExceptionHelper   : Duplicate entry '1-2' for key 'UK7belafvtrwdiq7h7kc93jykf2'
2023-11-30T01:59:24.030-07:00 DEBUG 36396 --- [http-nio-8080-exec-1] o.s.security.web.FilterChainProxy        : Securing OPTIONS /api/actions/login
2023-11-30T01:59:24.032-07:00 DEBUG 36396 --- [http-nio-8080-exec-4] o.s.security.web.FilterChainProxy        : Securing POST /api/actions/login
2023-11-30T01:59:24.033-07:00 DEBUG 36396 --- [http-nio-8080-exec-4] o.s.s.w.a.AnonymousAuthenticationFilter  : Set SecurityContextHolder to anonymous SecurityContext
2023-11-30T01:59:24.033-07:00 DEBUG 36396 --- [http-nio-8080-exec-4] o.s.security.web.FilterChainProxy        : Secured POST /api/actions/login
2023-11-30T01:59:24.034-07:00 DEBUG 36396 --- [http-nio-8080-exec-4] org.hibernate.SQL                        : 
    select
        u1_0.user_id 
    from
        user u1_0 
    where
        u1_0.username=? limit ?
2023-11-30T02:00:35.662-07:00 DEBUG 36396 --- [http-nio-8080-exec-6] o.s.security.web.FilterChainProxy        : Securing OPTIONS /api/actions/login
2023-11-30T02:00:35.664-07:00 DEBUG 36396 --- [http-nio-8080-exec-7] o.s.security.web.FilterChainProxy        : Securing POST /api/actions/login
2023-11-30T02:00:35.664-07:00 DEBUG 36396 --- [http-nio-8080-exec-7] o.s.s.w.a.AnonymousAuthenticationFilter  : Set SecurityContextHolder to anonymous SecurityContext
2023-11-30T02:00:35.664-07:00 DEBUG 36396 --- [http-nio-8080-exec-7] o.s.security.web.FilterChainProxy        : Secured POST /api/actions/login
2023-11-30T02:00:35.666-07:00 DEBUG 36396 --- [http-nio-8080-exec-7] org.hibernate.SQL                        : 
    select
        u1_0.user_id 
    from
        user u1_0 
    where
        u1_0.username=? limit ?
2023-11-30T02:00:35.666-07:00  INFO 36396 --- [http-nio-8080-exec-7] c.c.c.s.JwtAuthenticationProvider        : authenticate, username:jarjar, password:Schn1tzl3!
2023-11-30T02:00:35.667-07:00 DEBUG 36396 --- [http-nio-8080-exec-7] org.hibernate.SQL                        : 
    select
        u1_0.user_id,
        u1_0.avatar_id,
        u1_0.email,
        u1_0.first_name,
        u1_0.last_name,
        u1_0.password,
        u1_0.username 
    from
        user u1_0 
    where
        upper(u1_0.username)=upper(?)
2023-11-30T02:00:35.667-07:00 DEBUG 36396 --- [http-nio-8080-exec-7] org.hibernate.SQL                        : 
    select
        r1_0.user_id,
        r1_1.role_id,
        r1_1.name 
    from
        user_roles r1_0 
    join
        role r1_1 
            on r1_1.role_id=r1_0.role_id 
    where
        r1_0.user_id=?
2023-11-30T02:00:35.668-07:00  INFO 36396 --- [http-nio-8080-exec-7] c.c.c.s.JwtAuthenticationProvider        : [ROLE_USER]
2023-11-30T02:00:35.730-07:00 ERROR 36396 --- [http-nio-8080-exec-7] c.c.c.s.JwtAuthenticationProvider        : Failed Authentication
2023-11-30T02:00:41.260-07:00 DEBUG 36396 --- [http-nio-8080-exec-2] o.s.security.web.FilterChainProxy        : Securing OPTIONS /api/actions/login
2023-11-30T02:00:41.262-07:00 DEBUG 36396 --- [http-nio-8080-exec-3] o.s.security.web.FilterChainProxy        : Securing POST /api/actions/login
2023-11-30T02:00:41.262-07:00 DEBUG 36396 --- [http-nio-8080-exec-3] o.s.s.w.a.AnonymousAuthenticationFilter  : Set SecurityContextHolder to anonymous SecurityContext
2023-11-30T02:00:41.262-07:00 DEBUG 36396 --- [http-nio-8080-exec-3] o.s.security.web.FilterChainProxy        : Secured POST /api/actions/login
2023-11-30T02:00:41.264-07:00 DEBUG 36396 --- [http-nio-8080-exec-3] org.hibernate.SQL                        : 
    select
        u1_0.user_id 
    from
        user u1_0 
    where
        u1_0.username=? limit ?
2023-11-30T02:00:41.264-07:00  INFO 36396 --- [http-nio-8080-exec-3] c.c.c.s.JwtAuthenticationProvider        : authenticate, username:jarjar, password:Schn1tzl3!
2023-11-30T02:00:41.265-07:00 DEBUG 36396 --- [http-nio-8080-exec-3] org.hibernate.SQL                        : 
    select
        u1_0.user_id,
        u1_0.avatar_id,
        u1_0.email,
        u1_0.first_name,
        u1_0.last_name,
        u1_0.password,
        u1_0.username 
    from
        user u1_0 
    where
        upper(u1_0.username)=upper(?)
2023-11-30T02:00:41.266-07:00 DEBUG 36396 --- [http-nio-8080-exec-3] org.hibernate.SQL                        : 
    select
        r1_0.user_id,
        r1_1.role_id,
        r1_1.name 
    from
        user_roles r1_0 
    join
        role r1_1 
            on r1_1.role_id=r1_0.role_id 
    where
        r1_0.user_id=?
2023-11-30T02:00:41.266-07:00  INFO 36396 --- [http-nio-8080-exec-3] c.c.c.s.JwtAuthenticationProvider        : [ROLE_USER]
2023-11-30T02:00:41.331-07:00 ERROR 36396 --- [http-nio-8080-exec-3] c.c.c.s.JwtAuthenticationProvider        : Failed Authentication
2023-11-30T02:00:42.497-07:00 DEBUG 36396 --- [http-nio-8080-exec-5] o.s.security.web.FilterChainProxy        : Securing POST /api/actions/login
2023-11-30T02:00:42.497-07:00 DEBUG 36396 --- [http-nio-8080-exec-5] o.s.s.w.a.AnonymousAuthenticationFilter  : Set SecurityContextHolder to anonymous SecurityContext
2023-11-30T02:00:42.498-07:00 DEBUG 36396 --- [http-nio-8080-exec-5] o.s.security.web.FilterChainProxy        : Secured POST /api/actions/login
2023-11-30T02:00:42.499-07:00 DEBUG 36396 --- [http-nio-8080-exec-5] org.hibernate.SQL                        : 
    select
        u1_0.user_id 
    from
        user u1_0 
    where
        u1_0.username=? limit ?
2023-11-30T02:00:42.500-07:00  INFO 36396 --- [http-nio-8080-exec-5] c.c.c.s.JwtAuthenticationProvider        : authenticate, username:jarjar, password:Schn1tzl3!
2023-11-30T02:00:42.500-07:00 DEBUG 36396 --- [http-nio-8080-exec-5] org.hibernate.SQL                        : 
    select
        u1_0.user_id,
        u1_0.avatar_id,
        u1_0.email,
        u1_0.first_name,
        u1_0.last_name,
        u1_0.password,
        u1_0.username 
    from
        user u1_0 
    where
        upper(u1_0.username)=upper(?)
2023-11-30T02:00:42.501-07:00 DEBUG 36396 --- [http-nio-8080-exec-5] org.hibernate.SQL                        : 
    select
        r1_0.user_id,
        r1_1.role_id,
        r1_1.name 
    from
        user_roles r1_0 
    join
        role r1_1 
            on r1_1.role_id=r1_0.role_id 
    where
        r1_0.user_id=?
2023-11-30T02:00:42.501-07:00  INFO 36396 --- [http-nio-8080-exec-5] c.c.c.s.JwtAuthenticationProvider        : [ROLE_USER]
2023-11-30T02:00:42.564-07:00 ERROR 36396 --- [http-nio-8080-exec-5] c.c.c.s.JwtAuthenticationProvider        : Failed Authentication
2023-11-30T02:00:47.071-07:00 DEBUG 36396 --- [http-nio-8080-exec-8] o.s.security.web.FilterChainProxy        : Securing OPTIONS /api/actions/login
2023-11-30T02:00:47.073-07:00 DEBUG 36396 --- [http-nio-8080-exec-9] o.s.security.web.FilterChainProxy        : Securing POST /api/actions/login
2023-11-30T02:00:47.073-07:00 DEBUG 36396 --- [http-nio-8080-exec-9] o.s.s.w.a.AnonymousAuthenticationFilter  : Set SecurityContextHolder to anonymous SecurityContext
2023-11-30T02:00:47.073-07:00 DEBUG 36396 --- [http-nio-8080-exec-9] o.s.security.web.FilterChainProxy        : Secured POST /api/actions/login
2023-11-30T02:00:47.075-07:00 DEBUG 36396 --- [http-nio-8080-exec-9] org.hibernate.SQL                        : 
    select
        u1_0.user_id 
    from
        user u1_0 
    where
        u1_0.username=? limit ?
2023-11-30T02:00:47.075-07:00  INFO 36396 --- [http-nio-8080-exec-9] c.c.c.s.JwtAuthenticationProvider        : authenticate, username:jarjar, password:password123?
2023-11-30T02:00:47.076-07:00 DEBUG 36396 --- [http-nio-8080-exec-9] org.hibernate.SQL                        : 
    select
        u1_0.user_id,
        u1_0.avatar_id,
        u1_0.email,
        u1_0.first_name,
        u1_0.last_name,
        u1_0.password,
        u1_0.username 
    from
        user u1_0 
    where
        upper(u1_0.username)=upper(?)
2023-11-30T02:00:47.076-07:00 DEBUG 36396 --- [http-nio-8080-exec-9] org.hibernate.SQL                        : 
    select
        r1_0.user_id,
        r1_1.role_id,
        r1_1.name 
    from
        user_roles r1_0 
    join
        role r1_1 
            on r1_1.role_id=r1_0.role_id 
    where
        r1_0.user_id=?
2023-11-30T02:00:47.077-07:00  INFO 36396 --- [http-nio-8080-exec-9] c.c.c.s.JwtAuthenticationProvider        : [ROLE_USER]
2023-11-30T02:00:47.148-07:00 DEBUG 36396 --- [http-nio-8080-exec-1] o.s.security.web.FilterChainProxy        : Securing OPTIONS /api/entities/user
2023-11-30T02:00:47.150-07:00 DEBUG 36396 --- [http-nio-8080-exec-4] o.s.security.web.FilterChainProxy        : Securing GET /api/entities/user
2023-11-30T02:00:47.150-07:00  INFO 36396 --- [http-nio-8080-exec-4] c.c.c.security.JwtAuthenticationFilter   : authToken:eyJ0eXAiOiJKV1QiLCJhbGciOiJIUzI1NiJ9.eyJleHAiOjE3MDEzMzg0NDcsInVzZXJuYW1lIjoiamFyamFyIn0.D2o8OMqMEQTCrylJUtqfLYkCa9ONtZi6gjSSQBHsvu0
2023-11-30T02:00:47.150-07:00  INFO 36396 --- [http-nio-8080-exec-4] c.c.c.security.JwtAuthenticationFilter   : username: jarjar
2023-11-30T02:00:47.151-07:00 DEBUG 36396 --- [http-nio-8080-exec-4] org.hibernate.SQL                        : 
    select
        u1_0.user_id,
        u1_0.avatar_id,
        u1_0.email,
        u1_0.first_name,
        u1_0.last_name,
        u1_0.password,
        u1_0.username 
    from
        user u1_0 
    where
        upper(u1_0.username)=upper(?)
2023-11-30T02:00:47.152-07:00 DEBUG 36396 --- [http-nio-8080-exec-4] org.hibernate.SQL                        : 
    select
        r1_0.user_id,
        r1_1.role_id,
        r1_1.name 
    from
        user_roles r1_0 
    join
        role r1_1 
            on r1_1.role_id=r1_0.role_id 
    where
        r1_0.user_id=?
2023-11-30T02:00:47.153-07:00  INFO 36396 --- [http-nio-8080-exec-4] c.c.c.security.JwtAuthenticationFilter   : Authorities: [ROLE_USER]
2023-11-30T02:00:47.153-07:00  INFO 36396 --- [http-nio-8080-exec-4] c.c.c.security.JwtAuthenticationFilter   : SecurityContextImpl [Authentication=UsernamePasswordAuthenticationToken [Principal=jarjar, Credentials=[PROTECTED], Authenticated=true, Details=WebAuthenticationDetails [RemoteIpAddress=0:0:0:0:0:0:0:1, SessionId=null], Granted Authorities=[ROLE_USER]]]
2023-11-30T02:00:47.153-07:00 DEBUG 36396 --- [http-nio-8080-exec-4] o.s.security.web.FilterChainProxy        : Secured GET /api/entities/user
2023-11-30T02:00:47.154-07:00 DEBUG 36396 --- [http-nio-8080-exec-4] horizationManagerBeforeMethodInterceptor : Authorizing method invocation ReflectiveMethodInvocation: public org.springframework.http.ResponseEntity com.cm.cinematchapp.controllers.EntityController.getCurrentUser(); target is of class [com.cm.cinematchapp.controllers.EntityController]
2023-11-30T02:00:47.154-07:00 DEBUG 36396 --- [http-nio-8080-exec-4] horizationManagerBeforeMethodInterceptor : Authorized method invocation ReflectiveMethodInvocation: public org.springframework.http.ResponseEntity com.cm.cinematchapp.controllers.EntityController.getCurrentUser(); target is of class [com.cm.cinematchapp.controllers.EntityController]
2023-11-30T02:00:47.154-07:00 DEBUG 36396 --- [http-nio-8080-exec-4] org.hibernate.SQL                        : 
    select
        u1_0.user_id,
        u1_0.avatar_id,
        u1_0.email,
        u1_0.first_name,
        u1_0.last_name,
        u1_0.password,
        u1_0.username 
    from
        user u1_0 
    where
        upper(u1_0.username)=upper(?)
2023-11-30T02:00:47.155-07:00 DEBUG 36396 --- [http-nio-8080-exec-4] org.hibernate.SQL                        : 
    select
        r1_0.user_id,
        r1_1.role_id,
        r1_1.name 
    from
        user_roles r1_0 
    join
        role r1_1 
            on r1_1.role_id=r1_0.role_id 
    where
        r1_0.user_id=?
2023-11-30T02:00:47.156-07:00 DEBUG 36396 --- [http-nio-8080-exec-4] org.hibernate.SQL                        : 
    select
        u1_0.user_id,
        u1_0.avatar_id,
        u1_0.email,
        u1_0.first_name,
        u1_0.last_name,
        u1_0.password,
        u1_0.username 
    from
        user u1_0 
    where
        u1_0.user_id=?
2023-11-30T02:00:47.179-07:00 DEBUG 36396 --- [http-nio-8080-exec-10] o.s.security.web.FilterChainProxy        : Securing OPTIONS /api/images/avatar
2023-11-30T02:00:47.181-07:00 DEBUG 36396 --- [http-nio-8080-exec-6] o.s.security.web.FilterChainProxy        : Securing GET /api/images/avatar
2023-11-30T02:00:47.182-07:00  INFO 36396 --- [http-nio-8080-exec-6] c.c.c.security.JwtAuthenticationFilter   : authToken:eyJ0eXAiOiJKV1QiLCJhbGciOiJIUzI1NiJ9.eyJleHAiOjE3MDEzMzg0NDcsInVzZXJuYW1lIjoiamFyamFyIn0.D2o8OMqMEQTCrylJUtqfLYkCa9ONtZi6gjSSQBHsvu0
2023-11-30T02:00:47.183-07:00  INFO 36396 --- [http-nio-8080-exec-6] c.c.c.security.JwtAuthenticationFilter   : username: jarjar
2023-11-30T02:00:47.184-07:00 DEBUG 36396 --- [http-nio-8080-exec-6] org.hibernate.SQL                        : 
    select
        u1_0.user_id,
        u1_0.avatar_id,
        u1_0.email,
        u1_0.first_name,
        u1_0.last_name,
        u1_0.password,
        u1_0.username 
    from
        user u1_0 
    where
        upper(u1_0.username)=upper(?)
2023-11-30T02:00:47.185-07:00 DEBUG 36396 --- [http-nio-8080-exec-6] org.hibernate.SQL                        : 
    select
        r1_0.user_id,
        r1_1.role_id,
        r1_1.name 
    from
        user_roles r1_0 
    join
        role r1_1 
            on r1_1.role_id=r1_0.role_id 
    where
        r1_0.user_id=?
2023-11-30T02:00:47.186-07:00  INFO 36396 --- [http-nio-8080-exec-6] c.c.c.security.JwtAuthenticationFilter   : Authorities: [ROLE_USER]
2023-11-30T02:00:47.186-07:00  INFO 36396 --- [http-nio-8080-exec-6] c.c.c.security.JwtAuthenticationFilter   : SecurityContextImpl [Authentication=UsernamePasswordAuthenticationToken [Principal=jarjar, Credentials=[PROTECTED], Authenticated=true, Details=WebAuthenticationDetails [RemoteIpAddress=0:0:0:0:0:0:0:1, SessionId=null], Granted Authorities=[ROLE_USER]]]
2023-11-30T02:00:47.187-07:00 DEBUG 36396 --- [http-nio-8080-exec-6] o.s.security.web.FilterChainProxy        : Secured GET /api/images/avatar
2023-11-30T02:00:47.187-07:00 DEBUG 36396 --- [http-nio-8080-exec-6] horizationManagerBeforeMethodInterceptor : Authorizing method invocation ReflectiveMethodInvocation: public org.springframework.http.ResponseEntity com.cm.cinematchapp.controllers.ImageController.getAvatar() throws java.io.IOException; target is of class [com.cm.cinematchapp.controllers.ImageController]
2023-11-30T02:00:47.188-07:00 DEBUG 36396 --- [http-nio-8080-exec-6] horizationManagerBeforeMethodInterceptor : Authorized method invocation ReflectiveMethodInvocation: public org.springframework.http.ResponseEntity com.cm.cinematchapp.controllers.ImageController.getAvatar() throws java.io.IOException; target is of class [com.cm.cinematchapp.controllers.ImageController]
2023-11-30T02:00:47.189-07:00 DEBUG 36396 --- [http-nio-8080-exec-6] org.hibernate.SQL                        : 
    select
        u1_0.user_id,
        u1_0.avatar_id,
        u1_0.email,
        u1_0.first_name,
        u1_0.last_name,
        u1_0.password,
        u1_0.username 
    from
        user u1_0 
    where
        upper(u1_0.username)=upper(?)
2023-11-30T02:00:47.190-07:00 DEBUG 36396 --- [http-nio-8080-exec-6] org.hibernate.SQL                        : 
    select
        r1_0.user_id,
        r1_1.role_id,
        r1_1.name 
    from
        user_roles r1_0 
    join
        role r1_1 
            on r1_1.role_id=r1_0.role_id 
    where
        r1_0.user_id=?
2023-11-30T02:00:47.191-07:00 DEBUG 36396 --- [http-nio-8080-exec-6] org.hibernate.SQL                        : 
    select
        case 
            when count(u1_0.avatar_id)>0 then 1 
            else 0 
        end 
    from
        user u1_0 
    where
        u1_0.user_id=?
2023-11-30T02:00:47.192-07:00 DEBUG 36396 --- [http-nio-8080-exec-6] org.hibernate.SQL                        : 
    select
        a1_0.avatar_id,
        a1_0.file_name,
        a1_0.path,
        a1_0.file_size 
    from
        avatar a1_0 
    where
        a1_0.file_name=?
2023-11-30T02:00:51.288-07:00 DEBUG 36396 --- [http-nio-8080-exec-7] o.s.security.web.FilterChainProxy        : Securing OPTIONS /api/entities/friends
2023-11-30T02:00:51.288-07:00 DEBUG 36396 --- [http-nio-8080-exec-2] o.s.security.web.FilterChainProxy        : Securing OPTIONS /api/entities/friend-requests
2023-11-30T02:00:51.290-07:00 DEBUG 36396 --- [http-nio-8080-exec-3] o.s.security.web.FilterChainProxy        : Securing GET /api/entities/friends
2023-11-30T02:00:51.290-07:00 DEBUG 36396 --- [http-nio-8080-exec-5] o.s.security.web.FilterChainProxy        : Securing GET /api/entities/friend-requests
2023-11-30T02:00:51.290-07:00  INFO 36396 --- [http-nio-8080-exec-3] c.c.c.security.JwtAuthenticationFilter   : authToken:eyJ0eXAiOiJKV1QiLCJhbGciOiJIUzI1NiJ9.eyJleHAiOjE3MDEzMzg0NDcsInVzZXJuYW1lIjoiamFyamFyIn0.D2o8OMqMEQTCrylJUtqfLYkCa9ONtZi6gjSSQBHsvu0
2023-11-30T02:00:51.291-07:00  INFO 36396 --- [http-nio-8080-exec-5] c.c.c.security.JwtAuthenticationFilter   : authToken:eyJ0eXAiOiJKV1QiLCJhbGciOiJIUzI1NiJ9.eyJleHAiOjE3MDEzMzg0NDcsInVzZXJuYW1lIjoiamFyamFyIn0.D2o8OMqMEQTCrylJUtqfLYkCa9ONtZi6gjSSQBHsvu0
2023-11-30T02:00:51.291-07:00  INFO 36396 --- [http-nio-8080-exec-3] c.c.c.security.JwtAuthenticationFilter   : username: jarjar
2023-11-30T02:00:51.291-07:00  INFO 36396 --- [http-nio-8080-exec-5] c.c.c.security.JwtAuthenticationFilter   : username: jarjar
2023-11-30T02:00:51.292-07:00 DEBUG 36396 --- [http-nio-8080-exec-5] org.hibernate.SQL                        : 
    select
        u1_0.user_id,
        u1_0.avatar_id,
        u1_0.email,
        u1_0.first_name,
        u1_0.last_name,
        u1_0.password,
        u1_0.username 
    from
        user u1_0 
    where
        upper(u1_0.username)=upper(?)
2023-11-30T02:00:51.293-07:00 DEBUG 36396 --- [http-nio-8080-exec-3] org.hibernate.SQL                        : 
    select
        u1_0.user_id,
        u1_0.avatar_id,
        u1_0.email,
        u1_0.first_name,
        u1_0.last_name,
        u1_0.password,
        u1_0.username 
    from
        user u1_0 
    where
        upper(u1_0.username)=upper(?)
2023-11-30T02:00:51.293-07:00 DEBUG 36396 --- [http-nio-8080-exec-5] org.hibernate.SQL                        : 
    select
        r1_0.user_id,
        r1_1.role_id,
        r1_1.name 
    from
        user_roles r1_0 
    join
        role r1_1 
            on r1_1.role_id=r1_0.role_id 
    where
        r1_0.user_id=?
2023-11-30T02:00:51.293-07:00 DEBUG 36396 --- [http-nio-8080-exec-3] org.hibernate.SQL                        : 
    select
        r1_0.user_id,
        r1_1.role_id,
        r1_1.name 
    from
        user_roles r1_0 
    join
        role r1_1 
            on r1_1.role_id=r1_0.role_id 
    where
        r1_0.user_id=?
2023-11-30T02:00:51.294-07:00  INFO 36396 --- [http-nio-8080-exec-5] c.c.c.security.JwtAuthenticationFilter   : Authorities: [ROLE_USER]
2023-11-30T02:00:51.294-07:00  INFO 36396 --- [http-nio-8080-exec-3] c.c.c.security.JwtAuthenticationFilter   : Authorities: [ROLE_USER]
2023-11-30T02:00:51.295-07:00  INFO 36396 --- [http-nio-8080-exec-5] c.c.c.security.JwtAuthenticationFilter   : SecurityContextImpl [Authentication=UsernamePasswordAuthenticationToken [Principal=jarjar, Credentials=[PROTECTED], Authenticated=true, Details=WebAuthenticationDetails [RemoteIpAddress=0:0:0:0:0:0:0:1, SessionId=null], Granted Authorities=[ROLE_USER]]]
2023-11-30T02:00:51.295-07:00  INFO 36396 --- [http-nio-8080-exec-3] c.c.c.security.JwtAuthenticationFilter   : SecurityContextImpl [Authentication=UsernamePasswordAuthenticationToken [Principal=jarjar, Credentials=[PROTECTED], Authenticated=true, Details=WebAuthenticationDetails [RemoteIpAddress=0:0:0:0:0:0:0:1, SessionId=null], Granted Authorities=[ROLE_USER]]]
2023-11-30T02:00:51.295-07:00 DEBUG 36396 --- [http-nio-8080-exec-5] o.s.security.web.FilterChainProxy        : Secured GET /api/entities/friend-requests
2023-11-30T02:00:51.295-07:00 DEBUG 36396 --- [http-nio-8080-exec-3] o.s.security.web.FilterChainProxy        : Secured GET /api/entities/friends
2023-11-30T02:00:51.295-07:00 DEBUG 36396 --- [http-nio-8080-exec-5] horizationManagerBeforeMethodInterceptor : Authorizing method invocation ReflectiveMethodInvocation: public org.springframework.http.ResponseEntity com.cm.cinematchapp.controllers.EntityController.getFriendRequests(); target is of class [com.cm.cinematchapp.controllers.EntityController]
2023-11-30T02:00:51.295-07:00 DEBUG 36396 --- [http-nio-8080-exec-3] horizationManagerBeforeMethodInterceptor : Authorizing method invocation ReflectiveMethodInvocation: public org.springframework.http.ResponseEntity com.cm.cinematchapp.controllers.EntityController.getFriends(); target is of class [com.cm.cinematchapp.controllers.EntityController]
2023-11-30T02:00:51.296-07:00 DEBUG 36396 --- [http-nio-8080-exec-5] horizationManagerBeforeMethodInterceptor : Authorized method invocation ReflectiveMethodInvocation: public org.springframework.http.ResponseEntity com.cm.cinematchapp.controllers.EntityController.getFriendRequests(); target is of class [com.cm.cinematchapp.controllers.EntityController]
2023-11-30T02:00:51.296-07:00 DEBUG 36396 --- [http-nio-8080-exec-3] horizationManagerBeforeMethodInterceptor : Authorized method invocation ReflectiveMethodInvocation: public org.springframework.http.ResponseEntity com.cm.cinematchapp.controllers.EntityController.getFriends(); target is of class [com.cm.cinematchapp.controllers.EntityController]
2023-11-30T02:00:51.296-07:00 DEBUG 36396 --- [http-nio-8080-exec-5] org.hibernate.SQL                        : 
    select
        u1_0.user_id,
        u1_0.avatar_id,
        u1_0.email,
        u1_0.first_name,
        u1_0.last_name,
        u1_0.password,
        u1_0.username 
    from
        user u1_0 
    where
        upper(u1_0.username)=upper(?)
2023-11-30T02:00:51.296-07:00 DEBUG 36396 --- [http-nio-8080-exec-3] org.hibernate.SQL                        : 
    select
        u1_0.user_id,
        u1_0.avatar_id,
        u1_0.email,
        u1_0.first_name,
        u1_0.last_name,
        u1_0.password,
        u1_0.username 
    from
        user u1_0 
    where
        upper(u1_0.username)=upper(?)
2023-11-30T02:00:51.297-07:00 DEBUG 36396 --- [http-nio-8080-exec-5] org.hibernate.SQL                        : 
    select
        r1_0.user_id,
        r1_1.role_id,
        r1_1.name 
    from
        user_roles r1_0 
    join
        role r1_1 
            on r1_1.role_id=r1_0.role_id 
    where
        r1_0.user_id=?
2023-11-30T02:00:51.297-07:00 DEBUG 36396 --- [http-nio-8080-exec-3] org.hibernate.SQL                        : 
    select
        r1_0.user_id,
        r1_1.role_id,
        r1_1.name 
    from
        user_roles r1_0 
    join
        role r1_1 
            on r1_1.role_id=r1_0.role_id 
    where
        r1_0.user_id=?
2023-11-30T02:00:51.298-07:00 DEBUG 36396 --- [http-nio-8080-exec-5] org.hibernate.SQL                        : 
    select
        f1_0.request_id,
        f1_0.recipient_id,
        f1_0.request_status,
        f1_0.requester_id 
    from
        friend_request f1_0 
    where
        f1_0.recipient_id=?
2023-11-30T02:00:51.298-07:00 DEBUG 36396 --- [http-nio-8080-exec-3] org.hibernate.SQL                        : 
    select
        f2_0.user_id,
        f2_0.avatar_id,
        f2_0.email,
        f2_0.first_name,
        f2_0.last_name,
        f2_0.password,
        f2_0.username 
    from
        friendship f1_0 
    join
        user f2_0 
            on f2_0.user_id=f1_0.friend_user_id 
    where
        f1_0.user_id=?
2023-11-30T02:00:51.298-07:00 DEBUG 36396 --- [http-nio-8080-exec-3] org.hibernate.SQL                        : 
    select
        a1_0.avatar_id,
        a1_0.file_name,
        a1_0.path,
        a1_0.file_size 
    from
        avatar a1_0 
    where
        a1_0.avatar_id=?
2023-11-30T02:00:51.299-07:00 DEBUG 36396 --- [http-nio-8080-exec-3] org.hibernate.SQL                        : 
    select
        r1_0.user_id,
        r1_1.role_id,
        r1_1.name 
    from
        user_roles r1_0 
    join
        role r1_1 
            on r1_1.role_id=r1_0.role_id 
    where
        r1_0.user_id=?
2023-11-30T02:00:51.299-07:00 DEBUG 36396 --- [http-nio-8080-exec-3] org.hibernate.SQL                        : 
    select
        r1_0.user_id,
        r1_1.role_id,
        r1_1.name 
    from
        user_roles r1_0 
    join
        role r1_1 
            on r1_1.role_id=r1_0.role_id 
    where
        r1_0.user_id=?
2023-11-30T02:00:57.700-07:00 DEBUG 36396 --- [http-nio-8080-exec-8] o.s.security.web.FilterChainProxy        : Securing OPTIONS /api/entities/friends/1
2023-11-30T02:00:57.703-07:00 DEBUG 36396 --- [http-nio-8080-exec-9] o.s.security.web.FilterChainProxy        : Securing DELETE /api/entities/friends/1
2023-11-30T02:00:57.703-07:00  INFO 36396 --- [http-nio-8080-exec-9] c.c.c.security.JwtAuthenticationFilter   : authToken:eyJ0eXAiOiJKV1QiLCJhbGciOiJIUzI1NiJ9.eyJleHAiOjE3MDEzMzg0NDcsInVzZXJuYW1lIjoiamFyamFyIn0.D2o8OMqMEQTCrylJUtqfLYkCa9ONtZi6gjSSQBHsvu0
2023-11-30T02:00:57.703-07:00  INFO 36396 --- [http-nio-8080-exec-9] c.c.c.security.JwtAuthenticationFilter   : username: jarjar
2023-11-30T02:00:57.704-07:00 DEBUG 36396 --- [http-nio-8080-exec-9] org.hibernate.SQL                        : 
    select
        u1_0.user_id,
        u1_0.avatar_id,
        u1_0.email,
        u1_0.first_name,
        u1_0.last_name,
        u1_0.password,
        u1_0.username 
    from
        user u1_0 
    where
        upper(u1_0.username)=upper(?)
2023-11-30T02:00:57.705-07:00 DEBUG 36396 --- [http-nio-8080-exec-9] org.hibernate.SQL                        : 
    select
        r1_0.user_id,
        r1_1.role_id,
        r1_1.name 
    from
        user_roles r1_0 
    join
        role r1_1 
            on r1_1.role_id=r1_0.role_id 
    where
        r1_0.user_id=?
2023-11-30T02:00:57.706-07:00  INFO 36396 --- [http-nio-8080-exec-9] c.c.c.security.JwtAuthenticationFilter   : Authorities: [ROLE_USER]
2023-11-30T02:00:57.706-07:00  INFO 36396 --- [http-nio-8080-exec-9] c.c.c.security.JwtAuthenticationFilter   : SecurityContextImpl [Authentication=UsernamePasswordAuthenticationToken [Principal=jarjar, Credentials=[PROTECTED], Authenticated=true, Details=WebAuthenticationDetails [RemoteIpAddress=0:0:0:0:0:0:0:1, SessionId=null], Granted Authorities=[ROLE_USER]]]
2023-11-30T02:00:57.706-07:00 DEBUG 36396 --- [http-nio-8080-exec-9] o.s.security.web.FilterChainProxy        : Secured DELETE /api/entities/friends/1
2023-11-30T02:00:57.707-07:00 DEBUG 36396 --- [http-nio-8080-exec-9] horizationManagerBeforeMethodInterceptor : Authorizing method invocation ReflectiveMethodInvocation: public org.springframework.http.ResponseEntity com.cm.cinematchapp.controllers.EntityController.removeFriend(java.lang.Long); target is of class [com.cm.cinematchapp.controllers.EntityController]
2023-11-30T02:00:57.707-07:00 DEBUG 36396 --- [http-nio-8080-exec-9] horizationManagerBeforeMethodInterceptor : Authorized method invocation ReflectiveMethodInvocation: public org.springframework.http.ResponseEntity com.cm.cinematchapp.controllers.EntityController.removeFriend(java.lang.Long); target is of class [com.cm.cinematchapp.controllers.EntityController]
2023-11-30T02:00:57.708-07:00 DEBUG 36396 --- [http-nio-8080-exec-9] org.hibernate.SQL                        : 
    select
        u1_0.user_id,
        u1_0.avatar_id,
        u1_0.email,
        u1_0.first_name,
        u1_0.last_name,
        u1_0.password,
        u1_0.username 
    from
        user u1_0 
    where
        u1_0.user_id=?
2023-11-30T02:00:57.708-07:00 DEBUG 36396 --- [http-nio-8080-exec-9] org.hibernate.SQL                        : 
    select
        a1_0.avatar_id,
        a1_0.file_name,
        a1_0.path,
        a1_0.file_size 
    from
        avatar a1_0 
    where
        a1_0.avatar_id=?
2023-11-30T02:00:57.713-07:00 DEBUG 36396 --- [http-nio-8080-exec-9] org.hibernate.SQL                        : 
    select
        r1_0.user_id,
        r1_1.role_id,
        r1_1.name 
    from
        user_roles r1_0 
    join
        role r1_1 
            on r1_1.role_id=r1_0.role_id 
    where
        r1_0.user_id=?
2023-11-30T02:00:57.714-07:00 DEBUG 36396 --- [http-nio-8080-exec-9] org.hibernate.SQL                        : 
    select
        u1_0.user_id,
        u1_0.avatar_id,
        u1_0.email,
        u1_0.first_name,
        u1_0.last_name,
        u1_0.password,
        u1_0.username 
    from
        user u1_0 
    where
        upper(u1_0.username)=upper(?)
2023-11-30T02:00:57.715-07:00 DEBUG 36396 --- [http-nio-8080-exec-9] org.hibernate.SQL                        : 
    select
        r1_0.user_id,
        r1_1.role_id,
        r1_1.name 
    from
        user_roles r1_0 
    join
        role r1_1 
            on r1_1.role_id=r1_0.role_id 
    where
        r1_0.user_id=?
2023-11-30T02:00:57.716-07:00 DEBUG 36396 --- [http-nio-8080-exec-9] org.hibernate.SQL                        : 
    select
        f1_0.friendship_id,
        f1_0.friend_user_id,
        f1_0.friendship_status,
        f1_0.user_id 
    from
        friendship f1_0 
    where
        f1_0.user_id=? 
        and f1_0.friend_user_id=?
2023-11-30T02:00:57.718-07:00 DEBUG 36396 --- [http-nio-8080-exec-9] org.hibernate.SQL                        : 
    select
        f1_0.friendship_id,
        f1_0.friend_user_id,
        f1_0.friendship_status,
        f1_0.user_id 
    from
        friendship f1_0 
    where
        f1_0.user_id=? 
        and f1_0.friend_user_id=?
2023-11-30T02:00:57.721-07:00  INFO 36396 --- [http-nio-8080-exec-9] c.c.cinematchapp.services.FriendService  : Friendship removed between user with ID 5 and user with ID 1
2023-11-30T02:00:57.721-07:00 DEBUG 36396 --- [http-nio-8080-exec-9] org.hibernate.SQL                        : 
    delete 
    from
        friendship 
    where
        friendship_id=?
2023-11-30T02:00:57.722-07:00 DEBUG 36396 --- [http-nio-8080-exec-9] org.hibernate.SQL                        : 
    delete 
    from
        friendship 
    where
        friendship_id=?
2023-11-30T02:00:57.730-07:00 DEBUG 36396 --- [http-nio-8080-exec-1] o.s.security.web.FilterChainProxy        : Securing OPTIONS /api/entities/friends
2023-11-30T02:00:57.732-07:00 DEBUG 36396 --- [http-nio-8080-exec-4] o.s.security.web.FilterChainProxy        : Securing GET /api/entities/friends
2023-11-30T02:00:57.732-07:00  INFO 36396 --- [http-nio-8080-exec-4] c.c.c.security.JwtAuthenticationFilter   : authToken:eyJ0eXAiOiJKV1QiLCJhbGciOiJIUzI1NiJ9.eyJleHAiOjE3MDEzMzg0NDcsInVzZXJuYW1lIjoiamFyamFyIn0.D2o8OMqMEQTCrylJUtqfLYkCa9ONtZi6gjSSQBHsvu0
2023-11-30T02:00:57.732-07:00  INFO 36396 --- [http-nio-8080-exec-4] c.c.c.security.JwtAuthenticationFilter   : username: jarjar
2023-11-30T02:00:57.733-07:00 DEBUG 36396 --- [http-nio-8080-exec-4] org.hibernate.SQL                        : 
    select
        u1_0.user_id,
        u1_0.avatar_id,
        u1_0.email,
        u1_0.first_name,
        u1_0.last_name,
        u1_0.password,
        u1_0.username 
    from
        user u1_0 
    where
        upper(u1_0.username)=upper(?)
2023-11-30T02:00:57.733-07:00 DEBUG 36396 --- [http-nio-8080-exec-4] org.hibernate.SQL                        : 
    select
        r1_0.user_id,
        r1_1.role_id,
        r1_1.name 
    from
        user_roles r1_0 
    join
        role r1_1 
            on r1_1.role_id=r1_0.role_id 
    where
        r1_0.user_id=?
2023-11-30T02:00:57.734-07:00  INFO 36396 --- [http-nio-8080-exec-4] c.c.c.security.JwtAuthenticationFilter   : Authorities: [ROLE_USER]
2023-11-30T02:00:57.734-07:00  INFO 36396 --- [http-nio-8080-exec-4] c.c.c.security.JwtAuthenticationFilter   : SecurityContextImpl [Authentication=UsernamePasswordAuthenticationToken [Principal=jarjar, Credentials=[PROTECTED], Authenticated=true, Details=WebAuthenticationDetails [RemoteIpAddress=0:0:0:0:0:0:0:1, SessionId=null], Granted Authorities=[ROLE_USER]]]
2023-11-30T02:00:57.734-07:00 DEBUG 36396 --- [http-nio-8080-exec-4] o.s.security.web.FilterChainProxy        : Secured GET /api/entities/friends
2023-11-30T02:00:57.735-07:00 DEBUG 36396 --- [http-nio-8080-exec-4] horizationManagerBeforeMethodInterceptor : Authorizing method invocation ReflectiveMethodInvocation: public org.springframework.http.ResponseEntity com.cm.cinematchapp.controllers.EntityController.getFriends(); target is of class [com.cm.cinematchapp.controllers.EntityController]
2023-11-30T02:00:57.735-07:00 DEBUG 36396 --- [http-nio-8080-exec-4] horizationManagerBeforeMethodInterceptor : Authorized method invocation ReflectiveMethodInvocation: public org.springframework.http.ResponseEntity com.cm.cinematchapp.controllers.EntityController.getFriends(); target is of class [com.cm.cinematchapp.controllers.EntityController]
2023-11-30T02:00:57.735-07:00 DEBUG 36396 --- [http-nio-8080-exec-4] org.hibernate.SQL                        : 
    select
        u1_0.user_id,
        u1_0.avatar_id,
        u1_0.email,
        u1_0.first_name,
        u1_0.last_name,
        u1_0.password,
        u1_0.username 
    from
        user u1_0 
    where
        upper(u1_0.username)=upper(?)
2023-11-30T02:00:57.736-07:00 DEBUG 36396 --- [http-nio-8080-exec-4] org.hibernate.SQL                        : 
    select
        r1_0.user_id,
        r1_1.role_id,
        r1_1.name 
    from
        user_roles r1_0 
    join
        role r1_1 
            on r1_1.role_id=r1_0.role_id 
    where
        r1_0.user_id=?
2023-11-30T02:00:57.736-07:00 DEBUG 36396 --- [http-nio-8080-exec-4] org.hibernate.SQL                        : 
    select
        f2_0.user_id,
        f2_0.avatar_id,
        f2_0.email,
        f2_0.first_name,
        f2_0.last_name,
        f2_0.password,
        f2_0.username 
    from
        friendship f1_0 
    join
        user f2_0 
            on f2_0.user_id=f1_0.friend_user_id 
    where
        f1_0.user_id=?
2023-11-30T02:00:57.737-07:00 DEBUG 36396 --- [http-nio-8080-exec-4] org.hibernate.SQL                        : 
    select
        r1_0.user_id,
        r1_1.role_id,
        r1_1.name 
    from
        user_roles r1_0 
    join
        role r1_1 
            on r1_1.role_id=r1_0.role_id 
    where
        r1_0.user_id=?
2023-11-30T02:01:07.999-07:00 DEBUG 36396 --- [http-nio-8080-exec-10] o.s.security.web.FilterChainProxy        : Securing OPTIONS /api/actions/login
2023-11-30T02:01:08.001-07:00 DEBUG 36396 --- [http-nio-8080-exec-6] o.s.security.web.FilterChainProxy        : Securing POST /api/actions/login
2023-11-30T02:01:08.001-07:00 DEBUG 36396 --- [http-nio-8080-exec-6] o.s.s.w.a.AnonymousAuthenticationFilter  : Set SecurityContextHolder to anonymous SecurityContext
2023-11-30T02:01:08.002-07:00 DEBUG 36396 --- [http-nio-8080-exec-6] o.s.security.web.FilterChainProxy        : Secured POST /api/actions/login
2023-11-30T02:01:08.003-07:00 DEBUG 36396 --- [http-nio-8080-exec-6] org.hibernate.SQL                        : 
    select
        u1_0.user_id 
    from
        user u1_0 
    where
        u1_0.username=? limit ?
2023-11-30T02:01:08.003-07:00  INFO 36396 --- [http-nio-8080-exec-6] c.c.c.s.JwtAuthenticationProvider        : authenticate, username:jrventura, password:Schn1tzl3!
2023-11-30T02:01:08.004-07:00 DEBUG 36396 --- [http-nio-8080-exec-6] org.hibernate.SQL                        : 
    select
        u1_0.user_id,
        u1_0.avatar_id,
        u1_0.email,
        u1_0.first_name,
        u1_0.last_name,
        u1_0.password,
        u1_0.username 
    from
        user u1_0 
    where
        upper(u1_0.username)=upper(?)
2023-11-30T02:01:08.004-07:00 DEBUG 36396 --- [http-nio-8080-exec-6] org.hibernate.SQL                        : 
    select
        a1_0.avatar_id,
        a1_0.file_name,
        a1_0.path,
        a1_0.file_size 
    from
        avatar a1_0 
    where
        a1_0.avatar_id=?
2023-11-30T02:01:08.005-07:00 DEBUG 36396 --- [http-nio-8080-exec-6] org.hibernate.SQL                        : 
    select
        r1_0.user_id,
        r1_1.role_id,
        r1_1.name 
    from
        user_roles r1_0 
    join
        role r1_1 
            on r1_1.role_id=r1_0.role_id 
    where
        r1_0.user_id=?
2023-11-30T02:01:08.005-07:00  INFO 36396 --- [http-nio-8080-exec-6] c.c.c.s.JwtAuthenticationProvider        : [ROLE_USER]
2023-11-30T02:01:08.075-07:00 DEBUG 36396 --- [http-nio-8080-exec-7] o.s.security.web.FilterChainProxy        : Securing OPTIONS /api/entities/user
2023-11-30T02:01:08.077-07:00 DEBUG 36396 --- [http-nio-8080-exec-2] o.s.security.web.FilterChainProxy        : Securing GET /api/entities/user
2023-11-30T02:01:08.077-07:00  INFO 36396 --- [http-nio-8080-exec-2] c.c.c.security.JwtAuthenticationFilter   : authToken:eyJ0eXAiOiJKV1QiLCJhbGciOiJIUzI1NiJ9.eyJleHAiOjE3MDEzMzg0NjgsInVzZXJuYW1lIjoianJ2ZW50dXJhIn0.shZ4YlJ3OekOC_aS49TsUSbjATuwpSHaTi4DS4Mc6Ms
2023-11-30T02:01:08.077-07:00  INFO 36396 --- [http-nio-8080-exec-2] c.c.c.security.JwtAuthenticationFilter   : username: jrventura
2023-11-30T02:01:08.078-07:00 DEBUG 36396 --- [http-nio-8080-exec-2] org.hibernate.SQL                        : 
    select
        u1_0.user_id,
        u1_0.avatar_id,
        u1_0.email,
        u1_0.first_name,
        u1_0.last_name,
        u1_0.password,
        u1_0.username 
    from
        user u1_0 
    where
        upper(u1_0.username)=upper(?)
2023-11-30T02:01:08.079-07:00 DEBUG 36396 --- [http-nio-8080-exec-2] org.hibernate.SQL                        : 
    select
        a1_0.avatar_id,
        a1_0.file_name,
        a1_0.path,
        a1_0.file_size 
    from
        avatar a1_0 
    where
        a1_0.avatar_id=?
2023-11-30T02:01:08.079-07:00 DEBUG 36396 --- [http-nio-8080-exec-2] org.hibernate.SQL                        : 
    select
        r1_0.user_id,
        r1_1.role_id,
        r1_1.name 
    from
        user_roles r1_0 
    join
        role r1_1 
            on r1_1.role_id=r1_0.role_id 
    where
        r1_0.user_id=?
2023-11-30T02:01:08.080-07:00  INFO 36396 --- [http-nio-8080-exec-2] c.c.c.security.JwtAuthenticationFilter   : Authorities: [ROLE_USER]
2023-11-30T02:01:08.080-07:00  INFO 36396 --- [http-nio-8080-exec-2] c.c.c.security.JwtAuthenticationFilter   : SecurityContextImpl [Authentication=UsernamePasswordAuthenticationToken [Principal=jrventura, Credentials=[PROTECTED], Authenticated=true, Details=WebAuthenticationDetails [RemoteIpAddress=0:0:0:0:0:0:0:1, SessionId=null], Granted Authorities=[ROLE_USER]]]
2023-11-30T02:01:08.080-07:00 DEBUG 36396 --- [http-nio-8080-exec-2] o.s.security.web.FilterChainProxy        : Secured GET /api/entities/user
2023-11-30T02:01:08.080-07:00 DEBUG 36396 --- [http-nio-8080-exec-2] horizationManagerBeforeMethodInterceptor : Authorizing method invocation ReflectiveMethodInvocation: public org.springframework.http.ResponseEntity com.cm.cinematchapp.controllers.EntityController.getCurrentUser(); target is of class [com.cm.cinematchapp.controllers.EntityController]
2023-11-30T02:01:08.080-07:00 DEBUG 36396 --- [http-nio-8080-exec-2] horizationManagerBeforeMethodInterceptor : Authorized method invocation ReflectiveMethodInvocation: public org.springframework.http.ResponseEntity com.cm.cinematchapp.controllers.EntityController.getCurrentUser(); target is of class [com.cm.cinematchapp.controllers.EntityController]
2023-11-30T02:01:08.081-07:00 DEBUG 36396 --- [http-nio-8080-exec-2] org.hibernate.SQL                        : 
    select
        u1_0.user_id,
        u1_0.avatar_id,
        u1_0.email,
        u1_0.first_name,
        u1_0.last_name,
        u1_0.password,
        u1_0.username 
    from
        user u1_0 
    where
        upper(u1_0.username)=upper(?)
2023-11-30T02:01:08.081-07:00 DEBUG 36396 --- [http-nio-8080-exec-2] org.hibernate.SQL                        : 
    select
        a1_0.avatar_id,
        a1_0.file_name,
        a1_0.path,
        a1_0.file_size 
    from
        avatar a1_0 
    where
        a1_0.avatar_id=?
2023-11-30T02:01:08.081-07:00 DEBUG 36396 --- [http-nio-8080-exec-2] org.hibernate.SQL                        : 
    select
        r1_0.user_id,
        r1_1.role_id,
        r1_1.name 
    from
        user_roles r1_0 
    join
        role r1_1 
            on r1_1.role_id=r1_0.role_id 
    where
        r1_0.user_id=?
2023-11-30T02:01:08.082-07:00 DEBUG 36396 --- [http-nio-8080-exec-2] org.hibernate.SQL                        : 
    select
        u1_0.user_id,
        u1_0.avatar_id,
        u1_0.email,
        u1_0.first_name,
        u1_0.last_name,
        u1_0.password,
        u1_0.username 
    from
        user u1_0 
    where
        u1_0.user_id=?
2023-11-30T02:01:08.094-07:00 DEBUG 36396 --- [http-nio-8080-exec-5] o.s.security.web.FilterChainProxy        : Securing OPTIONS /api/images/avatar
2023-11-30T02:01:08.096-07:00 DEBUG 36396 --- [http-nio-8080-exec-3] o.s.security.web.FilterChainProxy        : Securing GET /api/images/avatar
2023-11-30T02:01:08.096-07:00  INFO 36396 --- [http-nio-8080-exec-3] c.c.c.security.JwtAuthenticationFilter   : authToken:eyJ0eXAiOiJKV1QiLCJhbGciOiJIUzI1NiJ9.eyJleHAiOjE3MDEzMzg0NjgsInVzZXJuYW1lIjoianJ2ZW50dXJhIn0.shZ4YlJ3OekOC_aS49TsUSbjATuwpSHaTi4DS4Mc6Ms
2023-11-30T02:01:08.096-07:00  INFO 36396 --- [http-nio-8080-exec-3] c.c.c.security.JwtAuthenticationFilter   : username: jrventura
2023-11-30T02:01:08.097-07:00 DEBUG 36396 --- [http-nio-8080-exec-3] org.hibernate.SQL                        : 
    select
        u1_0.user_id,
        u1_0.avatar_id,
        u1_0.email,
        u1_0.first_name,
        u1_0.last_name,
        u1_0.password,
        u1_0.username 
    from
        user u1_0 
    where
        upper(u1_0.username)=upper(?)
2023-11-30T02:01:08.098-07:00 DEBUG 36396 --- [http-nio-8080-exec-3] org.hibernate.SQL                        : 
    select
        a1_0.avatar_id,
        a1_0.file_name,
        a1_0.path,
        a1_0.file_size 
    from
        avatar a1_0 
    where
        a1_0.avatar_id=?
2023-11-30T02:01:08.098-07:00 DEBUG 36396 --- [http-nio-8080-exec-3] org.hibernate.SQL                        : 
    select
        r1_0.user_id,
        r1_1.role_id,
        r1_1.name 
    from
        user_roles r1_0 
    join
        role r1_1 
            on r1_1.role_id=r1_0.role_id 
    where
        r1_0.user_id=?
2023-11-30T02:01:08.099-07:00  INFO 36396 --- [http-nio-8080-exec-3] c.c.c.security.JwtAuthenticationFilter   : Authorities: [ROLE_USER]
2023-11-30T02:01:08.099-07:00  INFO 36396 --- [http-nio-8080-exec-3] c.c.c.security.JwtAuthenticationFilter   : SecurityContextImpl [Authentication=UsernamePasswordAuthenticationToken [Principal=jrventura, Credentials=[PROTECTED], Authenticated=true, Details=WebAuthenticationDetails [RemoteIpAddress=0:0:0:0:0:0:0:1, SessionId=null], Granted Authorities=[ROLE_USER]]]
2023-11-30T02:01:08.100-07:00 DEBUG 36396 --- [http-nio-8080-exec-3] o.s.security.web.FilterChainProxy        : Secured GET /api/images/avatar
2023-11-30T02:01:08.100-07:00 DEBUG 36396 --- [http-nio-8080-exec-3] horizationManagerBeforeMethodInterceptor : Authorizing method invocation ReflectiveMethodInvocation: public org.springframework.http.ResponseEntity com.cm.cinematchapp.controllers.ImageController.getAvatar() throws java.io.IOException; target is of class [com.cm.cinematchapp.controllers.ImageController]
2023-11-30T02:01:08.101-07:00 DEBUG 36396 --- [http-nio-8080-exec-3] horizationManagerBeforeMethodInterceptor : Authorized method invocation ReflectiveMethodInvocation: public org.springframework.http.ResponseEntity com.cm.cinematchapp.controllers.ImageController.getAvatar() throws java.io.IOException; target is of class [com.cm.cinematchapp.controllers.ImageController]
2023-11-30T02:01:08.102-07:00 DEBUG 36396 --- [http-nio-8080-exec-3] org.hibernate.SQL                        : 
    select
        u1_0.user_id,
        u1_0.avatar_id,
        u1_0.email,
        u1_0.first_name,
        u1_0.last_name,
        u1_0.password,
        u1_0.username 
    from
        user u1_0 
    where
        upper(u1_0.username)=upper(?)
2023-11-30T02:01:08.102-07:00 DEBUG 36396 --- [http-nio-8080-exec-3] org.hibernate.SQL                        : 
    select
        a1_0.avatar_id,
        a1_0.file_name,
        a1_0.path,
        a1_0.file_size 
    from
        avatar a1_0 
    where
        a1_0.avatar_id=?
2023-11-30T02:01:08.102-07:00 DEBUG 36396 --- [http-nio-8080-exec-3] org.hibernate.SQL                        : 
    select
        r1_0.user_id,
        r1_1.role_id,
        r1_1.name 
    from
        user_roles r1_0 
    join
        role r1_1 
            on r1_1.role_id=r1_0.role_id 
    where
        r1_0.user_id=?
2023-11-30T02:01:08.103-07:00 DEBUG 36396 --- [http-nio-8080-exec-3] org.hibernate.SQL                        : 
    select
        case 
            when count(u1_0.avatar_id)>0 then 1 
            else 0 
        end 
    from
        user u1_0 
    where
        u1_0.user_id=?
2023-11-30T02:01:11.169-07:00 DEBUG 36396 --- [http-nio-8080-exec-9] o.s.security.web.FilterChainProxy        : Securing OPTIONS /api/entities/friend-requests
2023-11-30T02:01:11.169-07:00 DEBUG 36396 --- [http-nio-8080-exec-8] o.s.security.web.FilterChainProxy        : Securing OPTIONS /api/entities/friends
2023-11-30T02:01:11.172-07:00 DEBUG 36396 --- [http-nio-8080-exec-4] o.s.security.web.FilterChainProxy        : Securing GET /api/entities/friend-requests
2023-11-30T02:01:11.172-07:00 DEBUG 36396 --- [http-nio-8080-exec-1] o.s.security.web.FilterChainProxy        : Securing GET /api/entities/friends
2023-11-30T02:01:11.172-07:00  INFO 36396 --- [http-nio-8080-exec-1] c.c.c.security.JwtAuthenticationFilter   : authToken:eyJ0eXAiOiJKV1QiLCJhbGciOiJIUzI1NiJ9.eyJleHAiOjE3MDEzMzg0NjgsInVzZXJuYW1lIjoianJ2ZW50dXJhIn0.shZ4YlJ3OekOC_aS49TsUSbjATuwpSHaTi4DS4Mc6Ms
2023-11-30T02:01:11.172-07:00  INFO 36396 --- [http-nio-8080-exec-4] c.c.c.security.JwtAuthenticationFilter   : authToken:eyJ0eXAiOiJKV1QiLCJhbGciOiJIUzI1NiJ9.eyJleHAiOjE3MDEzMzg0NjgsInVzZXJuYW1lIjoianJ2ZW50dXJhIn0.shZ4YlJ3OekOC_aS49TsUSbjATuwpSHaTi4DS4Mc6Ms
2023-11-30T02:01:11.172-07:00  INFO 36396 --- [http-nio-8080-exec-1] c.c.c.security.JwtAuthenticationFilter   : username: jrventura
2023-11-30T02:01:11.172-07:00  INFO 36396 --- [http-nio-8080-exec-4] c.c.c.security.JwtAuthenticationFilter   : username: jrventura
2023-11-30T02:01:11.173-07:00 DEBUG 36396 --- [http-nio-8080-exec-4] org.hibernate.SQL                        : 
    select
        u1_0.user_id,
        u1_0.avatar_id,
        u1_0.email,
        u1_0.first_name,
        u1_0.last_name,
        u1_0.password,
        u1_0.username 
    from
        user u1_0 
    where
        upper(u1_0.username)=upper(?)
2023-11-30T02:01:11.173-07:00 DEBUG 36396 --- [http-nio-8080-exec-1] org.hibernate.SQL                        : 
    select
        u1_0.user_id,
        u1_0.avatar_id,
        u1_0.email,
        u1_0.first_name,
        u1_0.last_name,
        u1_0.password,
        u1_0.username 
    from
        user u1_0 
    where
        upper(u1_0.username)=upper(?)
2023-11-30T02:01:11.174-07:00 DEBUG 36396 --- [http-nio-8080-exec-1] org.hibernate.SQL                        : 
    select
        a1_0.avatar_id,
        a1_0.file_name,
        a1_0.path,
        a1_0.file_size 
    from
        avatar a1_0 
    where
        a1_0.avatar_id=?
2023-11-30T02:01:11.174-07:00 DEBUG 36396 --- [http-nio-8080-exec-4] org.hibernate.SQL                        : 
    select
        a1_0.avatar_id,
        a1_0.file_name,
        a1_0.path,
        a1_0.file_size 
    from
        avatar a1_0 
    where
        a1_0.avatar_id=?
2023-11-30T02:01:11.174-07:00 DEBUG 36396 --- [http-nio-8080-exec-1] org.hibernate.SQL                        : 
    select
        r1_0.user_id,
        r1_1.role_id,
        r1_1.name 
    from
        user_roles r1_0 
    join
        role r1_1 
            on r1_1.role_id=r1_0.role_id 
    where
        r1_0.user_id=?
2023-11-30T02:01:11.174-07:00 DEBUG 36396 --- [http-nio-8080-exec-4] org.hibernate.SQL                        : 
    select
        r1_0.user_id,
        r1_1.role_id,
        r1_1.name 
    from
        user_roles r1_0 
    join
        role r1_1 
            on r1_1.role_id=r1_0.role_id 
    where
        r1_0.user_id=?
2023-11-30T02:01:11.175-07:00  INFO 36396 --- [http-nio-8080-exec-1] c.c.c.security.JwtAuthenticationFilter   : Authorities: [ROLE_USER]
2023-11-30T02:01:11.175-07:00  INFO 36396 --- [http-nio-8080-exec-4] c.c.c.security.JwtAuthenticationFilter   : Authorities: [ROLE_USER]
2023-11-30T02:01:11.175-07:00  INFO 36396 --- [http-nio-8080-exec-1] c.c.c.security.JwtAuthenticationFilter   : SecurityContextImpl [Authentication=UsernamePasswordAuthenticationToken [Principal=jrventura, Credentials=[PROTECTED], Authenticated=true, Details=WebAuthenticationDetails [RemoteIpAddress=0:0:0:0:0:0:0:1, SessionId=null], Granted Authorities=[ROLE_USER]]]
2023-11-30T02:01:11.175-07:00  INFO 36396 --- [http-nio-8080-exec-4] c.c.c.security.JwtAuthenticationFilter   : SecurityContextImpl [Authentication=UsernamePasswordAuthenticationToken [Principal=jrventura, Credentials=[PROTECTED], Authenticated=true, Details=WebAuthenticationDetails [RemoteIpAddress=0:0:0:0:0:0:0:1, SessionId=null], Granted Authorities=[ROLE_USER]]]
2023-11-30T02:01:11.176-07:00 DEBUG 36396 --- [http-nio-8080-exec-1] o.s.security.web.FilterChainProxy        : Secured GET /api/entities/friends
2023-11-30T02:01:11.176-07:00 DEBUG 36396 --- [http-nio-8080-exec-4] o.s.security.web.FilterChainProxy        : Secured GET /api/entities/friend-requests
2023-11-30T02:01:11.176-07:00 DEBUG 36396 --- [http-nio-8080-exec-1] horizationManagerBeforeMethodInterceptor : Authorizing method invocation ReflectiveMethodInvocation: public org.springframework.http.ResponseEntity com.cm.cinematchapp.controllers.EntityController.getFriends(); target is of class [com.cm.cinematchapp.controllers.EntityController]
2023-11-30T02:01:11.176-07:00 DEBUG 36396 --- [http-nio-8080-exec-4] horizationManagerBeforeMethodInterceptor : Authorizing method invocation ReflectiveMethodInvocation: public org.springframework.http.ResponseEntity com.cm.cinematchapp.controllers.EntityController.getFriendRequests(); target is of class [com.cm.cinematchapp.controllers.EntityController]
2023-11-30T02:01:11.176-07:00 DEBUG 36396 --- [http-nio-8080-exec-1] horizationManagerBeforeMethodInterceptor : Authorized method invocation ReflectiveMethodInvocation: public org.springframework.http.ResponseEntity com.cm.cinematchapp.controllers.EntityController.getFriends(); target is of class [com.cm.cinematchapp.controllers.EntityController]
2023-11-30T02:01:11.176-07:00 DEBUG 36396 --- [http-nio-8080-exec-4] horizationManagerBeforeMethodInterceptor : Authorized method invocation ReflectiveMethodInvocation: public org.springframework.http.ResponseEntity com.cm.cinematchapp.controllers.EntityController.getFriendRequests(); target is of class [com.cm.cinematchapp.controllers.EntityController]
2023-11-30T02:01:11.177-07:00 DEBUG 36396 --- [http-nio-8080-exec-1] org.hibernate.SQL                        : 
    select
        u1_0.user_id,
        u1_0.avatar_id,
        u1_0.email,
        u1_0.first_name,
        u1_0.last_name,
        u1_0.password,
        u1_0.username 
    from
        user u1_0 
    where
        upper(u1_0.username)=upper(?)
2023-11-30T02:01:11.177-07:00 DEBUG 36396 --- [http-nio-8080-exec-4] org.hibernate.SQL                        : 
    select
        u1_0.user_id,
        u1_0.avatar_id,
        u1_0.email,
        u1_0.first_name,
        u1_0.last_name,
        u1_0.password,
        u1_0.username 
    from
        user u1_0 
    where
        upper(u1_0.username)=upper(?)
2023-11-30T02:01:11.177-07:00 DEBUG 36396 --- [http-nio-8080-exec-1] org.hibernate.SQL                        : 
    select
        a1_0.avatar_id,
        a1_0.file_name,
        a1_0.path,
        a1_0.file_size 
    from
        avatar a1_0 
    where
        a1_0.avatar_id=?
2023-11-30T02:01:11.177-07:00 DEBUG 36396 --- [http-nio-8080-exec-4] org.hibernate.SQL                        : 
    select
        a1_0.avatar_id,
        a1_0.file_name,
        a1_0.path,
        a1_0.file_size 
    from
        avatar a1_0 
    where
        a1_0.avatar_id=?
2023-11-30T02:01:11.177-07:00 DEBUG 36396 --- [http-nio-8080-exec-4] org.hibernate.SQL                        : 
    select
        r1_0.user_id,
        r1_1.role_id,
        r1_1.name 
    from
        user_roles r1_0 
    join
        role r1_1 
            on r1_1.role_id=r1_0.role_id 
    where
        r1_0.user_id=?
2023-11-30T02:01:11.177-07:00 DEBUG 36396 --- [http-nio-8080-exec-1] org.hibernate.SQL                        : 
    select
        r1_0.user_id,
        r1_1.role_id,
        r1_1.name 
    from
        user_roles r1_0 
    join
        role r1_1 
            on r1_1.role_id=r1_0.role_id 
    where
        r1_0.user_id=?
2023-11-30T02:01:11.178-07:00 DEBUG 36396 --- [http-nio-8080-exec-4] org.hibernate.SQL                        : 
    select
        f1_0.request_id,
        f1_0.recipient_id,
        f1_0.request_status,
        f1_0.requester_id 
    from
        friend_request f1_0 
    where
        f1_0.recipient_id=?
2023-11-30T02:01:11.178-07:00 DEBUG 36396 --- [http-nio-8080-exec-1] org.hibernate.SQL                        : 
    select
        f2_0.user_id,
        f2_0.avatar_id,
        f2_0.email,
        f2_0.first_name,
        f2_0.last_name,
        f2_0.password,
        f2_0.username 
    from
        friendship f1_0 
    join
        user f2_0 
            on f2_0.user_id=f1_0.friend_user_id 
    where
        f1_0.user_id=?
2023-11-30T02:01:11.178-07:00 DEBUG 36396 --- [http-nio-8080-exec-1] org.hibernate.SQL                        : 
    select
        r1_0.user_id,
        r1_1.role_id,
        r1_1.name 
    from
        user_roles r1_0 
    join
        role r1_1 
            on r1_1.role_id=r1_0.role_id 
    where
        r1_0.user_id=?
2023-11-30T02:03:21.361-07:00 DEBUG 36396 --- [http-nio-8080-exec-7] o.s.security.web.FilterChainProxy        : Securing OPTIONS /api/entities/users/jarjar
2023-11-30T02:03:21.363-07:00 DEBUG 36396 --- [http-nio-8080-exec-2] o.s.security.web.FilterChainProxy        : Securing GET /api/entities/users/jarjar
2023-11-30T02:03:21.363-07:00  INFO 36396 --- [http-nio-8080-exec-2] c.c.c.security.JwtAuthenticationFilter   : authToken:eyJ0eXAiOiJKV1QiLCJhbGciOiJIUzI1NiJ9.eyJleHAiOjE3MDEzMzg0NjgsInVzZXJuYW1lIjoianJ2ZW50dXJhIn0.shZ4YlJ3OekOC_aS49TsUSbjATuwpSHaTi4DS4Mc6Ms
2023-11-30T02:03:21.364-07:00  INFO 36396 --- [http-nio-8080-exec-2] c.c.c.security.JwtAuthenticationFilter   : username: jrventura
2023-11-30T02:03:21.365-07:00 DEBUG 36396 --- [http-nio-8080-exec-2] org.hibernate.SQL                        : 
    select
        u1_0.user_id,
        u1_0.avatar_id,
        u1_0.email,
        u1_0.first_name,
        u1_0.last_name,
        u1_0.password,
        u1_0.username 
    from
        user u1_0 
    where
        upper(u1_0.username)=upper(?)
2023-11-30T02:03:21.366-07:00 DEBUG 36396 --- [http-nio-8080-exec-2] org.hibernate.SQL                        : 
    select
        a1_0.avatar_id,
        a1_0.file_name,
        a1_0.path,
        a1_0.file_size 
    from
        avatar a1_0 
    where
        a1_0.avatar_id=?
2023-11-30T02:03:21.366-07:00 DEBUG 36396 --- [http-nio-8080-exec-2] org.hibernate.SQL                        : 
    select
        r1_0.user_id,
        r1_1.role_id,
        r1_1.name 
    from
        user_roles r1_0 
    join
        role r1_1 
            on r1_1.role_id=r1_0.role_id 
    where
        r1_0.user_id=?
2023-11-30T02:03:21.367-07:00  INFO 36396 --- [http-nio-8080-exec-2] c.c.c.security.JwtAuthenticationFilter   : Authorities: [ROLE_USER]
2023-11-30T02:03:21.367-07:00  INFO 36396 --- [http-nio-8080-exec-2] c.c.c.security.JwtAuthenticationFilter   : SecurityContextImpl [Authentication=UsernamePasswordAuthenticationToken [Principal=jrventura, Credentials=[PROTECTED], Authenticated=true, Details=WebAuthenticationDetails [RemoteIpAddress=0:0:0:0:0:0:0:1, SessionId=null], Granted Authorities=[ROLE_USER]]]
2023-11-30T02:03:21.368-07:00 DEBUG 36396 --- [http-nio-8080-exec-2] o.s.security.web.FilterChainProxy        : Secured GET /api/entities/users/jarjar
2023-11-30T02:03:21.368-07:00 DEBUG 36396 --- [http-nio-8080-exec-2] horizationManagerBeforeMethodInterceptor : Authorizing method invocation ReflectiveMethodInvocation: public org.springframework.http.ResponseEntity com.cm.cinematchapp.controllers.EntityController.getUsersByUsername(java.lang.String); target is of class [com.cm.cinematchapp.controllers.EntityController]
2023-11-30T02:03:21.368-07:00 DEBUG 36396 --- [http-nio-8080-exec-2] horizationManagerBeforeMethodInterceptor : Authorized method invocation ReflectiveMethodInvocation: public org.springframework.http.ResponseEntity com.cm.cinematchapp.controllers.EntityController.getUsersByUsername(java.lang.String); target is of class [com.cm.cinematchapp.controllers.EntityController]
2023-11-30T02:03:21.369-07:00 DEBUG 36396 --- [http-nio-8080-exec-2] org.hibernate.SQL                        : 
    select
        u1_0.user_id,
        u1_0.avatar_id,
        u1_0.email,
        u1_0.first_name,
        u1_0.last_name,
        u1_0.password,
        u1_0.username 
    from
        user u1_0 
    where
        upper(u1_0.username)=upper(?)
2023-11-30T02:03:21.369-07:00 DEBUG 36396 --- [http-nio-8080-exec-2] org.hibernate.SQL                        : 
    select
        a1_0.avatar_id,
        a1_0.file_name,
        a1_0.path,
        a1_0.file_size 
    from
        avatar a1_0 
    where
        a1_0.avatar_id=?
2023-11-30T02:03:21.370-07:00 DEBUG 36396 --- [http-nio-8080-exec-2] org.hibernate.SQL                        : 
    select
        r1_0.user_id,
        r1_1.role_id,
        r1_1.name 
    from
        user_roles r1_0 
    join
        role r1_1 
            on r1_1.role_id=r1_0.role_id 
    where
        r1_0.user_id=?
2023-11-30T02:03:21.371-07:00 DEBUG 36396 --- [http-nio-8080-exec-2] org.hibernate.SQL                        : 
    select
        u1_0.user_id,
        u1_0.avatar_id,
        u1_0.email,
        u1_0.first_name,
        u1_0.last_name,
        u1_0.password,
        u1_0.username 
    from
        user u1_0 
    where
        upper(u1_0.username) like upper(?) escape '\\' 
        and u1_0.user_id!=?
2023-11-30T02:03:21.371-07:00 DEBUG 36396 --- [http-nio-8080-exec-2] org.hibernate.SQL                        : 
    select
        r1_0.user_id,
        r1_1.role_id,
        r1_1.name 
    from
        user_roles r1_0 
    join
        role r1_1 
            on r1_1.role_id=r1_0.role_id 
    where
        r1_0.user_id=?
2023-11-30T02:03:22.342-07:00 DEBUG 36396 --- [http-nio-8080-exec-5] o.s.security.web.FilterChainProxy        : Securing OPTIONS /api/entities/users/friend-requests/5
2023-11-30T02:03:22.344-07:00 DEBUG 36396 --- [http-nio-8080-exec-3] o.s.security.web.FilterChainProxy        : Securing POST /api/entities/users/friend-requests/5
2023-11-30T02:03:22.344-07:00  INFO 36396 --- [http-nio-8080-exec-3] c.c.c.security.JwtAuthenticationFilter   : authToken:eyJ0eXAiOiJKV1QiLCJhbGciOiJIUzI1NiJ9.eyJleHAiOjE3MDEzMzg0NjgsInVzZXJuYW1lIjoianJ2ZW50dXJhIn0.shZ4YlJ3OekOC_aS49TsUSbjATuwpSHaTi4DS4Mc6Ms
2023-11-30T02:03:22.344-07:00  INFO 36396 --- [http-nio-8080-exec-3] c.c.c.security.JwtAuthenticationFilter   : username: jrventura
2023-11-30T02:03:22.345-07:00 DEBUG 36396 --- [http-nio-8080-exec-3] org.hibernate.SQL                        : 
    select
        u1_0.user_id,
        u1_0.avatar_id,
        u1_0.email,
        u1_0.first_name,
        u1_0.last_name,
        u1_0.password,
        u1_0.username 
    from
        user u1_0 
    where
        upper(u1_0.username)=upper(?)
2023-11-30T02:03:22.346-07:00 DEBUG 36396 --- [http-nio-8080-exec-3] org.hibernate.SQL                        : 
    select
        a1_0.avatar_id,
        a1_0.file_name,
        a1_0.path,
        a1_0.file_size 
    from
        avatar a1_0 
    where
        a1_0.avatar_id=?
2023-11-30T02:03:22.346-07:00 DEBUG 36396 --- [http-nio-8080-exec-3] org.hibernate.SQL                        : 
    select
        r1_0.user_id,
        r1_1.role_id,
        r1_1.name 
    from
        user_roles r1_0 
    join
        role r1_1 
            on r1_1.role_id=r1_0.role_id 
    where
        r1_0.user_id=?
2023-11-30T02:03:22.347-07:00  INFO 36396 --- [http-nio-8080-exec-3] c.c.c.security.JwtAuthenticationFilter   : Authorities: [ROLE_USER]
2023-11-30T02:03:22.347-07:00  INFO 36396 --- [http-nio-8080-exec-3] c.c.c.security.JwtAuthenticationFilter   : SecurityContextImpl [Authentication=UsernamePasswordAuthenticationToken [Principal=jrventura, Credentials=[PROTECTED], Authenticated=true, Details=WebAuthenticationDetails [RemoteIpAddress=0:0:0:0:0:0:0:1, SessionId=null], Granted Authorities=[ROLE_USER]]]
2023-11-30T02:03:22.348-07:00 DEBUG 36396 --- [http-nio-8080-exec-3] o.s.security.web.FilterChainProxy        : Secured POST /api/entities/users/friend-requests/5
2023-11-30T02:03:22.348-07:00 DEBUG 36396 --- [http-nio-8080-exec-3] horizationManagerBeforeMethodInterceptor : Authorizing method invocation ReflectiveMethodInvocation: public org.springframework.http.ResponseEntity com.cm.cinematchapp.controllers.EntityController.sendFriendRequest(java.lang.Long); target is of class [com.cm.cinematchapp.controllers.EntityController]
2023-11-30T02:03:22.348-07:00 DEBUG 36396 --- [http-nio-8080-exec-3] horizationManagerBeforeMethodInterceptor : Authorized method invocation ReflectiveMethodInvocation: public org.springframework.http.ResponseEntity com.cm.cinematchapp.controllers.EntityController.sendFriendRequest(java.lang.Long); target is of class [com.cm.cinematchapp.controllers.EntityController]
2023-11-30T02:03:22.349-07:00 DEBUG 36396 --- [http-nio-8080-exec-3] org.hibernate.SQL                        : 
    select
        u1_0.user_id,
        u1_0.avatar_id,
        u1_0.email,
        u1_0.first_name,
        u1_0.last_name,
        u1_0.password,
        u1_0.username 
    from
        user u1_0 
    where
        upper(u1_0.username)=upper(?)
2023-11-30T02:03:22.349-07:00 DEBUG 36396 --- [http-nio-8080-exec-3] org.hibernate.SQL                        : 
    select
        a1_0.avatar_id,
        a1_0.file_name,
        a1_0.path,
        a1_0.file_size 
    from
        avatar a1_0 
    where
        a1_0.avatar_id=?
2023-11-30T02:03:22.349-07:00 DEBUG 36396 --- [http-nio-8080-exec-3] org.hibernate.SQL                        : 
    select
        r1_0.user_id,
        r1_1.role_id,
        r1_1.name 
    from
        user_roles r1_0 
    join
        role r1_1 
            on r1_1.role_id=r1_0.role_id 
    where
        r1_0.user_id=?
2023-11-30T02:03:22.350-07:00 DEBUG 36396 --- [http-nio-8080-exec-3] org.hibernate.SQL                        : 
    select
        u1_0.user_id,
        u1_0.avatar_id,
        u1_0.email,
        u1_0.first_name,
        u1_0.last_name,
        u1_0.password,
        u1_0.username 
    from
        user u1_0 
    where
        u1_0.user_id=?
2023-11-30T02:03:22.350-07:00 DEBUG 36396 --- [http-nio-8080-exec-3] org.hibernate.SQL                        : 
    select
        r1_0.user_id,
        r1_1.role_id,
        r1_1.name 
    from
        user_roles r1_0 
    join
        role r1_1 
            on r1_1.role_id=r1_0.role_id 
    where
        r1_0.user_id=?
2023-11-30T02:03:22.351-07:00 DEBUG 36396 --- [http-nio-8080-exec-3] org.hibernate.SQL                        : 
    insert 
    into
        friend_request
        (recipient_id,request_status,requester_id) 
    values
        (?,?,?)
2023-11-30T02:04:22.082-07:00 DEBUG 36396 --- [http-nio-8080-exec-8] o.s.security.web.FilterChainProxy        : Securing OPTIONS /api/images/avatar
2023-11-30T02:04:22.087-07:00 DEBUG 36396 --- [http-nio-8080-exec-9] o.s.security.web.FilterChainProxy        : Securing GET /api/images/avatar
2023-11-30T02:04:22.088-07:00  INFO 36396 --- [http-nio-8080-exec-9] c.c.c.security.JwtAuthenticationFilter   : authToken:eyJ0eXAiOiJKV1QiLCJhbGciOiJIUzI1NiJ9.eyJleHAiOjE3MDEzMzg0NjgsInVzZXJuYW1lIjoianJ2ZW50dXJhIn0.shZ4YlJ3OekOC_aS49TsUSbjATuwpSHaTi4DS4Mc6Ms
2023-11-30T02:04:22.088-07:00  INFO 36396 --- [http-nio-8080-exec-9] c.c.c.security.JwtAuthenticationFilter   : username: jrventura
2023-11-30T02:04:22.090-07:00 DEBUG 36396 --- [http-nio-8080-exec-9] org.hibernate.SQL                        : 
    select
        u1_0.user_id,
        u1_0.avatar_id,
        u1_0.email,
        u1_0.first_name,
        u1_0.last_name,
        u1_0.password,
        u1_0.username 
    from
        user u1_0 
    where
        upper(u1_0.username)=upper(?)
2023-11-30T02:04:22.091-07:00 DEBUG 36396 --- [http-nio-8080-exec-9] org.hibernate.SQL                        : 
    select
        a1_0.avatar_id,
        a1_0.file_name,
        a1_0.path,
        a1_0.file_size 
    from
        avatar a1_0 
    where
        a1_0.avatar_id=?
2023-11-30T02:04:22.091-07:00 DEBUG 36396 --- [http-nio-8080-exec-9] org.hibernate.SQL                        : 
    select
        r1_0.user_id,
        r1_1.role_id,
        r1_1.name 
    from
        user_roles r1_0 
    join
        role r1_1 
            on r1_1.role_id=r1_0.role_id 
    where
        r1_0.user_id=?
2023-11-30T02:04:22.092-07:00  INFO 36396 --- [http-nio-8080-exec-9] c.c.c.security.JwtAuthenticationFilter   : Authorities: [ROLE_USER]
2023-11-30T02:04:22.092-07:00  INFO 36396 --- [http-nio-8080-exec-9] c.c.c.security.JwtAuthenticationFilter   : SecurityContextImpl [Authentication=UsernamePasswordAuthenticationToken [Principal=jrventura, Credentials=[PROTECTED], Authenticated=true, Details=WebAuthenticationDetails [RemoteIpAddress=0:0:0:0:0:0:0:1, SessionId=null], Granted Authorities=[ROLE_USER]]]
2023-11-30T02:04:22.093-07:00 DEBUG 36396 --- [http-nio-8080-exec-9] o.s.security.web.FilterChainProxy        : Secured GET /api/images/avatar
2023-11-30T02:04:22.093-07:00 DEBUG 36396 --- [http-nio-8080-exec-9] horizationManagerBeforeMethodInterceptor : Authorizing method invocation ReflectiveMethodInvocation: public org.springframework.http.ResponseEntity com.cm.cinematchapp.controllers.ImageController.getAvatar() throws java.io.IOException; target is of class [com.cm.cinematchapp.controllers.ImageController]
2023-11-30T02:04:22.094-07:00 DEBUG 36396 --- [http-nio-8080-exec-9] horizationManagerBeforeMethodInterceptor : Authorized method invocation ReflectiveMethodInvocation: public org.springframework.http.ResponseEntity com.cm.cinematchapp.controllers.ImageController.getAvatar() throws java.io.IOException; target is of class [com.cm.cinematchapp.controllers.ImageController]
2023-11-30T02:04:22.095-07:00 DEBUG 36396 --- [http-nio-8080-exec-9] org.hibernate.SQL                        : 
    select
        u1_0.user_id,
        u1_0.avatar_id,
        u1_0.email,
        u1_0.first_name,
        u1_0.last_name,
        u1_0.password,
        u1_0.username 
    from
        user u1_0 
    where
        upper(u1_0.username)=upper(?)
2023-11-30T02:04:22.095-07:00 DEBUG 36396 --- [http-nio-8080-exec-9] org.hibernate.SQL                        : 
    select
        a1_0.avatar_id,
        a1_0.file_name,
        a1_0.path,
        a1_0.file_size 
    from
        avatar a1_0 
    where
        a1_0.avatar_id=?
2023-11-30T02:04:22.096-07:00 DEBUG 36396 --- [http-nio-8080-exec-9] org.hibernate.SQL                        : 
    select
        r1_0.user_id,
        r1_1.role_id,
        r1_1.name 
    from
        user_roles r1_0 
    join
        role r1_1 
            on r1_1.role_id=r1_0.role_id 
    where
        r1_0.user_id=?
2023-11-30T02:04:22.097-07:00 DEBUG 36396 --- [http-nio-8080-exec-9] org.hibernate.SQL                        : 
    select
        case 
            when count(u1_0.avatar_id)>0 then 1 
            else 0 
        end 
    from
        user u1_0 
    where
        u1_0.user_id=?
2023-11-30T02:04:30.168-07:00 DEBUG 36396 --- [http-nio-8080-exec-4] o.s.security.web.FilterChainProxy        : Securing OPTIONS /api/actions/login
2023-11-30T02:04:30.169-07:00 DEBUG 36396 --- [http-nio-8080-exec-1] o.s.security.web.FilterChainProxy        : Securing POST /api/actions/login
2023-11-30T02:04:30.169-07:00 DEBUG 36396 --- [http-nio-8080-exec-1] o.s.s.w.a.AnonymousAuthenticationFilter  : Set SecurityContextHolder to anonymous SecurityContext
2023-11-30T02:04:30.170-07:00 DEBUG 36396 --- [http-nio-8080-exec-1] o.s.security.web.FilterChainProxy        : Secured POST /api/actions/login
2023-11-30T02:04:30.171-07:00 DEBUG 36396 --- [http-nio-8080-exec-1] org.hibernate.SQL                        : 
    select
        u1_0.user_id 
    from
        user u1_0 
    where
        u1_0.username=? limit ?
2023-11-30T02:04:30.171-07:00  INFO 36396 --- [http-nio-8080-exec-1] c.c.c.s.JwtAuthenticationProvider        : authenticate, username:Admin1, password:password123?
2023-11-30T02:04:30.172-07:00 DEBUG 36396 --- [http-nio-8080-exec-1] org.hibernate.SQL                        : 
    select
        u1_0.user_id,
        u1_0.avatar_id,
        u1_0.email,
        u1_0.first_name,
        u1_0.last_name,
        u1_0.password,
        u1_0.username 
    from
        user u1_0 
    where
        upper(u1_0.username)=upper(?)
2023-11-30T02:04:30.172-07:00 DEBUG 36396 --- [http-nio-8080-exec-1] org.hibernate.SQL                        : 
    select
        r1_0.user_id,
        r1_1.role_id,
        r1_1.name 
    from
        user_roles r1_0 
    join
        role r1_1 
            on r1_1.role_id=r1_0.role_id 
    where
        r1_0.user_id=?
2023-11-30T02:04:30.173-07:00  INFO 36396 --- [http-nio-8080-exec-1] c.c.c.s.JwtAuthenticationProvider        : [ROLE_USER, ROLE_ADMIN]
2023-11-30T02:04:30.243-07:00 DEBUG 36396 --- [http-nio-8080-exec-6] o.s.security.web.FilterChainProxy        : Securing OPTIONS /api/entities/user
2023-11-30T02:04:30.244-07:00 DEBUG 36396 --- [http-nio-8080-exec-10] o.s.security.web.FilterChainProxy        : Securing GET /api/entities/user
2023-11-30T02:04:30.245-07:00  INFO 36396 --- [http-nio-8080-exec-10] c.c.c.security.JwtAuthenticationFilter   : authToken:eyJ0eXAiOiJKV1QiLCJhbGciOiJIUzI1NiJ9.eyJleHAiOjE3MDEzMzg2NzAsInVzZXJuYW1lIjoiQWRtaW4xIn0.Gzx9GlnTu1aYyvwAEouDpx8-TYWEXo8a3_pUTS47oWk
2023-11-30T02:04:30.245-07:00  INFO 36396 --- [http-nio-8080-exec-10] c.c.c.security.JwtAuthenticationFilter   : username: Admin1
2023-11-30T02:04:30.246-07:00 DEBUG 36396 --- [http-nio-8080-exec-10] org.hibernate.SQL                        : 
    select
        u1_0.user_id,
        u1_0.avatar_id,
        u1_0.email,
        u1_0.first_name,
        u1_0.last_name,
        u1_0.password,
        u1_0.username 
    from
        user u1_0 
    where
        upper(u1_0.username)=upper(?)
2023-11-30T02:04:30.246-07:00 DEBUG 36396 --- [http-nio-8080-exec-10] org.hibernate.SQL                        : 
    select
        r1_0.user_id,
        r1_1.role_id,
        r1_1.name 
    from
        user_roles r1_0 
    join
        role r1_1 
            on r1_1.role_id=r1_0.role_id 
    where
        r1_0.user_id=?
2023-11-30T02:04:30.247-07:00  INFO 36396 --- [http-nio-8080-exec-10] c.c.c.security.JwtAuthenticationFilter   : Authorities: [ROLE_USER, ROLE_ADMIN]
2023-11-30T02:04:30.247-07:00  INFO 36396 --- [http-nio-8080-exec-10] c.c.c.security.JwtAuthenticationFilter   : SecurityContextImpl [Authentication=UsernamePasswordAuthenticationToken [Principal=Admin1, Credentials=[PROTECTED], Authenticated=true, Details=WebAuthenticationDetails [RemoteIpAddress=0:0:0:0:0:0:0:1, SessionId=null], Granted Authorities=[ROLE_USER, ROLE_ADMIN]]]
2023-11-30T02:04:30.248-07:00 DEBUG 36396 --- [http-nio-8080-exec-10] o.s.security.web.FilterChainProxy        : Secured GET /api/entities/user
2023-11-30T02:04:30.248-07:00 DEBUG 36396 --- [http-nio-8080-exec-10] horizationManagerBeforeMethodInterceptor : Authorizing method invocation ReflectiveMethodInvocation: public org.springframework.http.ResponseEntity com.cm.cinematchapp.controllers.EntityController.getCurrentUser(); target is of class [com.cm.cinematchapp.controllers.EntityController]
2023-11-30T02:04:30.248-07:00 DEBUG 36396 --- [http-nio-8080-exec-10] horizationManagerBeforeMethodInterceptor : Authorized method invocation ReflectiveMethodInvocation: public org.springframework.http.ResponseEntity com.cm.cinematchapp.controllers.EntityController.getCurrentUser(); target is of class [com.cm.cinematchapp.controllers.EntityController]
2023-11-30T02:04:30.248-07:00 DEBUG 36396 --- [http-nio-8080-exec-10] org.hibernate.SQL                        : 
    select
        u1_0.user_id,
        u1_0.avatar_id,
        u1_0.email,
        u1_0.first_name,
        u1_0.last_name,
        u1_0.password,
        u1_0.username 
    from
        user u1_0 
    where
        upper(u1_0.username)=upper(?)
2023-11-30T02:04:30.249-07:00 DEBUG 36396 --- [http-nio-8080-exec-10] org.hibernate.SQL                        : 
    select
        r1_0.user_id,
        r1_1.role_id,
        r1_1.name 
    from
        user_roles r1_0 
    join
        role r1_1 
            on r1_1.role_id=r1_0.role_id 
    where
        r1_0.user_id=?
2023-11-30T02:04:30.249-07:00 DEBUG 36396 --- [http-nio-8080-exec-10] org.hibernate.SQL                        : 
    select
        u1_0.user_id,
        u1_0.avatar_id,
        u1_0.email,
        u1_0.first_name,
        u1_0.last_name,
        u1_0.password,
        u1_0.username 
    from
        user u1_0 
    where
        u1_0.user_id=?
2023-11-30T02:04:30.269-07:00 DEBUG 36396 --- [http-nio-8080-exec-7] o.s.security.web.FilterChainProxy        : Securing OPTIONS /api/entities/movies
2023-11-30T02:04:30.272-07:00 DEBUG 36396 --- [http-nio-8080-exec-2] o.s.security.web.FilterChainProxy        : Securing GET /api/entities/movies
2023-11-30T02:04:30.272-07:00  INFO 36396 --- [http-nio-8080-exec-2] c.c.c.security.JwtAuthenticationFilter   : authToken:eyJ0eXAiOiJKV1QiLCJhbGciOiJIUzI1NiJ9.eyJleHAiOjE3MDEzMzg2NzAsInVzZXJuYW1lIjoiQWRtaW4xIn0.Gzx9GlnTu1aYyvwAEouDpx8-TYWEXo8a3_pUTS47oWk
2023-11-30T02:04:30.272-07:00  INFO 36396 --- [http-nio-8080-exec-2] c.c.c.security.JwtAuthenticationFilter   : username: Admin1
2023-11-30T02:04:30.273-07:00 DEBUG 36396 --- [http-nio-8080-exec-2] org.hibernate.SQL                        : 
    select
        u1_0.user_id,
        u1_0.avatar_id,
        u1_0.email,
        u1_0.first_name,
        u1_0.last_name,
        u1_0.password,
        u1_0.username 
    from
        user u1_0 
    where
        upper(u1_0.username)=upper(?)
2023-11-30T02:04:30.274-07:00 DEBUG 36396 --- [http-nio-8080-exec-2] org.hibernate.SQL                        : 
    select
        r1_0.user_id,
        r1_1.role_id,
        r1_1.name 
    from
        user_roles r1_0 
    join
        role r1_1 
            on r1_1.role_id=r1_0.role_id 
    where
        r1_0.user_id=?
2023-11-30T02:04:30.274-07:00  INFO 36396 --- [http-nio-8080-exec-2] c.c.c.security.JwtAuthenticationFilter   : Authorities: [ROLE_USER, ROLE_ADMIN]
2023-11-30T02:04:30.275-07:00  INFO 36396 --- [http-nio-8080-exec-2] c.c.c.security.JwtAuthenticationFilter   : SecurityContextImpl [Authentication=UsernamePasswordAuthenticationToken [Principal=Admin1, Credentials=[PROTECTED], Authenticated=true, Details=WebAuthenticationDetails [RemoteIpAddress=0:0:0:0:0:0:0:1, SessionId=null], Granted Authorities=[ROLE_USER, ROLE_ADMIN]]]
2023-11-30T02:04:30.275-07:00 DEBUG 36396 --- [http-nio-8080-exec-2] o.s.security.web.FilterChainProxy        : Secured GET /api/entities/movies
2023-11-30T02:04:30.275-07:00 DEBUG 36396 --- [http-nio-8080-exec-2] horizationManagerBeforeMethodInterceptor : Authorizing method invocation ReflectiveMethodInvocation: public org.springframework.http.ResponseEntity com.cm.cinematchapp.controllers.EntityController.getAllMovies(); target is of class [com.cm.cinematchapp.controllers.EntityController]
2023-11-30T02:04:30.275-07:00 DEBUG 36396 --- [http-nio-8080-exec-2] horizationManagerBeforeMethodInterceptor : Authorized method invocation ReflectiveMethodInvocation: public org.springframework.http.ResponseEntity com.cm.cinematchapp.controllers.EntityController.getAllMovies(); target is of class [com.cm.cinematchapp.controllers.EntityController]
2023-11-30T02:04:30.276-07:00 DEBUG 36396 --- [http-nio-8080-exec-2] org.hibernate.SQL                        : 
    select
        m1_0.movie_id,
        m1_0.description,
        m1_0.poster_id,
        m1_0.rated,
        m1_0.title,
        m1_0.year 
    from
        movie m1_0
2023-11-30T02:04:30.277-07:00 DEBUG 36396 --- [http-nio-8080-exec-2] org.hibernate.SQL                        : 
    select
        m1_0.poster_id,
        m1_0.file_name,
        m1_0.path,
        m1_0.file_size 
    from
        movie_poster m1_0 
    where
        m1_0.poster_id=?
2023-11-30T02:04:30.277-07:00 DEBUG 36396 --- [http-nio-8080-exec-2] org.hibernate.SQL                        : 
    select
        m1_0.poster_id,
        m1_0.file_name,
        m1_0.path,
        m1_0.file_size 
    from
        movie_poster m1_0 
    where
        m1_0.poster_id=?
2023-11-30T02:04:30.277-07:00 DEBUG 36396 --- [http-nio-8080-exec-2] org.hibernate.SQL                        : 
    select
        m1_0.poster_id,
        m1_0.file_name,
        m1_0.path,
        m1_0.file_size 
    from
        movie_poster m1_0 
    where
        m1_0.poster_id=?
2023-11-30T02:04:30.277-07:00 DEBUG 36396 --- [http-nio-8080-exec-2] org.hibernate.SQL                        : 
    select
        m1_0.poster_id,
        m1_0.file_name,
        m1_0.path,
        m1_0.file_size 
    from
        movie_poster m1_0 
    where
        m1_0.poster_id=?
2023-11-30T02:04:30.278-07:00 DEBUG 36396 --- [http-nio-8080-exec-2] org.hibernate.SQL                        : 
    select
        m1_0.poster_id,
        m1_0.file_name,
        m1_0.path,
        m1_0.file_size 
    from
        movie_poster m1_0 
    where
        m1_0.poster_id=?
2023-11-30T02:04:30.278-07:00 DEBUG 36396 --- [http-nio-8080-exec-2] org.hibernate.SQL                        : 
    select
        m1_0.poster_id,
        m1_0.file_name,
        m1_0.path,
        m1_0.file_size 
    from
        movie_poster m1_0 
    where
        m1_0.poster_id=?
2023-11-30T02:04:30.278-07:00 DEBUG 36396 --- [http-nio-8080-exec-2] org.hibernate.SQL                        : 
    select
        m1_0.poster_id,
        m1_0.file_name,
        m1_0.path,
        m1_0.file_size 
    from
        movie_poster m1_0 
    where
        m1_0.poster_id=?
2023-11-30T02:04:30.278-07:00 DEBUG 36396 --- [http-nio-8080-exec-2] org.hibernate.SQL                        : 
    select
        m1_0.poster_id,
        m1_0.file_name,
        m1_0.path,
        m1_0.file_size 
    from
        movie_poster m1_0 
    where
        m1_0.poster_id=?
2023-11-30T02:04:30.279-07:00 DEBUG 36396 --- [http-nio-8080-exec-2] org.hibernate.SQL                        : 
    select
        m1_0.poster_id,
        m1_0.file_name,
        m1_0.path,
        m1_0.file_size 
    from
        movie_poster m1_0 
    where
        m1_0.poster_id=?
2023-11-30T02:04:30.279-07:00 DEBUG 36396 --- [http-nio-8080-exec-2] org.hibernate.SQL                        : 
    select
        m1_0.poster_id,
        m1_0.file_name,
        m1_0.path,
        m1_0.file_size 
    from
        movie_poster m1_0 
    where
        m1_0.poster_id=?
2023-11-30T02:04:30.279-07:00 DEBUG 36396 --- [http-nio-8080-exec-2] org.hibernate.SQL                        : 
    select
        m1_0.poster_id,
        m1_0.file_name,
        m1_0.path,
        m1_0.file_size 
    from
        movie_poster m1_0 
    where
        m1_0.poster_id=?
2023-11-30T02:04:30.279-07:00 DEBUG 36396 --- [http-nio-8080-exec-2] org.hibernate.SQL                        : 
    select
        m1_0.poster_id,
        m1_0.file_name,
        m1_0.path,
        m1_0.file_size 
    from
        movie_poster m1_0 
    where
        m1_0.poster_id=?
2023-11-30T02:04:30.279-07:00 DEBUG 36396 --- [http-nio-8080-exec-2] org.hibernate.SQL                        : 
    select
        m1_0.poster_id,
        m1_0.file_name,
        m1_0.path,
        m1_0.file_size 
    from
        movie_poster m1_0 
    where
        m1_0.poster_id=?
2023-11-30T02:04:30.280-07:00 DEBUG 36396 --- [http-nio-8080-exec-2] org.hibernate.SQL                        : 
    select
        m1_0.poster_id,
        m1_0.file_name,
        m1_0.path,
        m1_0.file_size 
    from
        movie_poster m1_0 
    where
        m1_0.poster_id=?
2023-11-30T02:04:30.281-07:00 DEBUG 36396 --- [http-nio-8080-exec-2] org.hibernate.SQL                        : 
    select
        c1_0.streaming_info_id,
        c1_0.link,
        c1_0.service,
        c1_0.streaming_type 
    from
        country_info c1_0 
    where
        c1_0.streaming_info_id=?
2023-11-30T02:04:30.282-07:00 DEBUG 36396 --- [http-nio-8080-exec-2] org.hibernate.SQL                        : 
    select
        c1_0.streaming_info_id,
        c1_0.link,
        c1_0.service,
        c1_0.streaming_type 
    from
        country_info c1_0 
    where
        c1_0.streaming_info_id=?
2023-11-30T02:04:30.283-07:00 DEBUG 36396 --- [http-nio-8080-exec-2] org.hibernate.SQL                        : 
    select
        c1_0.streaming_info_id,
        c1_0.link,
        c1_0.service,
        c1_0.streaming_type 
    from
        country_info c1_0 
    where
        c1_0.streaming_info_id=?
2023-11-30T02:04:30.283-07:00 DEBUG 36396 --- [http-nio-8080-exec-2] org.hibernate.SQL                        : 
    select
        c1_0.streaming_info_id,
        c1_0.link,
        c1_0.service,
        c1_0.streaming_type 
    from
        country_info c1_0 
    where
        c1_0.streaming_info_id=?
2023-11-30T02:04:30.284-07:00 DEBUG 36396 --- [http-nio-8080-exec-2] org.hibernate.SQL                        : 
    select
        c1_0.streaming_info_id,
        c1_0.link,
        c1_0.service,
        c1_0.streaming_type 
    from
        country_info c1_0 
    where
        c1_0.streaming_info_id=?
2023-11-30T02:04:30.284-07:00 DEBUG 36396 --- [http-nio-8080-exec-2] org.hibernate.SQL                        : 
    select
        c1_0.streaming_info_id,
        c1_0.link,
        c1_0.service,
        c1_0.streaming_type 
    from
        country_info c1_0 
    where
        c1_0.streaming_info_id=?
2023-11-30T02:04:30.285-07:00 DEBUG 36396 --- [http-nio-8080-exec-2] org.hibernate.SQL                        : 
    select
        c1_0.streaming_info_id,
        c1_0.link,
        c1_0.service,
        c1_0.streaming_type 
    from
        country_info c1_0 
    where
        c1_0.streaming_info_id=?
2023-11-30T02:04:30.285-07:00 DEBUG 36396 --- [http-nio-8080-exec-2] org.hibernate.SQL                        : 
    select
        c1_0.streaming_info_id,
        c1_0.link,
        c1_0.service,
        c1_0.streaming_type 
    from
        country_info c1_0 
    where
        c1_0.streaming_info_id=?
2023-11-30T02:04:30.285-07:00 DEBUG 36396 --- [http-nio-8080-exec-2] org.hibernate.SQL                        : 
    select
        c1_0.streaming_info_id,
        c1_0.link,
        c1_0.service,
        c1_0.streaming_type 
    from
        country_info c1_0 
    where
        c1_0.streaming_info_id=?
2023-11-30T02:04:30.286-07:00 DEBUG 36396 --- [http-nio-8080-exec-2] org.hibernate.SQL                        : 
    select
        c1_0.streaming_info_id,
        c1_0.link,
        c1_0.service,
        c1_0.streaming_type 
    from
        country_info c1_0 
    where
        c1_0.streaming_info_id=?
2023-11-30T02:04:30.286-07:00 DEBUG 36396 --- [http-nio-8080-exec-2] org.hibernate.SQL                        : 
    select
        c1_0.streaming_info_id,
        c1_0.link,
        c1_0.service,
        c1_0.streaming_type 
    from
        country_info c1_0 
    where
        c1_0.streaming_info_id=?
2023-11-30T02:04:30.287-07:00 DEBUG 36396 --- [http-nio-8080-exec-2] org.hibernate.SQL                        : 
    select
        c1_0.streaming_info_id,
        c1_0.link,
        c1_0.service,
        c1_0.streaming_type 
    from
        country_info c1_0 
    where
        c1_0.streaming_info_id=?
2023-11-30T02:04:30.287-07:00 DEBUG 36396 --- [http-nio-8080-exec-2] org.hibernate.SQL                        : 
    select
        c1_0.streaming_info_id,
        c1_0.link,
        c1_0.service,
        c1_0.streaming_type 
    from
        country_info c1_0 
    where
        c1_0.streaming_info_id=?
2023-11-30T02:04:30.288-07:00 DEBUG 36396 --- [http-nio-8080-exec-2] org.hibernate.SQL                        : 
    select
        c1_0.streaming_info_id,
        c1_0.link,
        c1_0.service,
        c1_0.streaming_type 
    from
        country_info c1_0 
    where
        c1_0.streaming_info_id=?
2023-11-30T02:04:43.894-07:00 DEBUG 36396 --- [http-nio-8080-exec-5] o.s.security.web.FilterChainProxy        : Securing OPTIONS /api/actions/movie/search
2023-11-30T02:04:43.895-07:00 DEBUG 36396 --- [http-nio-8080-exec-3] o.s.security.web.FilterChainProxy        : Securing POST /api/actions/movie/search
2023-11-30T02:04:43.896-07:00  INFO 36396 --- [http-nio-8080-exec-3] c.c.c.security.JwtAuthenticationFilter   : authToken:eyJ0eXAiOiJKV1QiLCJhbGciOiJIUzI1NiJ9.eyJleHAiOjE3MDEzMzg2NzAsInVzZXJuYW1lIjoiQWRtaW4xIn0.Gzx9GlnTu1aYyvwAEouDpx8-TYWEXo8a3_pUTS47oWk
2023-11-30T02:04:43.896-07:00  INFO 36396 --- [http-nio-8080-exec-3] c.c.c.security.JwtAuthenticationFilter   : username: Admin1
2023-11-30T02:04:43.897-07:00 DEBUG 36396 --- [http-nio-8080-exec-3] org.hibernate.SQL                        : 
    select
        u1_0.user_id,
        u1_0.avatar_id,
        u1_0.email,
        u1_0.first_name,
        u1_0.last_name,
        u1_0.password,
        u1_0.username 
    from
        user u1_0 
    where
        upper(u1_0.username)=upper(?)
2023-11-30T02:04:43.897-07:00 DEBUG 36396 --- [http-nio-8080-exec-3] org.hibernate.SQL                        : 
    select
        r1_0.user_id,
        r1_1.role_id,
        r1_1.name 
    from
        user_roles r1_0 
    join
        role r1_1 
            on r1_1.role_id=r1_0.role_id 
    where
        r1_0.user_id=?
2023-11-30T02:04:43.898-07:00  INFO 36396 --- [http-nio-8080-exec-3] c.c.c.security.JwtAuthenticationFilter   : Authorities: [ROLE_USER, ROLE_ADMIN]
2023-11-30T02:04:43.898-07:00  INFO 36396 --- [http-nio-8080-exec-3] c.c.c.security.JwtAuthenticationFilter   : SecurityContextImpl [Authentication=UsernamePasswordAuthenticationToken [Principal=Admin1, Credentials=[PROTECTED], Authenticated=true, Details=WebAuthenticationDetails [RemoteIpAddress=0:0:0:0:0:0:0:1, SessionId=null], Granted Authorities=[ROLE_USER, ROLE_ADMIN]]]
2023-11-30T02:04:43.898-07:00 DEBUG 36396 --- [http-nio-8080-exec-3] o.s.security.web.FilterChainProxy        : Secured POST /api/actions/movie/search
2023-11-30T02:04:43.899-07:00 DEBUG 36396 --- [http-nio-8080-exec-3] horizationManagerBeforeMethodInterceptor : Authorizing method invocation ReflectiveMethodInvocation: public org.springframework.http.ResponseEntity com.cm.cinematchapp.controllers.ActionController.searchForMovie(java.lang.String); target is of class [com.cm.cinematchapp.controllers.ActionController]
2023-11-30T02:04:43.899-07:00 DEBUG 36396 --- [http-nio-8080-exec-3] horizationManagerBeforeMethodInterceptor : Authorized method invocation ReflectiveMethodInvocation: public org.springframework.http.ResponseEntity com.cm.cinematchapp.controllers.ActionController.searchForMovie(java.lang.String); target is of class [com.cm.cinematchapp.controllers.ActionController]
2023-11-30T02:04:50.004-07:00 DEBUG 36396 --- [http-nio-8080-exec-8] o.s.security.web.FilterChainProxy        : Securing OPTIONS /api/actions/movie/add
2023-11-30T02:04:50.006-07:00 DEBUG 36396 --- [http-nio-8080-exec-9] o.s.security.web.FilterChainProxy        : Securing POST /api/actions/movie/add
2023-11-30T02:04:50.007-07:00  INFO 36396 --- [http-nio-8080-exec-9] c.c.c.security.JwtAuthenticationFilter   : authToken:eyJ0eXAiOiJKV1QiLCJhbGciOiJIUzI1NiJ9.eyJleHAiOjE3MDEzMzg2NzAsInVzZXJuYW1lIjoiQWRtaW4xIn0.Gzx9GlnTu1aYyvwAEouDpx8-TYWEXo8a3_pUTS47oWk
2023-11-30T02:04:50.007-07:00  INFO 36396 --- [http-nio-8080-exec-9] c.c.c.security.JwtAuthenticationFilter   : username: Admin1
2023-11-30T02:04:50.008-07:00 DEBUG 36396 --- [http-nio-8080-exec-9] org.hibernate.SQL                        : 
    select
        u1_0.user_id,
        u1_0.avatar_id,
        u1_0.email,
        u1_0.first_name,
        u1_0.last_name,
        u1_0.password,
        u1_0.username 
    from
        user u1_0 
    where
        upper(u1_0.username)=upper(?)
2023-11-30T02:04:50.009-07:00 DEBUG 36396 --- [http-nio-8080-exec-9] org.hibernate.SQL                        : 
    select
        r1_0.user_id,
        r1_1.role_id,
        r1_1.name 
    from
        user_roles r1_0 
    join
        role r1_1 
            on r1_1.role_id=r1_0.role_id 
    where
        r1_0.user_id=?
2023-11-30T02:04:50.009-07:00  INFO 36396 --- [http-nio-8080-exec-9] c.c.c.security.JwtAuthenticationFilter   : Authorities: [ROLE_USER, ROLE_ADMIN]
2023-11-30T02:04:50.010-07:00  INFO 36396 --- [http-nio-8080-exec-9] c.c.c.security.JwtAuthenticationFilter   : SecurityContextImpl [Authentication=UsernamePasswordAuthenticationToken [Principal=Admin1, Credentials=[PROTECTED], Authenticated=true, Details=WebAuthenticationDetails [RemoteIpAddress=0:0:0:0:0:0:0:1, SessionId=null], Granted Authorities=[ROLE_USER, ROLE_ADMIN]]]
2023-11-30T02:04:50.010-07:00 DEBUG 36396 --- [http-nio-8080-exec-9] o.s.security.web.FilterChainProxy        : Secured POST /api/actions/movie/add
2023-11-30T02:04:50.014-07:00 DEBUG 36396 --- [http-nio-8080-exec-9] horizationManagerBeforeMethodInterceptor : Authorizing method invocation ReflectiveMethodInvocation: public org.springframework.http.ResponseEntity com.cm.cinematchapp.controllers.ActionController.createMovie(com.cm.cinematchapp.entities.Movie); target is of class [com.cm.cinematchapp.controllers.ActionController]
2023-11-30T02:04:50.014-07:00 DEBUG 36396 --- [http-nio-8080-exec-9] horizationManagerBeforeMethodInterceptor : Authorized method invocation ReflectiveMethodInvocation: public org.springframework.http.ResponseEntity com.cm.cinematchapp.controllers.ActionController.createMovie(com.cm.cinematchapp.entities.Movie); target is of class [com.cm.cinematchapp.controllers.ActionController]
2023-11-30T02:04:50.474-07:00 DEBUG 36396 --- [http-nio-8080-exec-9] org.hibernate.SQL                        : 
    insert 
    into
        movie_poster
        (file_name,path,file_size) 
    values
        (?,?,?)
2023-11-30T02:04:50.476-07:00 DEBUG 36396 --- [http-nio-8080-exec-9] org.hibernate.SQL                        : 
    insert 
    into
        movie
        (description,poster_id,rated,title,year) 
    values
        (?,?,?,?,?)
2023-11-30T02:04:50.479-07:00 DEBUG 36396 --- [http-nio-8080-exec-9] org.hibernate.SQL                        : 
    insert 
    into
        country_info
        (streaming_info_id,link,service,streaming_type) 
    values
        (?,?,?,?)
2023-11-30T02:04:50.479-07:00 DEBUG 36396 --- [http-nio-8080-exec-9] org.hibernate.SQL                        : 
    insert 
    into
        country_info
        (streaming_info_id,link,service,streaming_type) 
    values
        (?,?,?,?)
2023-11-30T02:04:50.480-07:00 DEBUG 36396 --- [http-nio-8080-exec-9] org.hibernate.SQL                        : 
    insert 
    into
        country_info
        (streaming_info_id,link,service,streaming_type) 
    values
        (?,?,?,?)
2023-11-30T02:04:54.917-07:00 DEBUG 36396 --- [http-nio-8080-exec-4] o.s.security.web.FilterChainProxy        : Securing OPTIONS /api/entities/movies
2023-11-30T02:04:54.926-07:00 DEBUG 36396 --- [http-nio-8080-exec-1] o.s.security.web.FilterChainProxy        : Securing GET /api/entities/movies
2023-11-30T02:04:54.926-07:00  INFO 36396 --- [http-nio-8080-exec-1] c.c.c.security.JwtAuthenticationFilter   : authToken:eyJ0eXAiOiJKV1QiLCJhbGciOiJIUzI1NiJ9.eyJleHAiOjE3MDEzMzg2NzAsInVzZXJuYW1lIjoiQWRtaW4xIn0.Gzx9GlnTu1aYyvwAEouDpx8-TYWEXo8a3_pUTS47oWk
2023-11-30T02:04:54.927-07:00  INFO 36396 --- [http-nio-8080-exec-1] c.c.c.security.JwtAuthenticationFilter   : username: Admin1
2023-11-30T02:04:54.928-07:00 DEBUG 36396 --- [http-nio-8080-exec-1] org.hibernate.SQL                        : 
    select
        u1_0.user_id,
        u1_0.avatar_id,
        u1_0.email,
        u1_0.first_name,
        u1_0.last_name,
        u1_0.password,
        u1_0.username 
    from
        user u1_0 
    where
        upper(u1_0.username)=upper(?)
2023-11-30T02:04:54.929-07:00 DEBUG 36396 --- [http-nio-8080-exec-1] org.hibernate.SQL                        : 
    select
        r1_0.user_id,
        r1_1.role_id,
        r1_1.name 
    from
        user_roles r1_0 
    join
        role r1_1 
            on r1_1.role_id=r1_0.role_id 
    where
        r1_0.user_id=?
2023-11-30T02:04:54.930-07:00  INFO 36396 --- [http-nio-8080-exec-1] c.c.c.security.JwtAuthenticationFilter   : Authorities: [ROLE_USER, ROLE_ADMIN]
2023-11-30T02:04:54.931-07:00  INFO 36396 --- [http-nio-8080-exec-1] c.c.c.security.JwtAuthenticationFilter   : SecurityContextImpl [Authentication=UsernamePasswordAuthenticationToken [Principal=Admin1, Credentials=[PROTECTED], Authenticated=true, Details=WebAuthenticationDetails [RemoteIpAddress=0:0:0:0:0:0:0:1, SessionId=null], Granted Authorities=[ROLE_USER, ROLE_ADMIN]]]
2023-11-30T02:04:54.931-07:00 DEBUG 36396 --- [http-nio-8080-exec-1] o.s.security.web.FilterChainProxy        : Secured GET /api/entities/movies
2023-11-30T02:04:54.931-07:00 DEBUG 36396 --- [http-nio-8080-exec-1] horizationManagerBeforeMethodInterceptor : Authorizing method invocation ReflectiveMethodInvocation: public org.springframework.http.ResponseEntity com.cm.cinematchapp.controllers.EntityController.getAllMovies(); target is of class [com.cm.cinematchapp.controllers.EntityController]
2023-11-30T02:04:54.932-07:00 DEBUG 36396 --- [http-nio-8080-exec-1] horizationManagerBeforeMethodInterceptor : Authorized method invocation ReflectiveMethodInvocation: public org.springframework.http.ResponseEntity com.cm.cinematchapp.controllers.EntityController.getAllMovies(); target is of class [com.cm.cinematchapp.controllers.EntityController]
2023-11-30T02:04:54.932-07:00 DEBUG 36396 --- [http-nio-8080-exec-1] org.hibernate.SQL                        : 
    select
        m1_0.movie_id,
        m1_0.description,
        m1_0.poster_id,
        m1_0.rated,
        m1_0.title,
        m1_0.year 
    from
        movie m1_0
2023-11-30T02:04:54.933-07:00 DEBUG 36396 --- [http-nio-8080-exec-1] org.hibernate.SQL                        : 
    select
        m1_0.poster_id,
        m1_0.file_name,
        m1_0.path,
        m1_0.file_size 
    from
        movie_poster m1_0 
    where
        m1_0.poster_id=?
2023-11-30T02:04:54.933-07:00 DEBUG 36396 --- [http-nio-8080-exec-1] org.hibernate.SQL                        : 
    select
        m1_0.poster_id,
        m1_0.file_name,
        m1_0.path,
        m1_0.file_size 
    from
        movie_poster m1_0 
    where
        m1_0.poster_id=?
2023-11-30T02:04:54.934-07:00 DEBUG 36396 --- [http-nio-8080-exec-1] org.hibernate.SQL                        : 
    select
        m1_0.poster_id,
        m1_0.file_name,
        m1_0.path,
        m1_0.file_size 
    from
        movie_poster m1_0 
    where
        m1_0.poster_id=?
2023-11-30T02:04:54.934-07:00 DEBUG 36396 --- [http-nio-8080-exec-1] org.hibernate.SQL                        : 
    select
        m1_0.poster_id,
        m1_0.file_name,
        m1_0.path,
        m1_0.file_size 
    from
        movie_poster m1_0 
    where
        m1_0.poster_id=?
2023-11-30T02:04:54.935-07:00 DEBUG 36396 --- [http-nio-8080-exec-1] org.hibernate.SQL                        : 
    select
        m1_0.poster_id,
        m1_0.file_name,
        m1_0.path,
        m1_0.file_size 
    from
        movie_poster m1_0 
    where
        m1_0.poster_id=?
2023-11-30T02:04:54.935-07:00 DEBUG 36396 --- [http-nio-8080-exec-1] org.hibernate.SQL                        : 
    select
        m1_0.poster_id,
        m1_0.file_name,
        m1_0.path,
        m1_0.file_size 
    from
        movie_poster m1_0 
    where
        m1_0.poster_id=?
2023-11-30T02:04:54.935-07:00 DEBUG 36396 --- [http-nio-8080-exec-1] org.hibernate.SQL                        : 
    select
        m1_0.poster_id,
        m1_0.file_name,
        m1_0.path,
        m1_0.file_size 
    from
        movie_poster m1_0 
    where
        m1_0.poster_id=?
2023-11-30T02:04:54.936-07:00 DEBUG 36396 --- [http-nio-8080-exec-1] org.hibernate.SQL                        : 
    select
        m1_0.poster_id,
        m1_0.file_name,
        m1_0.path,
        m1_0.file_size 
    from
        movie_poster m1_0 
    where
        m1_0.poster_id=?
2023-11-30T02:04:54.936-07:00 DEBUG 36396 --- [http-nio-8080-exec-1] org.hibernate.SQL                        : 
    select
        m1_0.poster_id,
        m1_0.file_name,
        m1_0.path,
        m1_0.file_size 
    from
        movie_poster m1_0 
    where
        m1_0.poster_id=?
2023-11-30T02:04:54.936-07:00 DEBUG 36396 --- [http-nio-8080-exec-1] org.hibernate.SQL                        : 
    select
        m1_0.poster_id,
        m1_0.file_name,
        m1_0.path,
        m1_0.file_size 
    from
        movie_poster m1_0 
    where
        m1_0.poster_id=?
2023-11-30T02:04:54.936-07:00 DEBUG 36396 --- [http-nio-8080-exec-1] org.hibernate.SQL                        : 
    select
        m1_0.poster_id,
        m1_0.file_name,
        m1_0.path,
        m1_0.file_size 
    from
        movie_poster m1_0 
    where
        m1_0.poster_id=?
2023-11-30T02:04:54.936-07:00 DEBUG 36396 --- [http-nio-8080-exec-1] org.hibernate.SQL                        : 
    select
        m1_0.poster_id,
        m1_0.file_name,
        m1_0.path,
        m1_0.file_size 
    from
        movie_poster m1_0 
    where
        m1_0.poster_id=?
2023-11-30T02:04:54.937-07:00 DEBUG 36396 --- [http-nio-8080-exec-1] org.hibernate.SQL                        : 
    select
        m1_0.poster_id,
        m1_0.file_name,
        m1_0.path,
        m1_0.file_size 
    from
        movie_poster m1_0 
    where
        m1_0.poster_id=?
2023-11-30T02:04:54.937-07:00 DEBUG 36396 --- [http-nio-8080-exec-1] org.hibernate.SQL                        : 
    select
        m1_0.poster_id,
        m1_0.file_name,
        m1_0.path,
        m1_0.file_size 
    from
        movie_poster m1_0 
    where
        m1_0.poster_id=?
2023-11-30T02:04:54.938-07:00 DEBUG 36396 --- [http-nio-8080-exec-1] org.hibernate.SQL                        : 
    select
        m1_0.poster_id,
        m1_0.file_name,
        m1_0.path,
        m1_0.file_size 
    from
        movie_poster m1_0 
    where
        m1_0.poster_id=?
2023-11-30T02:04:54.940-07:00 DEBUG 36396 --- [http-nio-8080-exec-1] org.hibernate.SQL                        : 
    select
        c1_0.streaming_info_id,
        c1_0.link,
        c1_0.service,
        c1_0.streaming_type 
    from
        country_info c1_0 
    where
        c1_0.streaming_info_id=?
2023-11-30T02:04:54.942-07:00 DEBUG 36396 --- [http-nio-8080-exec-1] org.hibernate.SQL                        : 
    select
        c1_0.streaming_info_id,
        c1_0.link,
        c1_0.service,
        c1_0.streaming_type 
    from
        country_info c1_0 
    where
        c1_0.streaming_info_id=?
2023-11-30T02:04:54.943-07:00 DEBUG 36396 --- [http-nio-8080-exec-1] org.hibernate.SQL                        : 
    select
        c1_0.streaming_info_id,
        c1_0.link,
        c1_0.service,
        c1_0.streaming_type 
    from
        country_info c1_0 
    where
        c1_0.streaming_info_id=?
2023-11-30T02:04:54.943-07:00 DEBUG 36396 --- [http-nio-8080-exec-1] org.hibernate.SQL                        : 
    select
        c1_0.streaming_info_id,
        c1_0.link,
        c1_0.service,
        c1_0.streaming_type 
    from
        country_info c1_0 
    where
        c1_0.streaming_info_id=?
2023-11-30T02:04:54.944-07:00 DEBUG 36396 --- [http-nio-8080-exec-1] org.hibernate.SQL                        : 
    select
        c1_0.streaming_info_id,
        c1_0.link,
        c1_0.service,
        c1_0.streaming_type 
    from
        country_info c1_0 
    where
        c1_0.streaming_info_id=?
2023-11-30T02:04:54.945-07:00 DEBUG 36396 --- [http-nio-8080-exec-1] org.hibernate.SQL                        : 
    select
        c1_0.streaming_info_id,
        c1_0.link,
        c1_0.service,
        c1_0.streaming_type 
    from
        country_info c1_0 
    where
        c1_0.streaming_info_id=?
2023-11-30T02:04:54.946-07:00 DEBUG 36396 --- [http-nio-8080-exec-1] org.hibernate.SQL                        : 
    select
        c1_0.streaming_info_id,
        c1_0.link,
        c1_0.service,
        c1_0.streaming_type 
    from
        country_info c1_0 
    where
        c1_0.streaming_info_id=?
2023-11-30T02:04:54.947-07:00 DEBUG 36396 --- [http-nio-8080-exec-1] org.hibernate.SQL                        : 
    select
        c1_0.streaming_info_id,
        c1_0.link,
        c1_0.service,
        c1_0.streaming_type 
    from
        country_info c1_0 
    where
        c1_0.streaming_info_id=?
2023-11-30T02:04:54.947-07:00 DEBUG 36396 --- [http-nio-8080-exec-1] org.hibernate.SQL                        : 
    select
        c1_0.streaming_info_id,
        c1_0.link,
        c1_0.service,
        c1_0.streaming_type 
    from
        country_info c1_0 
    where
        c1_0.streaming_info_id=?
2023-11-30T02:04:54.947-07:00 DEBUG 36396 --- [http-nio-8080-exec-1] org.hibernate.SQL                        : 
    select
        c1_0.streaming_info_id,
        c1_0.link,
        c1_0.service,
        c1_0.streaming_type 
    from
        country_info c1_0 
    where
        c1_0.streaming_info_id=?
2023-11-30T02:04:54.948-07:00 DEBUG 36396 --- [http-nio-8080-exec-1] org.hibernate.SQL                        : 
    select
        c1_0.streaming_info_id,
        c1_0.link,
        c1_0.service,
        c1_0.streaming_type 
    from
        country_info c1_0 
    where
        c1_0.streaming_info_id=?
2023-11-30T02:04:54.948-07:00 DEBUG 36396 --- [http-nio-8080-exec-1] org.hibernate.SQL                        : 
    select
        c1_0.streaming_info_id,
        c1_0.link,
        c1_0.service,
        c1_0.streaming_type 
    from
        country_info c1_0 
    where
        c1_0.streaming_info_id=?
2023-11-30T02:04:54.949-07:00 DEBUG 36396 --- [http-nio-8080-exec-1] org.hibernate.SQL                        : 
    select
        c1_0.streaming_info_id,
        c1_0.link,
        c1_0.service,
        c1_0.streaming_type 
    from
        country_info c1_0 
    where
        c1_0.streaming_info_id=?
2023-11-30T02:04:54.950-07:00 DEBUG 36396 --- [http-nio-8080-exec-1] org.hibernate.SQL                        : 
    select
        c1_0.streaming_info_id,
        c1_0.link,
        c1_0.service,
        c1_0.streaming_type 
    from
        country_info c1_0 
    where
        c1_0.streaming_info_id=?
2023-11-30T02:04:54.951-07:00 DEBUG 36396 --- [http-nio-8080-exec-1] org.hibernate.SQL                        : 
    select
        c1_0.streaming_info_id,
        c1_0.link,
        c1_0.service,
        c1_0.streaming_type 
    from
        country_info c1_0 
    where
        c1_0.streaming_info_id=?
2023-11-30T02:05:08.888-07:00 DEBUG 36396 --- [http-nio-8080-exec-6] o.s.security.web.FilterChainProxy        : Securing OPTIONS /api/entities/movies
2023-11-30T02:05:08.890-07:00 DEBUG 36396 --- [http-nio-8080-exec-10] o.s.security.web.FilterChainProxy        : Securing GET /api/entities/movies
2023-11-30T02:05:08.890-07:00  INFO 36396 --- [http-nio-8080-exec-10] c.c.c.security.JwtAuthenticationFilter   : authToken:eyJ0eXAiOiJKV1QiLCJhbGciOiJIUzI1NiJ9.eyJleHAiOjE3MDEzMzg2NzAsInVzZXJuYW1lIjoiQWRtaW4xIn0.Gzx9GlnTu1aYyvwAEouDpx8-TYWEXo8a3_pUTS47oWk
2023-11-30T02:05:08.891-07:00  INFO 36396 --- [http-nio-8080-exec-10] c.c.c.security.JwtAuthenticationFilter   : username: Admin1
2023-11-30T02:05:08.892-07:00 DEBUG 36396 --- [http-nio-8080-exec-10] org.hibernate.SQL                        : 
    select
        u1_0.user_id,
        u1_0.avatar_id,
        u1_0.email,
        u1_0.first_name,
        u1_0.last_name,
        u1_0.password,
        u1_0.username 
    from
        user u1_0 
    where
        upper(u1_0.username)=upper(?)
2023-11-30T02:05:08.892-07:00 DEBUG 36396 --- [http-nio-8080-exec-10] org.hibernate.SQL                        : 
    select
        r1_0.user_id,
        r1_1.role_id,
        r1_1.name 
    from
        user_roles r1_0 
    join
        role r1_1 
            on r1_1.role_id=r1_0.role_id 
    where
        r1_0.user_id=?
2023-11-30T02:05:08.893-07:00  INFO 36396 --- [http-nio-8080-exec-10] c.c.c.security.JwtAuthenticationFilter   : Authorities: [ROLE_USER, ROLE_ADMIN]
2023-11-30T02:05:08.893-07:00  INFO 36396 --- [http-nio-8080-exec-10] c.c.c.security.JwtAuthenticationFilter   : SecurityContextImpl [Authentication=UsernamePasswordAuthenticationToken [Principal=Admin1, Credentials=[PROTECTED], Authenticated=true, Details=WebAuthenticationDetails [RemoteIpAddress=0:0:0:0:0:0:0:1, SessionId=null], Granted Authorities=[ROLE_USER, ROLE_ADMIN]]]
2023-11-30T02:05:08.894-07:00 DEBUG 36396 --- [http-nio-8080-exec-10] o.s.security.web.FilterChainProxy        : Secured GET /api/entities/movies
2023-11-30T02:05:08.894-07:00 DEBUG 36396 --- [http-nio-8080-exec-10] horizationManagerBeforeMethodInterceptor : Authorizing method invocation ReflectiveMethodInvocation: public org.springframework.http.ResponseEntity com.cm.cinematchapp.controllers.EntityController.getAllMovies(); target is of class [com.cm.cinematchapp.controllers.EntityController]
2023-11-30T02:05:08.894-07:00 DEBUG 36396 --- [http-nio-8080-exec-10] horizationManagerBeforeMethodInterceptor : Authorized method invocation ReflectiveMethodInvocation: public org.springframework.http.ResponseEntity com.cm.cinematchapp.controllers.EntityController.getAllMovies(); target is of class [com.cm.cinematchapp.controllers.EntityController]
2023-11-30T02:05:08.895-07:00 DEBUG 36396 --- [http-nio-8080-exec-10] org.hibernate.SQL                        : 
    select
        m1_0.movie_id,
        m1_0.description,
        m1_0.poster_id,
        m1_0.rated,
        m1_0.title,
        m1_0.year 
    from
        movie m1_0
2023-11-30T02:05:08.895-07:00 DEBUG 36396 --- [http-nio-8080-exec-10] org.hibernate.SQL                        : 
    select
        m1_0.poster_id,
        m1_0.file_name,
        m1_0.path,
        m1_0.file_size 
    from
        movie_poster m1_0 
    where
        m1_0.poster_id=?
2023-11-30T02:05:08.896-07:00 DEBUG 36396 --- [http-nio-8080-exec-10] org.hibernate.SQL                        : 
    select
        m1_0.poster_id,
        m1_0.file_name,
        m1_0.path,
        m1_0.file_size 
    from
        movie_poster m1_0 
    where
        m1_0.poster_id=?
2023-11-30T02:05:08.896-07:00 DEBUG 36396 --- [http-nio-8080-exec-10] org.hibernate.SQL                        : 
    select
        m1_0.poster_id,
        m1_0.file_name,
        m1_0.path,
        m1_0.file_size 
    from
        movie_poster m1_0 
    where
        m1_0.poster_id=?
2023-11-30T02:05:08.896-07:00 DEBUG 36396 --- [http-nio-8080-exec-10] org.hibernate.SQL                        : 
    select
        m1_0.poster_id,
        m1_0.file_name,
        m1_0.path,
        m1_0.file_size 
    from
        movie_poster m1_0 
    where
        m1_0.poster_id=?
2023-11-30T02:05:08.896-07:00 DEBUG 36396 --- [http-nio-8080-exec-10] org.hibernate.SQL                        : 
    select
        m1_0.poster_id,
        m1_0.file_name,
        m1_0.path,
        m1_0.file_size 
    from
        movie_poster m1_0 
    where
        m1_0.poster_id=?
2023-11-30T02:05:08.897-07:00 DEBUG 36396 --- [http-nio-8080-exec-10] org.hibernate.SQL                        : 
    select
        m1_0.poster_id,
        m1_0.file_name,
        m1_0.path,
        m1_0.file_size 
    from
        movie_poster m1_0 
    where
        m1_0.poster_id=?
2023-11-30T02:05:08.897-07:00 DEBUG 36396 --- [http-nio-8080-exec-10] org.hibernate.SQL                        : 
    select
        m1_0.poster_id,
        m1_0.file_name,
        m1_0.path,
        m1_0.file_size 
    from
        movie_poster m1_0 
    where
        m1_0.poster_id=?
2023-11-30T02:05:08.897-07:00 DEBUG 36396 --- [http-nio-8080-exec-10] org.hibernate.SQL                        : 
    select
        m1_0.poster_id,
        m1_0.file_name,
        m1_0.path,
        m1_0.file_size 
    from
        movie_poster m1_0 
    where
        m1_0.poster_id=?
2023-11-30T02:05:08.898-07:00 DEBUG 36396 --- [http-nio-8080-exec-10] org.hibernate.SQL                        : 
    select
        m1_0.poster_id,
        m1_0.file_name,
        m1_0.path,
        m1_0.file_size 
    from
        movie_poster m1_0 
    where
        m1_0.poster_id=?
2023-11-30T02:05:08.898-07:00 DEBUG 36396 --- [http-nio-8080-exec-10] org.hibernate.SQL                        : 
    select
        m1_0.poster_id,
        m1_0.file_name,
        m1_0.path,
        m1_0.file_size 
    from
        movie_poster m1_0 
    where
        m1_0.poster_id=?
2023-11-30T02:05:08.898-07:00 DEBUG 36396 --- [http-nio-8080-exec-10] org.hibernate.SQL                        : 
    select
        m1_0.poster_id,
        m1_0.file_name,
        m1_0.path,
        m1_0.file_size 
    from
        movie_poster m1_0 
    where
        m1_0.poster_id=?
2023-11-30T02:05:08.899-07:00 DEBUG 36396 --- [http-nio-8080-exec-10] org.hibernate.SQL                        : 
    select
        m1_0.poster_id,
        m1_0.file_name,
        m1_0.path,
        m1_0.file_size 
    from
        movie_poster m1_0 
    where
        m1_0.poster_id=?
2023-11-30T02:05:08.899-07:00 DEBUG 36396 --- [http-nio-8080-exec-10] org.hibernate.SQL                        : 
    select
        m1_0.poster_id,
        m1_0.file_name,
        m1_0.path,
        m1_0.file_size 
    from
        movie_poster m1_0 
    where
        m1_0.poster_id=?
2023-11-30T02:05:08.899-07:00 DEBUG 36396 --- [http-nio-8080-exec-10] org.hibernate.SQL                        : 
    select
        m1_0.poster_id,
        m1_0.file_name,
        m1_0.path,
        m1_0.file_size 
    from
        movie_poster m1_0 
    where
        m1_0.poster_id=?
2023-11-30T02:05:08.899-07:00 DEBUG 36396 --- [http-nio-8080-exec-10] org.hibernate.SQL                        : 
    select
        m1_0.poster_id,
        m1_0.file_name,
        m1_0.path,
        m1_0.file_size 
    from
        movie_poster m1_0 
    where
        m1_0.poster_id=?
2023-11-30T02:05:08.901-07:00 DEBUG 36396 --- [http-nio-8080-exec-10] org.hibernate.SQL                        : 
    select
        c1_0.streaming_info_id,
        c1_0.link,
        c1_0.service,
        c1_0.streaming_type 
    from
        country_info c1_0 
    where
        c1_0.streaming_info_id=?
2023-11-30T02:05:08.902-07:00 DEBUG 36396 --- [http-nio-8080-exec-10] org.hibernate.SQL                        : 
    select
        c1_0.streaming_info_id,
        c1_0.link,
        c1_0.service,
        c1_0.streaming_type 
    from
        country_info c1_0 
    where
        c1_0.streaming_info_id=?
2023-11-30T02:05:08.902-07:00 DEBUG 36396 --- [http-nio-8080-exec-10] org.hibernate.SQL                        : 
    select
        c1_0.streaming_info_id,
        c1_0.link,
        c1_0.service,
        c1_0.streaming_type 
    from
        country_info c1_0 
    where
        c1_0.streaming_info_id=?
2023-11-30T02:05:08.903-07:00 DEBUG 36396 --- [http-nio-8080-exec-10] org.hibernate.SQL                        : 
    select
        c1_0.streaming_info_id,
        c1_0.link,
        c1_0.service,
        c1_0.streaming_type 
    from
        country_info c1_0 
    where
        c1_0.streaming_info_id=?
2023-11-30T02:05:08.903-07:00 DEBUG 36396 --- [http-nio-8080-exec-10] org.hibernate.SQL                        : 
    select
        c1_0.streaming_info_id,
        c1_0.link,
        c1_0.service,
        c1_0.streaming_type 
    from
        country_info c1_0 
    where
        c1_0.streaming_info_id=?
2023-11-30T02:05:08.904-07:00 DEBUG 36396 --- [http-nio-8080-exec-10] org.hibernate.SQL                        : 
    select
        c1_0.streaming_info_id,
        c1_0.link,
        c1_0.service,
        c1_0.streaming_type 
    from
        country_info c1_0 
    where
        c1_0.streaming_info_id=?
2023-11-30T02:05:08.904-07:00 DEBUG 36396 --- [http-nio-8080-exec-10] org.hibernate.SQL                        : 
    select
        c1_0.streaming_info_id,
        c1_0.link,
        c1_0.service,
        c1_0.streaming_type 
    from
        country_info c1_0 
    where
        c1_0.streaming_info_id=?
2023-11-30T02:05:08.905-07:00 DEBUG 36396 --- [http-nio-8080-exec-10] org.hibernate.SQL                        : 
    select
        c1_0.streaming_info_id,
        c1_0.link,
        c1_0.service,
        c1_0.streaming_type 
    from
        country_info c1_0 
    where
        c1_0.streaming_info_id=?
2023-11-30T02:05:08.905-07:00 DEBUG 36396 --- [http-nio-8080-exec-10] org.hibernate.SQL                        : 
    select
        c1_0.streaming_info_id,
        c1_0.link,
        c1_0.service,
        c1_0.streaming_type 
    from
        country_info c1_0 
    where
        c1_0.streaming_info_id=?
2023-11-30T02:05:08.905-07:00 DEBUG 36396 --- [http-nio-8080-exec-10] org.hibernate.SQL                        : 
    select
        c1_0.streaming_info_id,
        c1_0.link,
        c1_0.service,
        c1_0.streaming_type 
    from
        country_info c1_0 
    where
        c1_0.streaming_info_id=?
2023-11-30T02:05:08.906-07:00 DEBUG 36396 --- [http-nio-8080-exec-10] org.hibernate.SQL                        : 
    select
        c1_0.streaming_info_id,
        c1_0.link,
        c1_0.service,
        c1_0.streaming_type 
    from
        country_info c1_0 
    where
        c1_0.streaming_info_id=?
2023-11-30T02:05:08.906-07:00 DEBUG 36396 --- [http-nio-8080-exec-10] org.hibernate.SQL                        : 
    select
        c1_0.streaming_info_id,
        c1_0.link,
        c1_0.service,
        c1_0.streaming_type 
    from
        country_info c1_0 
    where
        c1_0.streaming_info_id=?
2023-11-30T02:05:08.907-07:00 DEBUG 36396 --- [http-nio-8080-exec-10] org.hibernate.SQL                        : 
    select
        c1_0.streaming_info_id,
        c1_0.link,
        c1_0.service,
        c1_0.streaming_type 
    from
        country_info c1_0 
    where
        c1_0.streaming_info_id=?
2023-11-30T02:05:08.907-07:00 DEBUG 36396 --- [http-nio-8080-exec-10] org.hibernate.SQL                        : 
    select
        c1_0.streaming_info_id,
        c1_0.link,
        c1_0.service,
        c1_0.streaming_type 
    from
        country_info c1_0 
    where
        c1_0.streaming_info_id=?
2023-11-30T02:05:08.908-07:00 DEBUG 36396 --- [http-nio-8080-exec-10] org.hibernate.SQL                        : 
    select
        c1_0.streaming_info_id,
        c1_0.link,
        c1_0.service,
        c1_0.streaming_type 
    from
        country_info c1_0 
    where
        c1_0.streaming_info_id=?
2023-11-30T02:05:08.913-07:00 DEBUG 36396 --- [http-nio-8080-exec-7] o.s.security.web.FilterChainProxy        : Securing OPTIONS /api/images/movie/1
2023-11-30T02:05:08.913-07:00 DEBUG 36396 --- [http-nio-8080-exec-2] o.s.security.web.FilterChainProxy        : Securing OPTIONS /api/images/movie/2
2023-11-30T02:05:08.914-07:00 DEBUG 36396 --- [http-nio-8080-exec-5] o.s.security.web.FilterChainProxy        : Securing OPTIONS /api/images/movie/5
2023-11-30T02:05:08.914-07:00 DEBUG 36396 --- [http-nio-8080-exec-3] o.s.security.web.FilterChainProxy        : Securing OPTIONS /api/images/movie/6
2023-11-30T02:05:08.915-07:00 DEBUG 36396 --- [http-nio-8080-exec-8] o.s.security.web.FilterChainProxy        : Securing OPTIONS /api/images/movie/9
2023-11-30T02:05:08.916-07:00 DEBUG 36396 --- [http-nio-8080-exec-9] o.s.security.web.FilterChainProxy        : Securing OPTIONS /api/images/movie/10
2023-11-30T02:05:08.916-07:00 DEBUG 36396 --- [http-nio-8080-exec-4] o.s.security.web.FilterChainProxy        : Securing OPTIONS /api/images/movie/12
2023-11-30T02:05:08.917-07:00 DEBUG 36396 --- [http-nio-8080-exec-1] o.s.security.web.FilterChainProxy        : Securing OPTIONS /api/images/movie/13
2023-11-30T02:05:08.918-07:00 DEBUG 36396 --- [http-nio-8080-exec-6] o.s.security.web.FilterChainProxy        : Securing OPTIONS /api/images/movie/14
2023-11-30T02:05:08.918-07:00 DEBUG 36396 --- [http-nio-8080-exec-10] o.s.security.web.FilterChainProxy        : Securing OPTIONS /api/images/movie/15
2023-11-30T02:05:08.919-07:00 DEBUG 36396 --- [http-nio-8080-exec-7] o.s.security.web.FilterChainProxy        : Securing OPTIONS /api/images/movie/16
2023-11-30T02:05:08.920-07:00 DEBUG 36396 --- [http-nio-8080-exec-2] o.s.security.web.FilterChainProxy        : Securing OPTIONS /api/images/movie/17
2023-11-30T02:05:08.920-07:00 DEBUG 36396 --- [http-nio-8080-exec-5] o.s.security.web.FilterChainProxy        : Securing OPTIONS /api/images/movie/18
2023-11-30T02:05:08.920-07:00 DEBUG 36396 --- [http-nio-8080-exec-3] o.s.security.web.FilterChainProxy        : Securing OPTIONS /api/images/movie/19
2023-11-30T02:05:08.920-07:00 DEBUG 36396 --- [http-nio-8080-exec-8] o.s.security.web.FilterChainProxy        : Securing OPTIONS /api/images/movie/20
2023-11-30T02:05:08.921-07:00 DEBUG 36396 --- [http-nio-8080-exec-4] o.s.security.web.FilterChainProxy        : Securing GET /api/images/movie/1
2023-11-30T02:05:08.921-07:00  INFO 36396 --- [http-nio-8080-exec-4] c.c.c.security.JwtAuthenticationFilter   : authToken:eyJ0eXAiOiJKV1QiLCJhbGciOiJIUzI1NiJ9.eyJleHAiOjE3MDEzMzg2NzAsInVzZXJuYW1lIjoiQWRtaW4xIn0.Gzx9GlnTu1aYyvwAEouDpx8-TYWEXo8a3_pUTS47oWk
2023-11-30T02:05:08.921-07:00  INFO 36396 --- [http-nio-8080-exec-4] c.c.c.security.JwtAuthenticationFilter   : username: Admin1
2023-11-30T02:05:08.921-07:00 DEBUG 36396 --- [http-nio-8080-exec-9] o.s.security.web.FilterChainProxy        : Securing GET /api/images/movie/2
2023-11-30T02:05:08.921-07:00  INFO 36396 --- [http-nio-8080-exec-9] c.c.c.security.JwtAuthenticationFilter   : authToken:eyJ0eXAiOiJKV1QiLCJhbGciOiJIUzI1NiJ9.eyJleHAiOjE3MDEzMzg2NzAsInVzZXJuYW1lIjoiQWRtaW4xIn0.Gzx9GlnTu1aYyvwAEouDpx8-TYWEXo8a3_pUTS47oWk
2023-11-30T02:05:08.921-07:00  INFO 36396 --- [http-nio-8080-exec-9] c.c.c.security.JwtAuthenticationFilter   : username: Admin1
2023-11-30T02:05:08.922-07:00 DEBUG 36396 --- [http-nio-8080-exec-1] o.s.security.web.FilterChainProxy        : Securing GET /api/images/movie/5
2023-11-30T02:05:08.922-07:00  INFO 36396 --- [http-nio-8080-exec-1] c.c.c.security.JwtAuthenticationFilter   : authToken:eyJ0eXAiOiJKV1QiLCJhbGciOiJIUzI1NiJ9.eyJleHAiOjE3MDEzMzg2NzAsInVzZXJuYW1lIjoiQWRtaW4xIn0.Gzx9GlnTu1aYyvwAEouDpx8-TYWEXo8a3_pUTS47oWk
2023-11-30T02:05:08.922-07:00 DEBUG 36396 --- [http-nio-8080-exec-4] org.hibernate.SQL                        : 
    select
        u1_0.user_id,
        u1_0.avatar_id,
        u1_0.email,
        u1_0.first_name,
        u1_0.last_name,
        u1_0.password,
        u1_0.username 
    from
        user u1_0 
    where
        upper(u1_0.username)=upper(?)
2023-11-30T02:05:08.922-07:00  INFO 36396 --- [http-nio-8080-exec-1] c.c.c.security.JwtAuthenticationFilter   : username: Admin1
2023-11-30T02:05:08.922-07:00 DEBUG 36396 --- [http-nio-8080-exec-9] org.hibernate.SQL                        : 
    select
        u1_0.user_id,
        u1_0.avatar_id,
        u1_0.email,
        u1_0.first_name,
        u1_0.last_name,
        u1_0.password,
        u1_0.username 
    from
        user u1_0 
    where
        upper(u1_0.username)=upper(?)
2023-11-30T02:05:08.922-07:00 DEBUG 36396 --- [http-nio-8080-exec-6] o.s.security.web.FilterChainProxy        : Securing GET /api/images/movie/6
2023-11-30T02:05:08.922-07:00 DEBUG 36396 --- [http-nio-8080-exec-10] o.s.security.web.FilterChainProxy        : Securing GET /api/images/movie/9
2023-11-30T02:05:08.922-07:00  INFO 36396 --- [http-nio-8080-exec-6] c.c.c.security.JwtAuthenticationFilter   : authToken:eyJ0eXAiOiJKV1QiLCJhbGciOiJIUzI1NiJ9.eyJleHAiOjE3MDEzMzg2NzAsInVzZXJuYW1lIjoiQWRtaW4xIn0.Gzx9GlnTu1aYyvwAEouDpx8-TYWEXo8a3_pUTS47oWk
2023-11-30T02:05:08.922-07:00 DEBUG 36396 --- [http-nio-8080-exec-7] o.s.security.web.FilterChainProxy        : Securing GET /api/images/movie/12
2023-11-30T02:05:08.922-07:00  INFO 36396 --- [http-nio-8080-exec-6] c.c.c.security.JwtAuthenticationFilter   : username: Admin1
2023-11-30T02:05:08.922-07:00  INFO 36396 --- [http-nio-8080-exec-10] c.c.c.security.JwtAuthenticationFilter   : authToken:eyJ0eXAiOiJKV1QiLCJhbGciOiJIUzI1NiJ9.eyJleHAiOjE3MDEzMzg2NzAsInVzZXJuYW1lIjoiQWRtaW4xIn0.Gzx9GlnTu1aYyvwAEouDpx8-TYWEXo8a3_pUTS47oWk
2023-11-30T02:05:08.922-07:00 DEBUG 36396 --- [http-nio-8080-exec-1] org.hibernate.SQL                        : 
    select
        u1_0.user_id,
        u1_0.avatar_id,
        u1_0.email,
        u1_0.first_name,
        u1_0.last_name,
        u1_0.password,
        u1_0.username 
    from
        user u1_0 
    where
        upper(u1_0.username)=upper(?)
2023-11-30T02:05:08.922-07:00  INFO 36396 --- [http-nio-8080-exec-10] c.c.c.security.JwtAuthenticationFilter   : username: Admin1
2023-11-30T02:05:08.922-07:00 DEBUG 36396 --- [http-nio-8080-exec-9] org.hibernate.SQL                        : 
    select
        r1_0.user_id,
        r1_1.role_id,
        r1_1.name 
    from
        user_roles r1_0 
    join
        role r1_1 
            on r1_1.role_id=r1_0.role_id 
    where
        r1_0.user_id=?
2023-11-30T02:05:08.922-07:00 DEBUG 36396 --- [http-nio-8080-exec-4] org.hibernate.SQL                        : 
    select
        r1_0.user_id,
        r1_1.role_id,
        r1_1.name 
    from
        user_roles r1_0 
    join
        role r1_1 
            on r1_1.role_id=r1_0.role_id 
    where
        r1_0.user_id=?
2023-11-30T02:05:08.922-07:00  INFO 36396 --- [http-nio-8080-exec-7] c.c.c.security.JwtAuthenticationFilter   : authToken:eyJ0eXAiOiJKV1QiLCJhbGciOiJIUzI1NiJ9.eyJleHAiOjE3MDEzMzg2NzAsInVzZXJuYW1lIjoiQWRtaW4xIn0.Gzx9GlnTu1aYyvwAEouDpx8-TYWEXo8a3_pUTS47oWk
2023-11-30T02:05:08.923-07:00  INFO 36396 --- [http-nio-8080-exec-7] c.c.c.security.JwtAuthenticationFilter   : username: Admin1
2023-11-30T02:05:08.923-07:00 DEBUG 36396 --- [http-nio-8080-exec-6] org.hibernate.SQL                        : 
    select
        u1_0.user_id,
        u1_0.avatar_id,
        u1_0.email,
        u1_0.first_name,
        u1_0.last_name,
        u1_0.password,
        u1_0.username 
    from
        user u1_0 
    where
        upper(u1_0.username)=upper(?)
2023-11-30T02:05:08.923-07:00 DEBUG 36396 --- [http-nio-8080-exec-1] org.hibernate.SQL                        : 
    select
        r1_0.user_id,
        r1_1.role_id,
        r1_1.name 
    from
        user_roles r1_0 
    join
        role r1_1 
            on r1_1.role_id=r1_0.role_id 
    where
        r1_0.user_id=?
2023-11-30T02:05:08.923-07:00 DEBUG 36396 --- [http-nio-8080-exec-10] org.hibernate.SQL                        : 
    select
        u1_0.user_id,
        u1_0.avatar_id,
        u1_0.email,
        u1_0.first_name,
        u1_0.last_name,
        u1_0.password,
        u1_0.username 
    from
        user u1_0 
    where
        upper(u1_0.username)=upper(?)
2023-11-30T02:05:08.923-07:00 DEBUG 36396 --- [http-nio-8080-exec-6] org.hibernate.SQL                        : 
    select
        r1_0.user_id,
        r1_1.role_id,
        r1_1.name 
    from
        user_roles r1_0 
    join
        role r1_1 
            on r1_1.role_id=r1_0.role_id 
    where
        r1_0.user_id=?
2023-11-30T02:05:08.923-07:00 DEBUG 36396 --- [http-nio-8080-exec-7] org.hibernate.SQL                        : 
    select
        u1_0.user_id,
        u1_0.avatar_id,
        u1_0.email,
        u1_0.first_name,
        u1_0.last_name,
        u1_0.password,
        u1_0.username 
    from
        user u1_0 
    where
        upper(u1_0.username)=upper(?)
2023-11-30T02:05:08.923-07:00 DEBUG 36396 --- [http-nio-8080-exec-10] org.hibernate.SQL                        : 
    select
        r1_0.user_id,
        r1_1.role_id,
        r1_1.name 
    from
        user_roles r1_0 
    join
        role r1_1 
            on r1_1.role_id=r1_0.role_id 
    where
        r1_0.user_id=?
2023-11-30T02:05:08.923-07:00  INFO 36396 --- [http-nio-8080-exec-4] c.c.c.security.JwtAuthenticationFilter   : Authorities: [ROLE_USER, ROLE_ADMIN]
2023-11-30T02:05:08.923-07:00  INFO 36396 --- [http-nio-8080-exec-9] c.c.c.security.JwtAuthenticationFilter   : Authorities: [ROLE_USER, ROLE_ADMIN]
2023-11-30T02:05:08.923-07:00  INFO 36396 --- [http-nio-8080-exec-4] c.c.c.security.JwtAuthenticationFilter   : SecurityContextImpl [Authentication=UsernamePasswordAuthenticationToken [Principal=Admin1, Credentials=[PROTECTED], Authenticated=true, Details=WebAuthenticationDetails [RemoteIpAddress=0:0:0:0:0:0:0:1, SessionId=null], Granted Authorities=[ROLE_USER, ROLE_ADMIN]]]
2023-11-30T02:05:08.923-07:00  INFO 36396 --- [http-nio-8080-exec-9] c.c.c.security.JwtAuthenticationFilter   : SecurityContextImpl [Authentication=UsernamePasswordAuthenticationToken [Principal=Admin1, Credentials=[PROTECTED], Authenticated=true, Details=WebAuthenticationDetails [RemoteIpAddress=0:0:0:0:0:0:0:1, SessionId=null], Granted Authorities=[ROLE_USER, ROLE_ADMIN]]]
2023-11-30T02:05:08.923-07:00  INFO 36396 --- [http-nio-8080-exec-1] c.c.c.security.JwtAuthenticationFilter   : Authorities: [ROLE_USER, ROLE_ADMIN]
2023-11-30T02:05:08.923-07:00  INFO 36396 --- [http-nio-8080-exec-1] c.c.c.security.JwtAuthenticationFilter   : SecurityContextImpl [Authentication=UsernamePasswordAuthenticationToken [Principal=Admin1, Credentials=[PROTECTED], Authenticated=true, Details=WebAuthenticationDetails [RemoteIpAddress=0:0:0:0:0:0:0:1, SessionId=null], Granted Authorities=[ROLE_USER, ROLE_ADMIN]]]
2023-11-30T02:05:08.923-07:00 DEBUG 36396 --- [http-nio-8080-exec-7] org.hibernate.SQL                        : 
    select
        r1_0.user_id,
        r1_1.role_id,
        r1_1.name 
    from
        user_roles r1_0 
    join
        role r1_1 
            on r1_1.role_id=r1_0.role_id 
    where
        r1_0.user_id=?
2023-11-30T02:05:08.924-07:00  INFO 36396 --- [http-nio-8080-exec-10] c.c.c.security.JwtAuthenticationFilter   : Authorities: [ROLE_USER, ROLE_ADMIN]
2023-11-30T02:05:08.924-07:00  INFO 36396 --- [http-nio-8080-exec-6] c.c.c.security.JwtAuthenticationFilter   : Authorities: [ROLE_USER, ROLE_ADMIN]
2023-11-30T02:05:08.924-07:00  INFO 36396 --- [http-nio-8080-exec-10] c.c.c.security.JwtAuthenticationFilter   : SecurityContextImpl [Authentication=UsernamePasswordAuthenticationToken [Principal=Admin1, Credentials=[PROTECTED], Authenticated=true, Details=WebAuthenticationDetails [RemoteIpAddress=0:0:0:0:0:0:0:1, SessionId=null], Granted Authorities=[ROLE_USER, ROLE_ADMIN]]]
2023-11-30T02:05:08.924-07:00  INFO 36396 --- [http-nio-8080-exec-6] c.c.c.security.JwtAuthenticationFilter   : SecurityContextImpl [Authentication=UsernamePasswordAuthenticationToken [Principal=Admin1, Credentials=[PROTECTED], Authenticated=true, Details=WebAuthenticationDetails [RemoteIpAddress=0:0:0:0:0:0:0:1, SessionId=null], Granted Authorities=[ROLE_USER, ROLE_ADMIN]]]
2023-11-30T02:05:08.924-07:00  INFO 36396 --- [http-nio-8080-exec-7] c.c.c.security.JwtAuthenticationFilter   : Authorities: [ROLE_USER, ROLE_ADMIN]
2023-11-30T02:05:08.924-07:00  INFO 36396 --- [http-nio-8080-exec-7] c.c.c.security.JwtAuthenticationFilter   : SecurityContextImpl [Authentication=UsernamePasswordAuthenticationToken [Principal=Admin1, Credentials=[PROTECTED], Authenticated=true, Details=WebAuthenticationDetails [RemoteIpAddress=0:0:0:0:0:0:0:1, SessionId=null], Granted Authorities=[ROLE_USER, ROLE_ADMIN]]]
2023-11-30T02:05:08.924-07:00 DEBUG 36396 --- [http-nio-8080-exec-1] o.s.security.web.FilterChainProxy        : Secured GET /api/images/movie/5
2023-11-30T02:05:08.924-07:00 DEBUG 36396 --- [http-nio-8080-exec-10] o.s.security.web.FilterChainProxy        : Secured GET /api/images/movie/9
2023-11-30T02:05:08.924-07:00 DEBUG 36396 --- [http-nio-8080-exec-4] o.s.security.web.FilterChainProxy        : Secured GET /api/images/movie/1
2023-11-30T02:05:08.924-07:00 DEBUG 36396 --- [http-nio-8080-exec-9] o.s.security.web.FilterChainProxy        : Secured GET /api/images/movie/2
2023-11-30T02:05:08.924-07:00 DEBUG 36396 --- [http-nio-8080-exec-6] o.s.security.web.FilterChainProxy        : Secured GET /api/images/movie/6
2023-11-30T02:05:08.925-07:00 DEBUG 36396 --- [http-nio-8080-exec-1] horizationManagerBeforeMethodInterceptor : Authorizing method invocation ReflectiveMethodInvocation: public org.springframework.http.ResponseEntity com.cm.cinematchapp.controllers.ImageController.getMoviePoster(java.lang.Long) throws java.io.IOException; target is of class [com.cm.cinematchapp.controllers.ImageController]
2023-11-30T02:05:08.925-07:00 DEBUG 36396 --- [http-nio-8080-exec-1] horizationManagerBeforeMethodInterceptor : Authorized method invocation ReflectiveMethodInvocation: public org.springframework.http.ResponseEntity com.cm.cinematchapp.controllers.ImageController.getMoviePoster(java.lang.Long) throws java.io.IOException; target is of class [com.cm.cinematchapp.controllers.ImageController]
2023-11-30T02:05:08.925-07:00 DEBUG 36396 --- [http-nio-8080-exec-4] horizationManagerBeforeMethodInterceptor : Authorizing method invocation ReflectiveMethodInvocation: public org.springframework.http.ResponseEntity com.cm.cinematchapp.controllers.ImageController.getMoviePoster(java.lang.Long) throws java.io.IOException; target is of class [com.cm.cinematchapp.controllers.ImageController]
2023-11-30T02:05:08.925-07:00 DEBUG 36396 --- [http-nio-8080-exec-10] horizationManagerBeforeMethodInterceptor : Authorizing method invocation ReflectiveMethodInvocation: public org.springframework.http.ResponseEntity com.cm.cinematchapp.controllers.ImageController.getMoviePoster(java.lang.Long) throws java.io.IOException; target is of class [com.cm.cinematchapp.controllers.ImageController]
2023-11-30T02:05:08.925-07:00 DEBUG 36396 --- [http-nio-8080-exec-6] horizationManagerBeforeMethodInterceptor : Authorizing method invocation ReflectiveMethodInvocation: public org.springframework.http.ResponseEntity com.cm.cinematchapp.controllers.ImageController.getMoviePoster(java.lang.Long) throws java.io.IOException; target is of class [com.cm.cinematchapp.controllers.ImageController]
2023-11-30T02:05:08.925-07:00 DEBUG 36396 --- [http-nio-8080-exec-7] o.s.security.web.FilterChainProxy        : Secured GET /api/images/movie/12
2023-11-30T02:05:08.925-07:00 DEBUG 36396 --- [http-nio-8080-exec-9] horizationManagerBeforeMethodInterceptor : Authorizing method invocation ReflectiveMethodInvocation: public org.springframework.http.ResponseEntity com.cm.cinematchapp.controllers.ImageController.getMoviePoster(java.lang.Long) throws java.io.IOException; target is of class [com.cm.cinematchapp.controllers.ImageController]
2023-11-30T02:05:08.925-07:00 DEBUG 36396 --- [http-nio-8080-exec-4] horizationManagerBeforeMethodInterceptor : Authorized method invocation ReflectiveMethodInvocation: public org.springframework.http.ResponseEntity com.cm.cinematchapp.controllers.ImageController.getMoviePoster(java.lang.Long) throws java.io.IOException; target is of class [com.cm.cinematchapp.controllers.ImageController]
2023-11-30T02:05:08.925-07:00 DEBUG 36396 --- [http-nio-8080-exec-9] horizationManagerBeforeMethodInterceptor : Authorized method invocation ReflectiveMethodInvocation: public org.springframework.http.ResponseEntity com.cm.cinematchapp.controllers.ImageController.getMoviePoster(java.lang.Long) throws java.io.IOException; target is of class [com.cm.cinematchapp.controllers.ImageController]
2023-11-30T02:05:08.925-07:00 DEBUG 36396 --- [http-nio-8080-exec-6] horizationManagerBeforeMethodInterceptor : Authorized method invocation ReflectiveMethodInvocation: public org.springframework.http.ResponseEntity com.cm.cinematchapp.controllers.ImageController.getMoviePoster(java.lang.Long) throws java.io.IOException; target is of class [com.cm.cinematchapp.controllers.ImageController]
2023-11-30T02:05:08.925-07:00 DEBUG 36396 --- [http-nio-8080-exec-7] horizationManagerBeforeMethodInterceptor : Authorizing method invocation ReflectiveMethodInvocation: public org.springframework.http.ResponseEntity com.cm.cinematchapp.controllers.ImageController.getMoviePoster(java.lang.Long) throws java.io.IOException; target is of class [com.cm.cinematchapp.controllers.ImageController]
2023-11-30T02:05:08.925-07:00 DEBUG 36396 --- [http-nio-8080-exec-7] horizationManagerBeforeMethodInterceptor : Authorized method invocation ReflectiveMethodInvocation: public org.springframework.http.ResponseEntity com.cm.cinematchapp.controllers.ImageController.getMoviePoster(java.lang.Long) throws java.io.IOException; target is of class [com.cm.cinematchapp.controllers.ImageController]
2023-11-30T02:05:08.925-07:00 DEBUG 36396 --- [http-nio-8080-exec-10] horizationManagerBeforeMethodInterceptor : Authorized method invocation ReflectiveMethodInvocation: public org.springframework.http.ResponseEntity com.cm.cinematchapp.controllers.ImageController.getMoviePoster(java.lang.Long) throws java.io.IOException; target is of class [com.cm.cinematchapp.controllers.ImageController]
2023-11-30T02:05:08.925-07:00 DEBUG 36396 --- [http-nio-8080-exec-1] org.hibernate.SQL                        : 
    select
        m1_0.movie_id,
        m1_0.description,
        m1_0.poster_id,
        m1_0.rated,
        m1_0.title,
        m1_0.year 
    from
        movie m1_0 
    where
        m1_0.movie_id=?
2023-11-30T02:05:08.925-07:00 DEBUG 36396 --- [http-nio-8080-exec-4] org.hibernate.SQL                        : 
    select
        m1_0.movie_id,
        m1_0.description,
        m1_0.poster_id,
        m1_0.rated,
        m1_0.title,
        m1_0.year 
    from
        movie m1_0 
    where
        m1_0.movie_id=?
2023-11-30T02:05:08.925-07:00 DEBUG 36396 --- [http-nio-8080-exec-9] org.hibernate.SQL                        : 
    select
        m1_0.movie_id,
        m1_0.description,
        m1_0.poster_id,
        m1_0.rated,
        m1_0.title,
        m1_0.year 
    from
        movie m1_0 
    where
        m1_0.movie_id=?
2023-11-30T02:05:08.925-07:00 DEBUG 36396 --- [http-nio-8080-exec-6] org.hibernate.SQL                        : 
    select
        m1_0.movie_id,
        m1_0.description,
        m1_0.poster_id,
        m1_0.rated,
        m1_0.title,
        m1_0.year 
    from
        movie m1_0 
    where
        m1_0.movie_id=?
2023-11-30T02:05:08.925-07:00 DEBUG 36396 --- [http-nio-8080-exec-7] org.hibernate.SQL                        : 
    select
        m1_0.movie_id,
        m1_0.description,
        m1_0.poster_id,
        m1_0.rated,
        m1_0.title,
        m1_0.year 
    from
        movie m1_0 
    where
        m1_0.movie_id=?
2023-11-30T02:05:08.925-07:00 DEBUG 36396 --- [http-nio-8080-exec-10] org.hibernate.SQL                        : 
    select
        m1_0.movie_id,
        m1_0.description,
        m1_0.poster_id,
        m1_0.rated,
        m1_0.title,
        m1_0.year 
    from
        movie m1_0 
    where
        m1_0.movie_id=?
2023-11-30T02:05:08.926-07:00 DEBUG 36396 --- [http-nio-8080-exec-4] org.hibernate.SQL                        : 
    select
        m1_0.poster_id,
        m1_0.file_name,
        m1_0.path,
        m1_0.file_size 
    from
        movie_poster m1_0 
    where
        m1_0.poster_id=?
2023-11-30T02:05:08.926-07:00 DEBUG 36396 --- [http-nio-8080-exec-9] org.hibernate.SQL                        : 
    select
        m1_0.poster_id,
        m1_0.file_name,
        m1_0.path,
        m1_0.file_size 
    from
        movie_poster m1_0 
    where
        m1_0.poster_id=?
2023-11-30T02:05:08.926-07:00 DEBUG 36396 --- [http-nio-8080-exec-1] org.hibernate.SQL                        : 
    select
        m1_0.poster_id,
        m1_0.file_name,
        m1_0.path,
        m1_0.file_size 
    from
        movie_poster m1_0 
    where
        m1_0.poster_id=?
2023-11-30T02:05:08.926-07:00 DEBUG 36396 --- [http-nio-8080-exec-6] org.hibernate.SQL                        : 
    select
        m1_0.poster_id,
        m1_0.file_name,
        m1_0.path,
        m1_0.file_size 
    from
        movie_poster m1_0 
    where
        m1_0.poster_id=?
2023-11-30T02:05:08.926-07:00 DEBUG 36396 --- [http-nio-8080-exec-7] org.hibernate.SQL                        : 
    select
        m1_0.poster_id,
        m1_0.file_name,
        m1_0.path,
        m1_0.file_size 
    from
        movie_poster m1_0 
    where
        m1_0.poster_id=?
2023-11-30T02:05:08.926-07:00 DEBUG 36396 --- [http-nio-8080-exec-10] org.hibernate.SQL                        : 
    select
        m1_0.poster_id,
        m1_0.file_name,
        m1_0.path,
        m1_0.file_size 
    from
        movie_poster m1_0 
    where
        m1_0.poster_id=?
2023-11-30T02:05:08.929-07:00 DEBUG 36396 --- [http-nio-8080-exec-2] o.s.security.web.FilterChainProxy        : Securing GET /api/images/movie/10
2023-11-30T02:05:08.929-07:00 DEBUG 36396 --- [http-nio-8080-exec-5] o.s.security.web.FilterChainProxy        : Securing GET /api/images/movie/13
2023-11-30T02:05:08.929-07:00 DEBUG 36396 --- [http-nio-8080-exec-3] o.s.security.web.FilterChainProxy        : Securing GET /api/images/movie/14
2023-11-30T02:05:08.929-07:00  INFO 36396 --- [http-nio-8080-exec-2] c.c.c.security.JwtAuthenticationFilter   : authToken:eyJ0eXAiOiJKV1QiLCJhbGciOiJIUzI1NiJ9.eyJleHAiOjE3MDEzMzg2NzAsInVzZXJuYW1lIjoiQWRtaW4xIn0.Gzx9GlnTu1aYyvwAEouDpx8-TYWEXo8a3_pUTS47oWk
2023-11-30T02:05:08.929-07:00  INFO 36396 --- [http-nio-8080-exec-5] c.c.c.security.JwtAuthenticationFilter   : authToken:eyJ0eXAiOiJKV1QiLCJhbGciOiJIUzI1NiJ9.eyJleHAiOjE3MDEzMzg2NzAsInVzZXJuYW1lIjoiQWRtaW4xIn0.Gzx9GlnTu1aYyvwAEouDpx8-TYWEXo8a3_pUTS47oWk
2023-11-30T02:05:08.929-07:00  INFO 36396 --- [http-nio-8080-exec-2] c.c.c.security.JwtAuthenticationFilter   : username: Admin1
2023-11-30T02:05:08.929-07:00  INFO 36396 --- [http-nio-8080-exec-5] c.c.c.security.JwtAuthenticationFilter   : username: Admin1
2023-11-30T02:05:08.929-07:00 DEBUG 36396 --- [http-nio-8080-exec-8] o.s.security.web.FilterChainProxy        : Securing GET /api/images/movie/15
2023-11-30T02:05:08.929-07:00  INFO 36396 --- [http-nio-8080-exec-3] c.c.c.security.JwtAuthenticationFilter   : authToken:eyJ0eXAiOiJKV1QiLCJhbGciOiJIUzI1NiJ9.eyJleHAiOjE3MDEzMzg2NzAsInVzZXJuYW1lIjoiQWRtaW4xIn0.Gzx9GlnTu1aYyvwAEouDpx8-TYWEXo8a3_pUTS47oWk
2023-11-30T02:05:08.929-07:00 DEBUG 36396 --- [http-nio-8080-exec-9] o.s.security.web.FilterChainProxy        : Securing GET /api/images/movie/16
2023-11-30T02:05:08.929-07:00 DEBUG 36396 --- [http-nio-8080-exec-7] o.s.security.web.FilterChainProxy        : Securing GET /api/images/movie/17
2023-11-30T02:05:08.929-07:00  INFO 36396 --- [http-nio-8080-exec-3] c.c.c.security.JwtAuthenticationFilter   : username: Admin1
2023-11-30T02:05:08.929-07:00  INFO 36396 --- [http-nio-8080-exec-8] c.c.c.security.JwtAuthenticationFilter   : authToken:eyJ0eXAiOiJKV1QiLCJhbGciOiJIUzI1NiJ9.eyJleHAiOjE3MDEzMzg2NzAsInVzZXJuYW1lIjoiQWRtaW4xIn0.Gzx9GlnTu1aYyvwAEouDpx8-TYWEXo8a3_pUTS47oWk
2023-11-30T02:05:08.929-07:00  INFO 36396 --- [http-nio-8080-exec-9] c.c.c.security.JwtAuthenticationFilter   : authToken:eyJ0eXAiOiJKV1QiLCJhbGciOiJIUzI1NiJ9.eyJleHAiOjE3MDEzMzg2NzAsInVzZXJuYW1lIjoiQWRtaW4xIn0.Gzx9GlnTu1aYyvwAEouDpx8-TYWEXo8a3_pUTS47oWk
2023-11-30T02:05:08.930-07:00  INFO 36396 --- [http-nio-8080-exec-7] c.c.c.security.JwtAuthenticationFilter   : authToken:eyJ0eXAiOiJKV1QiLCJhbGciOiJIUzI1NiJ9.eyJleHAiOjE3MDEzMzg2NzAsInVzZXJuYW1lIjoiQWRtaW4xIn0.Gzx9GlnTu1aYyvwAEouDpx8-TYWEXo8a3_pUTS47oWk
2023-11-30T02:05:08.930-07:00  INFO 36396 --- [http-nio-8080-exec-8] c.c.c.security.JwtAuthenticationFilter   : username: Admin1
2023-11-30T02:05:08.930-07:00  INFO 36396 --- [http-nio-8080-exec-9] c.c.c.security.JwtAuthenticationFilter   : username: Admin1
2023-11-30T02:05:08.930-07:00  INFO 36396 --- [http-nio-8080-exec-7] c.c.c.security.JwtAuthenticationFilter   : username: Admin1
2023-11-30T02:05:08.930-07:00 DEBUG 36396 --- [http-nio-8080-exec-3] org.hibernate.SQL                        : 
    select
        u1_0.user_id,
        u1_0.avatar_id,
        u1_0.email,
        u1_0.first_name,
        u1_0.last_name,
        u1_0.password,
        u1_0.username 
    from
        user u1_0 
    where
        upper(u1_0.username)=upper(?)
2023-11-30T02:05:08.930-07:00 DEBUG 36396 --- [http-nio-8080-exec-9] org.hibernate.SQL                        : 
    select
        u1_0.user_id,
        u1_0.avatar_id,
        u1_0.email,
        u1_0.first_name,
        u1_0.last_name,
        u1_0.password,
        u1_0.username 
    from
        user u1_0 
    where
        upper(u1_0.username)=upper(?)
2023-11-30T02:05:08.930-07:00 DEBUG 36396 --- [http-nio-8080-exec-2] org.hibernate.SQL                        : 
    select
        u1_0.user_id,
        u1_0.avatar_id,
        u1_0.email,
        u1_0.first_name,
        u1_0.last_name,
        u1_0.password,
        u1_0.username 
    from
        user u1_0 
    where
        upper(u1_0.username)=upper(?)
2023-11-30T02:05:08.930-07:00 DEBUG 36396 --- [http-nio-8080-exec-5] org.hibernate.SQL                        : 
    select
        u1_0.user_id,
        u1_0.avatar_id,
        u1_0.email,
        u1_0.first_name,
        u1_0.last_name,
        u1_0.password,
        u1_0.username 
    from
        user u1_0 
    where
        upper(u1_0.username)=upper(?)
2023-11-30T02:05:08.930-07:00 DEBUG 36396 --- [http-nio-8080-exec-8] org.hibernate.SQL                        : 
    select
        u1_0.user_id,
        u1_0.avatar_id,
        u1_0.email,
        u1_0.first_name,
        u1_0.last_name,
        u1_0.password,
        u1_0.username 
    from
        user u1_0 
    where
        upper(u1_0.username)=upper(?)
2023-11-30T02:05:08.930-07:00 DEBUG 36396 --- [http-nio-8080-exec-7] org.hibernate.SQL                        : 
    select
        u1_0.user_id,
        u1_0.avatar_id,
        u1_0.email,
        u1_0.first_name,
        u1_0.last_name,
        u1_0.password,
        u1_0.username 
    from
        user u1_0 
    where
        upper(u1_0.username)=upper(?)
2023-11-30T02:05:08.931-07:00 DEBUG 36396 --- [http-nio-8080-exec-3] org.hibernate.SQL                        : 
    select
        r1_0.user_id,
        r1_1.role_id,
        r1_1.name 
    from
        user_roles r1_0 
    join
        role r1_1 
            on r1_1.role_id=r1_0.role_id 
    where
        r1_0.user_id=?
2023-11-30T02:05:08.931-07:00 DEBUG 36396 --- [http-nio-8080-exec-7] org.hibernate.SQL                        : 
    select
        r1_0.user_id,
        r1_1.role_id,
        r1_1.name 
    from
        user_roles r1_0 
    join
        role r1_1 
            on r1_1.role_id=r1_0.role_id 
    where
        r1_0.user_id=?
2023-11-30T02:05:08.931-07:00 DEBUG 36396 --- [http-nio-8080-exec-5] org.hibernate.SQL                        : 
    select
        r1_0.user_id,
        r1_1.role_id,
        r1_1.name 
    from
        user_roles r1_0 
    join
        role r1_1 
            on r1_1.role_id=r1_0.role_id 
    where
        r1_0.user_id=?
2023-11-30T02:05:08.931-07:00 DEBUG 36396 --- [http-nio-8080-exec-9] org.hibernate.SQL                        : 
    select
        r1_0.user_id,
        r1_1.role_id,
        r1_1.name 
    from
        user_roles r1_0 
    join
        role r1_1 
            on r1_1.role_id=r1_0.role_id 
    where
        r1_0.user_id=?
2023-11-30T02:05:08.931-07:00 DEBUG 36396 --- [http-nio-8080-exec-8] org.hibernate.SQL                        : 
    select
        r1_0.user_id,
        r1_1.role_id,
        r1_1.name 
    from
        user_roles r1_0 
    join
        role r1_1 
            on r1_1.role_id=r1_0.role_id 
    where
        r1_0.user_id=?
2023-11-30T02:05:08.931-07:00 DEBUG 36396 --- [http-nio-8080-exec-2] org.hibernate.SQL                        : 
    select
        r1_0.user_id,
        r1_1.role_id,
        r1_1.name 
    from
        user_roles r1_0 
    join
        role r1_1 
            on r1_1.role_id=r1_0.role_id 
    where
        r1_0.user_id=?
2023-11-30T02:05:08.931-07:00  INFO 36396 --- [http-nio-8080-exec-2] c.c.c.security.JwtAuthenticationFilter   : Authorities: [ROLE_USER, ROLE_ADMIN]
2023-11-30T02:05:08.931-07:00  INFO 36396 --- [http-nio-8080-exec-3] c.c.c.security.JwtAuthenticationFilter   : Authorities: [ROLE_USER, ROLE_ADMIN]
2023-11-30T02:05:08.931-07:00  INFO 36396 --- [http-nio-8080-exec-8] c.c.c.security.JwtAuthenticationFilter   : Authorities: [ROLE_USER, ROLE_ADMIN]
2023-11-30T02:05:08.931-07:00  INFO 36396 --- [http-nio-8080-exec-5] c.c.c.security.JwtAuthenticationFilter   : Authorities: [ROLE_USER, ROLE_ADMIN]
2023-11-30T02:05:08.931-07:00  INFO 36396 --- [http-nio-8080-exec-9] c.c.c.security.JwtAuthenticationFilter   : Authorities: [ROLE_USER, ROLE_ADMIN]
2023-11-30T02:05:08.931-07:00  INFO 36396 --- [http-nio-8080-exec-3] c.c.c.security.JwtAuthenticationFilter   : SecurityContextImpl [Authentication=UsernamePasswordAuthenticationToken [Principal=Admin1, Credentials=[PROTECTED], Authenticated=true, Details=WebAuthenticationDetails [RemoteIpAddress=0:0:0:0:0:0:0:1, SessionId=null], Granted Authorities=[ROLE_USER, ROLE_ADMIN]]]
2023-11-30T02:05:08.931-07:00  INFO 36396 --- [http-nio-8080-exec-7] c.c.c.security.JwtAuthenticationFilter   : Authorities: [ROLE_USER, ROLE_ADMIN]
2023-11-30T02:05:08.931-07:00  INFO 36396 --- [http-nio-8080-exec-2] c.c.c.security.JwtAuthenticationFilter   : SecurityContextImpl [Authentication=UsernamePasswordAuthenticationToken [Principal=Admin1, Credentials=[PROTECTED], Authenticated=true, Details=WebAuthenticationDetails [RemoteIpAddress=0:0:0:0:0:0:0:1, SessionId=null], Granted Authorities=[ROLE_USER, ROLE_ADMIN]]]
2023-11-30T02:05:08.931-07:00  INFO 36396 --- [http-nio-8080-exec-8] c.c.c.security.JwtAuthenticationFilter   : SecurityContextImpl [Authentication=UsernamePasswordAuthenticationToken [Principal=Admin1, Credentials=[PROTECTED], Authenticated=true, Details=WebAuthenticationDetails [RemoteIpAddress=0:0:0:0:0:0:0:1, SessionId=null], Granted Authorities=[ROLE_USER, ROLE_ADMIN]]]
2023-11-30T02:05:08.931-07:00  INFO 36396 --- [http-nio-8080-exec-5] c.c.c.security.JwtAuthenticationFilter   : SecurityContextImpl [Authentication=UsernamePasswordAuthenticationToken [Principal=Admin1, Credentials=[PROTECTED], Authenticated=true, Details=WebAuthenticationDetails [RemoteIpAddress=0:0:0:0:0:0:0:1, SessionId=null], Granted Authorities=[ROLE_USER, ROLE_ADMIN]]]
2023-11-30T02:05:08.932-07:00  INFO 36396 --- [http-nio-8080-exec-9] c.c.c.security.JwtAuthenticationFilter   : SecurityContextImpl [Authentication=UsernamePasswordAuthenticationToken [Principal=Admin1, Credentials=[PROTECTED], Authenticated=true, Details=WebAuthenticationDetails [RemoteIpAddress=0:0:0:0:0:0:0:1, SessionId=null], Granted Authorities=[ROLE_USER, ROLE_ADMIN]]]
2023-11-30T02:05:08.932-07:00  INFO 36396 --- [http-nio-8080-exec-7] c.c.c.security.JwtAuthenticationFilter   : SecurityContextImpl [Authentication=UsernamePasswordAuthenticationToken [Principal=Admin1, Credentials=[PROTECTED], Authenticated=true, Details=WebAuthenticationDetails [RemoteIpAddress=0:0:0:0:0:0:0:1, SessionId=null], Granted Authorities=[ROLE_USER, ROLE_ADMIN]]]
2023-11-30T02:05:08.933-07:00 DEBUG 36396 --- [http-nio-8080-exec-7] o.s.security.web.FilterChainProxy        : Secured GET /api/images/movie/17
2023-11-30T02:05:08.933-07:00 DEBUG 36396 --- [http-nio-8080-exec-2] o.s.security.web.FilterChainProxy        : Secured GET /api/images/movie/10
2023-11-30T02:05:08.933-07:00 DEBUG 36396 --- [http-nio-8080-exec-3] o.s.security.web.FilterChainProxy        : Secured GET /api/images/movie/14
2023-11-30T02:05:08.933-07:00 DEBUG 36396 --- [http-nio-8080-exec-9] o.s.security.web.FilterChainProxy        : Secured GET /api/images/movie/16
2023-11-30T02:05:08.933-07:00 DEBUG 36396 --- [http-nio-8080-exec-8] o.s.security.web.FilterChainProxy        : Secured GET /api/images/movie/15
2023-11-30T02:05:08.933-07:00 DEBUG 36396 --- [http-nio-8080-exec-5] o.s.security.web.FilterChainProxy        : Secured GET /api/images/movie/13
2023-11-30T02:05:08.934-07:00 DEBUG 36396 --- [http-nio-8080-exec-2] horizationManagerBeforeMethodInterceptor : Authorizing method invocation ReflectiveMethodInvocation: public org.springframework.http.ResponseEntity com.cm.cinematchapp.controllers.ImageController.getMoviePoster(java.lang.Long) throws java.io.IOException; target is of class [com.cm.cinematchapp.controllers.ImageController]
2023-11-30T02:05:08.934-07:00 DEBUG 36396 --- [http-nio-8080-exec-3] horizationManagerBeforeMethodInterceptor : Authorizing method invocation ReflectiveMethodInvocation: public org.springframework.http.ResponseEntity com.cm.cinematchapp.controllers.ImageController.getMoviePoster(java.lang.Long) throws java.io.IOException; target is of class [com.cm.cinematchapp.controllers.ImageController]
2023-11-30T02:05:08.934-07:00 DEBUG 36396 --- [http-nio-8080-exec-7] horizationManagerBeforeMethodInterceptor : Authorizing method invocation ReflectiveMethodInvocation: public org.springframework.http.ResponseEntity com.cm.cinematchapp.controllers.ImageController.getMoviePoster(java.lang.Long) throws java.io.IOException; target is of class [com.cm.cinematchapp.controllers.ImageController]
2023-11-30T02:05:08.934-07:00 DEBUG 36396 --- [http-nio-8080-exec-2] horizationManagerBeforeMethodInterceptor : Authorized method invocation ReflectiveMethodInvocation: public org.springframework.http.ResponseEntity com.cm.cinematchapp.controllers.ImageController.getMoviePoster(java.lang.Long) throws java.io.IOException; target is of class [com.cm.cinematchapp.controllers.ImageController]
2023-11-30T02:05:08.934-07:00 DEBUG 36396 --- [http-nio-8080-exec-7] horizationManagerBeforeMethodInterceptor : Authorized method invocation ReflectiveMethodInvocation: public org.springframework.http.ResponseEntity com.cm.cinematchapp.controllers.ImageController.getMoviePoster(java.lang.Long) throws java.io.IOException; target is of class [com.cm.cinematchapp.controllers.ImageController]
2023-11-30T02:05:08.934-07:00 DEBUG 36396 --- [http-nio-8080-exec-3] horizationManagerBeforeMethodInterceptor : Authorized method invocation ReflectiveMethodInvocation: public org.springframework.http.ResponseEntity com.cm.cinematchapp.controllers.ImageController.getMoviePoster(java.lang.Long) throws java.io.IOException; target is of class [com.cm.cinematchapp.controllers.ImageController]
2023-11-30T02:05:08.934-07:00 DEBUG 36396 --- [http-nio-8080-exec-9] horizationManagerBeforeMethodInterceptor : Authorizing method invocation ReflectiveMethodInvocation: public org.springframework.http.ResponseEntity com.cm.cinematchapp.controllers.ImageController.getMoviePoster(java.lang.Long) throws java.io.IOException; target is of class [com.cm.cinematchapp.controllers.ImageController]
2023-11-30T02:05:08.934-07:00 DEBUG 36396 --- [http-nio-8080-exec-8] horizationManagerBeforeMethodInterceptor : Authorizing method invocation ReflectiveMethodInvocation: public org.springframework.http.ResponseEntity com.cm.cinematchapp.controllers.ImageController.getMoviePoster(java.lang.Long) throws java.io.IOException; target is of class [com.cm.cinematchapp.controllers.ImageController]
2023-11-30T02:05:08.934-07:00 DEBUG 36396 --- [http-nio-8080-exec-5] horizationManagerBeforeMethodInterceptor : Authorizing method invocation ReflectiveMethodInvocation: public org.springframework.http.ResponseEntity com.cm.cinematchapp.controllers.ImageController.getMoviePoster(java.lang.Long) throws java.io.IOException; target is of class [com.cm.cinematchapp.controllers.ImageController]
2023-11-30T02:05:08.934-07:00 DEBUG 36396 --- [http-nio-8080-exec-9] horizationManagerBeforeMethodInterceptor : Authorized method invocation ReflectiveMethodInvocation: public org.springframework.http.ResponseEntity com.cm.cinematchapp.controllers.ImageController.getMoviePoster(java.lang.Long) throws java.io.IOException; target is of class [com.cm.cinematchapp.controllers.ImageController]
2023-11-30T02:05:08.934-07:00 DEBUG 36396 --- [http-nio-8080-exec-5] horizationManagerBeforeMethodInterceptor : Authorized method invocation ReflectiveMethodInvocation: public org.springframework.http.ResponseEntity com.cm.cinematchapp.controllers.ImageController.getMoviePoster(java.lang.Long) throws java.io.IOException; target is of class [com.cm.cinematchapp.controllers.ImageController]
2023-11-30T02:05:08.934-07:00 DEBUG 36396 --- [http-nio-8080-exec-8] horizationManagerBeforeMethodInterceptor : Authorized method invocation ReflectiveMethodInvocation: public org.springframework.http.ResponseEntity com.cm.cinematchapp.controllers.ImageController.getMoviePoster(java.lang.Long) throws java.io.IOException; target is of class [com.cm.cinematchapp.controllers.ImageController]
2023-11-30T02:05:08.934-07:00 DEBUG 36396 --- [http-nio-8080-exec-2] org.hibernate.SQL                        : 
    select
        m1_0.movie_id,
        m1_0.description,
        m1_0.poster_id,
        m1_0.rated,
        m1_0.title,
        m1_0.year 
    from
        movie m1_0 
    where
        m1_0.movie_id=?
2023-11-30T02:05:08.934-07:00 DEBUG 36396 --- [http-nio-8080-exec-8] org.hibernate.SQL                        : 
    select
        m1_0.movie_id,
        m1_0.description,
        m1_0.poster_id,
        m1_0.rated,
        m1_0.title,
        m1_0.year 
    from
        movie m1_0 
    where
        m1_0.movie_id=?
2023-11-30T02:05:08.934-07:00 DEBUG 36396 --- [http-nio-8080-exec-9] org.hibernate.SQL                        : 
    select
        m1_0.movie_id,
        m1_0.description,
        m1_0.poster_id,
        m1_0.rated,
        m1_0.title,
        m1_0.year 
    from
        movie m1_0 
    where
        m1_0.movie_id=?
2023-11-30T02:05:08.934-07:00 DEBUG 36396 --- [http-nio-8080-exec-5] org.hibernate.SQL                        : 
    select
        m1_0.movie_id,
        m1_0.description,
        m1_0.poster_id,
        m1_0.rated,
        m1_0.title,
        m1_0.year 
    from
        movie m1_0 
    where
        m1_0.movie_id=?
2023-11-30T02:05:08.934-07:00 DEBUG 36396 --- [http-nio-8080-exec-7] org.hibernate.SQL                        : 
    select
        m1_0.movie_id,
        m1_0.description,
        m1_0.poster_id,
        m1_0.rated,
        m1_0.title,
        m1_0.year 
    from
        movie m1_0 
    where
        m1_0.movie_id=?
2023-11-30T02:05:08.935-07:00 DEBUG 36396 --- [http-nio-8080-exec-3] org.hibernate.SQL                        : 
    select
        m1_0.movie_id,
        m1_0.description,
        m1_0.poster_id,
        m1_0.rated,
        m1_0.title,
        m1_0.year 
    from
        movie m1_0 
    where
        m1_0.movie_id=?
2023-11-30T02:05:08.935-07:00 DEBUG 36396 --- [http-nio-8080-exec-5] org.hibernate.SQL                        : 
    select
        m1_0.poster_id,
        m1_0.file_name,
        m1_0.path,
        m1_0.file_size 
    from
        movie_poster m1_0 
    where
        m1_0.poster_id=?
2023-11-30T02:05:08.935-07:00 DEBUG 36396 --- [http-nio-8080-exec-2] org.hibernate.SQL                        : 
    select
        m1_0.poster_id,
        m1_0.file_name,
        m1_0.path,
        m1_0.file_size 
    from
        movie_poster m1_0 
    where
        m1_0.poster_id=?
2023-11-30T02:05:08.935-07:00 DEBUG 36396 --- [http-nio-8080-exec-9] org.hibernate.SQL                        : 
    select
        m1_0.poster_id,
        m1_0.file_name,
        m1_0.path,
        m1_0.file_size 
    from
        movie_poster m1_0 
    where
        m1_0.poster_id=?
2023-11-30T02:05:08.935-07:00 DEBUG 36396 --- [http-nio-8080-exec-7] org.hibernate.SQL                        : 
    select
        m1_0.poster_id,
        m1_0.file_name,
        m1_0.path,
        m1_0.file_size 
    from
        movie_poster m1_0 
    where
        m1_0.poster_id=?
2023-11-30T02:05:08.935-07:00 DEBUG 36396 --- [http-nio-8080-exec-3] org.hibernate.SQL                        : 
    select
        m1_0.poster_id,
        m1_0.file_name,
        m1_0.path,
        m1_0.file_size 
    from
        movie_poster m1_0 
    where
        m1_0.poster_id=?
2023-11-30T02:05:08.935-07:00 DEBUG 36396 --- [http-nio-8080-exec-8] org.hibernate.SQL                        : 
    select
        m1_0.poster_id,
        m1_0.file_name,
        m1_0.path,
        m1_0.file_size 
    from
        movie_poster m1_0 
    where
        m1_0.poster_id=?
2023-11-30T02:05:08.939-07:00 DEBUG 36396 --- [http-nio-8080-exec-6] o.s.security.web.FilterChainProxy        : Securing GET /api/images/movie/18
2023-11-30T02:05:08.940-07:00  INFO 36396 --- [http-nio-8080-exec-6] c.c.c.security.JwtAuthenticationFilter   : authToken:eyJ0eXAiOiJKV1QiLCJhbGciOiJIUzI1NiJ9.eyJleHAiOjE3MDEzMzg2NzAsInVzZXJuYW1lIjoiQWRtaW4xIn0.Gzx9GlnTu1aYyvwAEouDpx8-TYWEXo8a3_pUTS47oWk
2023-11-30T02:05:08.940-07:00 DEBUG 36396 --- [http-nio-8080-exec-10] o.s.security.web.FilterChainProxy        : Securing GET /api/images/movie/19
2023-11-30T02:05:08.940-07:00 DEBUG 36396 --- [http-nio-8080-exec-1] o.s.security.web.FilterChainProxy        : Securing GET /api/images/movie/20
2023-11-30T02:05:08.940-07:00  INFO 36396 --- [http-nio-8080-exec-6] c.c.c.security.JwtAuthenticationFilter   : username: Admin1
2023-11-30T02:05:08.940-07:00  INFO 36396 --- [http-nio-8080-exec-10] c.c.c.security.JwtAuthenticationFilter   : authToken:eyJ0eXAiOiJKV1QiLCJhbGciOiJIUzI1NiJ9.eyJleHAiOjE3MDEzMzg2NzAsInVzZXJuYW1lIjoiQWRtaW4xIn0.Gzx9GlnTu1aYyvwAEouDpx8-TYWEXo8a3_pUTS47oWk
2023-11-30T02:05:08.940-07:00  INFO 36396 --- [http-nio-8080-exec-1] c.c.c.security.JwtAuthenticationFilter   : authToken:eyJ0eXAiOiJKV1QiLCJhbGciOiJIUzI1NiJ9.eyJleHAiOjE3MDEzMzg2NzAsInVzZXJuYW1lIjoiQWRtaW4xIn0.Gzx9GlnTu1aYyvwAEouDpx8-TYWEXo8a3_pUTS47oWk
2023-11-30T02:05:08.940-07:00  INFO 36396 --- [http-nio-8080-exec-1] c.c.c.security.JwtAuthenticationFilter   : username: Admin1
2023-11-30T02:05:08.940-07:00  INFO 36396 --- [http-nio-8080-exec-10] c.c.c.security.JwtAuthenticationFilter   : username: Admin1
2023-11-30T02:05:08.941-07:00 DEBUG 36396 --- [http-nio-8080-exec-6] org.hibernate.SQL                        : 
    select
        u1_0.user_id,
        u1_0.avatar_id,
        u1_0.email,
        u1_0.first_name,
        u1_0.last_name,
        u1_0.password,
        u1_0.username 
    from
        user u1_0 
    where
        upper(u1_0.username)=upper(?)
2023-11-30T02:05:08.941-07:00 DEBUG 36396 --- [http-nio-8080-exec-1] org.hibernate.SQL                        : 
    select
        u1_0.user_id,
        u1_0.avatar_id,
        u1_0.email,
        u1_0.first_name,
        u1_0.last_name,
        u1_0.password,
        u1_0.username 
    from
        user u1_0 
    where
        upper(u1_0.username)=upper(?)
2023-11-30T02:05:08.941-07:00 DEBUG 36396 --- [http-nio-8080-exec-10] org.hibernate.SQL                        : 
    select
        u1_0.user_id,
        u1_0.avatar_id,
        u1_0.email,
        u1_0.first_name,
        u1_0.last_name,
        u1_0.password,
        u1_0.username 
    from
        user u1_0 
    where
        upper(u1_0.username)=upper(?)
2023-11-30T02:05:08.941-07:00 DEBUG 36396 --- [http-nio-8080-exec-10] org.hibernate.SQL                        : 
    select
        r1_0.user_id,
        r1_1.role_id,
        r1_1.name 
    from
        user_roles r1_0 
    join
        role r1_1 
            on r1_1.role_id=r1_0.role_id 
    where
        r1_0.user_id=?
2023-11-30T02:05:08.941-07:00 DEBUG 36396 --- [http-nio-8080-exec-1] org.hibernate.SQL                        : 
    select
        r1_0.user_id,
        r1_1.role_id,
        r1_1.name 
    from
        user_roles r1_0 
    join
        role r1_1 
            on r1_1.role_id=r1_0.role_id 
    where
        r1_0.user_id=?
2023-11-30T02:05:08.941-07:00 DEBUG 36396 --- [http-nio-8080-exec-6] org.hibernate.SQL                        : 
    select
        r1_0.user_id,
        r1_1.role_id,
        r1_1.name 
    from
        user_roles r1_0 
    join
        role r1_1 
            on r1_1.role_id=r1_0.role_id 
    where
        r1_0.user_id=?
2023-11-30T02:05:08.942-07:00  INFO 36396 --- [http-nio-8080-exec-6] c.c.c.security.JwtAuthenticationFilter   : Authorities: [ROLE_USER, ROLE_ADMIN]
2023-11-30T02:05:08.942-07:00  INFO 36396 --- [http-nio-8080-exec-10] c.c.c.security.JwtAuthenticationFilter   : Authorities: [ROLE_USER, ROLE_ADMIN]
2023-11-30T02:05:08.942-07:00  INFO 36396 --- [http-nio-8080-exec-1] c.c.c.security.JwtAuthenticationFilter   : Authorities: [ROLE_USER, ROLE_ADMIN]
2023-11-30T02:05:08.942-07:00  INFO 36396 --- [http-nio-8080-exec-6] c.c.c.security.JwtAuthenticationFilter   : SecurityContextImpl [Authentication=UsernamePasswordAuthenticationToken [Principal=Admin1, Credentials=[PROTECTED], Authenticated=true, Details=WebAuthenticationDetails [RemoteIpAddress=0:0:0:0:0:0:0:1, SessionId=null], Granted Authorities=[ROLE_USER, ROLE_ADMIN]]]
2023-11-30T02:05:08.942-07:00  INFO 36396 --- [http-nio-8080-exec-10] c.c.c.security.JwtAuthenticationFilter   : SecurityContextImpl [Authentication=UsernamePasswordAuthenticationToken [Principal=Admin1, Credentials=[PROTECTED], Authenticated=true, Details=WebAuthenticationDetails [RemoteIpAddress=0:0:0:0:0:0:0:1, SessionId=null], Granted Authorities=[ROLE_USER, ROLE_ADMIN]]]
2023-11-30T02:05:08.942-07:00  INFO 36396 --- [http-nio-8080-exec-1] c.c.c.security.JwtAuthenticationFilter   : SecurityContextImpl [Authentication=UsernamePasswordAuthenticationToken [Principal=Admin1, Credentials=[PROTECTED], Authenticated=true, Details=WebAuthenticationDetails [RemoteIpAddress=0:0:0:0:0:0:0:1, SessionId=null], Granted Authorities=[ROLE_USER, ROLE_ADMIN]]]
2023-11-30T02:05:08.943-07:00 DEBUG 36396 --- [http-nio-8080-exec-6] o.s.security.web.FilterChainProxy        : Secured GET /api/images/movie/18
2023-11-30T02:05:08.943-07:00 DEBUG 36396 --- [http-nio-8080-exec-10] o.s.security.web.FilterChainProxy        : Secured GET /api/images/movie/19
2023-11-30T02:05:08.943-07:00 DEBUG 36396 --- [http-nio-8080-exec-1] o.s.security.web.FilterChainProxy        : Secured GET /api/images/movie/20
2023-11-30T02:05:08.944-07:00 DEBUG 36396 --- [http-nio-8080-exec-6] horizationManagerBeforeMethodInterceptor : Authorizing method invocation ReflectiveMethodInvocation: public org.springframework.http.ResponseEntity com.cm.cinematchapp.controllers.ImageController.getMoviePoster(java.lang.Long) throws java.io.IOException; target is of class [com.cm.cinematchapp.controllers.ImageController]
2023-11-30T02:05:08.944-07:00 DEBUG 36396 --- [http-nio-8080-exec-10] horizationManagerBeforeMethodInterceptor : Authorizing method invocation ReflectiveMethodInvocation: public org.springframework.http.ResponseEntity com.cm.cinematchapp.controllers.ImageController.getMoviePoster(java.lang.Long) throws java.io.IOException; target is of class [com.cm.cinematchapp.controllers.ImageController]
2023-11-30T02:05:08.944-07:00 DEBUG 36396 --- [http-nio-8080-exec-1] horizationManagerBeforeMethodInterceptor : Authorizing method invocation ReflectiveMethodInvocation: public org.springframework.http.ResponseEntity com.cm.cinematchapp.controllers.ImageController.getMoviePoster(java.lang.Long) throws java.io.IOException; target is of class [com.cm.cinematchapp.controllers.ImageController]
2023-11-30T02:05:08.944-07:00 DEBUG 36396 --- [http-nio-8080-exec-6] horizationManagerBeforeMethodInterceptor : Authorized method invocation ReflectiveMethodInvocation: public org.springframework.http.ResponseEntity com.cm.cinematchapp.controllers.ImageController.getMoviePoster(java.lang.Long) throws java.io.IOException; target is of class [com.cm.cinematchapp.controllers.ImageController]
2023-11-30T02:05:08.944-07:00 DEBUG 36396 --- [http-nio-8080-exec-10] horizationManagerBeforeMethodInterceptor : Authorized method invocation ReflectiveMethodInvocation: public org.springframework.http.ResponseEntity com.cm.cinematchapp.controllers.ImageController.getMoviePoster(java.lang.Long) throws java.io.IOException; target is of class [com.cm.cinematchapp.controllers.ImageController]
2023-11-30T02:05:08.944-07:00 DEBUG 36396 --- [http-nio-8080-exec-1] horizationManagerBeforeMethodInterceptor : Authorized method invocation ReflectiveMethodInvocation: public org.springframework.http.ResponseEntity com.cm.cinematchapp.controllers.ImageController.getMoviePoster(java.lang.Long) throws java.io.IOException; target is of class [com.cm.cinematchapp.controllers.ImageController]
2023-11-30T02:05:08.944-07:00 DEBUG 36396 --- [http-nio-8080-exec-10] org.hibernate.SQL                        : 
    select
        m1_0.movie_id,
        m1_0.description,
        m1_0.poster_id,
        m1_0.rated,
        m1_0.title,
        m1_0.year 
    from
        movie m1_0 
    where
        m1_0.movie_id=?
2023-11-30T02:05:08.944-07:00 DEBUG 36396 --- [http-nio-8080-exec-6] org.hibernate.SQL                        : 
    select
        m1_0.movie_id,
        m1_0.description,
        m1_0.poster_id,
        m1_0.rated,
        m1_0.title,
        m1_0.year 
    from
        movie m1_0 
    where
        m1_0.movie_id=?
2023-11-30T02:05:08.944-07:00 DEBUG 36396 --- [http-nio-8080-exec-1] org.hibernate.SQL                        : 
    select
        m1_0.movie_id,
        m1_0.description,
        m1_0.poster_id,
        m1_0.rated,
        m1_0.title,
        m1_0.year 
    from
        movie m1_0 
    where
        m1_0.movie_id=?
2023-11-30T02:05:08.945-07:00 DEBUG 36396 --- [http-nio-8080-exec-10] org.hibernate.SQL                        : 
    select
        m1_0.poster_id,
        m1_0.file_name,
        m1_0.path,
        m1_0.file_size 
    from
        movie_poster m1_0 
    where
        m1_0.poster_id=?
2023-11-30T02:05:08.945-07:00 DEBUG 36396 --- [http-nio-8080-exec-1] org.hibernate.SQL                        : 
    select
        m1_0.poster_id,
        m1_0.file_name,
        m1_0.path,
        m1_0.file_size 
    from
        movie_poster m1_0 
    where
        m1_0.poster_id=?
2023-11-30T02:05:08.945-07:00 DEBUG 36396 --- [http-nio-8080-exec-6] org.hibernate.SQL                        : 
    select
        m1_0.poster_id,
        m1_0.file_name,
        m1_0.path,
        m1_0.file_size 
    from
        movie_poster m1_0 
    where
        m1_0.poster_id=?
2023-11-30T02:05:34.395-07:00 DEBUG 36396 --- [http-nio-8080-exec-4] o.s.security.web.FilterChainProxy        : Securing OPTIONS /api/entities/movies
2023-11-30T02:05:34.397-07:00 DEBUG 36396 --- [http-nio-8080-exec-7] o.s.security.web.FilterChainProxy        : Securing GET /api/entities/movies
2023-11-30T02:05:34.397-07:00  INFO 36396 --- [http-nio-8080-exec-7] c.c.c.security.JwtAuthenticationFilter   : authToken:eyJ0eXAiOiJKV1QiLCJhbGciOiJIUzI1NiJ9.eyJleHAiOjE3MDEzMzg2NzAsInVzZXJuYW1lIjoiQWRtaW4xIn0.Gzx9GlnTu1aYyvwAEouDpx8-TYWEXo8a3_pUTS47oWk
2023-11-30T02:05:34.398-07:00  INFO 36396 --- [http-nio-8080-exec-7] c.c.c.security.JwtAuthenticationFilter   : username: Admin1
2023-11-30T02:05:34.399-07:00 DEBUG 36396 --- [http-nio-8080-exec-7] org.hibernate.SQL                        : 
    select
        u1_0.user_id,
        u1_0.avatar_id,
        u1_0.email,
        u1_0.first_name,
        u1_0.last_name,
        u1_0.password,
        u1_0.username 
    from
        user u1_0 
    where
        upper(u1_0.username)=upper(?)
2023-11-30T02:05:34.400-07:00 DEBUG 36396 --- [http-nio-8080-exec-7] org.hibernate.SQL                        : 
    select
        r1_0.user_id,
        r1_1.role_id,
        r1_1.name 
    from
        user_roles r1_0 
    join
        role r1_1 
            on r1_1.role_id=r1_0.role_id 
    where
        r1_0.user_id=?
2023-11-30T02:05:34.401-07:00  INFO 36396 --- [http-nio-8080-exec-7] c.c.c.security.JwtAuthenticationFilter   : Authorities: [ROLE_USER, ROLE_ADMIN]
2023-11-30T02:05:34.402-07:00  INFO 36396 --- [http-nio-8080-exec-7] c.c.c.security.JwtAuthenticationFilter   : SecurityContextImpl [Authentication=UsernamePasswordAuthenticationToken [Principal=Admin1, Credentials=[PROTECTED], Authenticated=true, Details=WebAuthenticationDetails [RemoteIpAddress=0:0:0:0:0:0:0:1, SessionId=null], Granted Authorities=[ROLE_USER, ROLE_ADMIN]]]
2023-11-30T02:05:34.402-07:00 DEBUG 36396 --- [http-nio-8080-exec-7] o.s.security.web.FilterChainProxy        : Secured GET /api/entities/movies
2023-11-30T02:05:34.402-07:00 DEBUG 36396 --- [http-nio-8080-exec-7] horizationManagerBeforeMethodInterceptor : Authorizing method invocation ReflectiveMethodInvocation: public org.springframework.http.ResponseEntity com.cm.cinematchapp.controllers.EntityController.getAllMovies(); target is of class [com.cm.cinematchapp.controllers.EntityController]
2023-11-30T02:05:34.403-07:00 DEBUG 36396 --- [http-nio-8080-exec-7] horizationManagerBeforeMethodInterceptor : Authorized method invocation ReflectiveMethodInvocation: public org.springframework.http.ResponseEntity com.cm.cinematchapp.controllers.EntityController.getAllMovies(); target is of class [com.cm.cinematchapp.controllers.EntityController]
2023-11-30T02:05:34.404-07:00 DEBUG 36396 --- [http-nio-8080-exec-7] org.hibernate.SQL                        : 
    select
        m1_0.movie_id,
        m1_0.description,
        m1_0.poster_id,
        m1_0.rated,
        m1_0.title,
        m1_0.year 
    from
        movie m1_0
2023-11-30T02:05:34.405-07:00 DEBUG 36396 --- [http-nio-8080-exec-7] org.hibernate.SQL                        : 
    select
        m1_0.poster_id,
        m1_0.file_name,
        m1_0.path,
        m1_0.file_size 
    from
        movie_poster m1_0 
    where
        m1_0.poster_id=?
2023-11-30T02:05:34.405-07:00 DEBUG 36396 --- [http-nio-8080-exec-7] org.hibernate.SQL                        : 
    select
        m1_0.poster_id,
        m1_0.file_name,
        m1_0.path,
        m1_0.file_size 
    from
        movie_poster m1_0 
    where
        m1_0.poster_id=?
2023-11-30T02:05:34.406-07:00 DEBUG 36396 --- [http-nio-8080-exec-7] org.hibernate.SQL                        : 
    select
        m1_0.poster_id,
        m1_0.file_name,
        m1_0.path,
        m1_0.file_size 
    from
        movie_poster m1_0 
    where
        m1_0.poster_id=?
2023-11-30T02:05:34.406-07:00 DEBUG 36396 --- [http-nio-8080-exec-7] org.hibernate.SQL                        : 
    select
        m1_0.poster_id,
        m1_0.file_name,
        m1_0.path,
        m1_0.file_size 
    from
        movie_poster m1_0 
    where
        m1_0.poster_id=?
2023-11-30T02:05:34.406-07:00 DEBUG 36396 --- [http-nio-8080-exec-7] org.hibernate.SQL                        : 
    select
        m1_0.poster_id,
        m1_0.file_name,
        m1_0.path,
        m1_0.file_size 
    from
        movie_poster m1_0 
    where
        m1_0.poster_id=?
2023-11-30T02:05:34.407-07:00 DEBUG 36396 --- [http-nio-8080-exec-7] org.hibernate.SQL                        : 
    select
        m1_0.poster_id,
        m1_0.file_name,
        m1_0.path,
        m1_0.file_size 
    from
        movie_poster m1_0 
    where
        m1_0.poster_id=?
2023-11-30T02:05:34.407-07:00 DEBUG 36396 --- [http-nio-8080-exec-7] org.hibernate.SQL                        : 
    select
        m1_0.poster_id,
        m1_0.file_name,
        m1_0.path,
        m1_0.file_size 
    from
        movie_poster m1_0 
    where
        m1_0.poster_id=?
2023-11-30T02:05:34.407-07:00 DEBUG 36396 --- [http-nio-8080-exec-7] org.hibernate.SQL                        : 
    select
        m1_0.poster_id,
        m1_0.file_name,
        m1_0.path,
        m1_0.file_size 
    from
        movie_poster m1_0 
    where
        m1_0.poster_id=?
2023-11-30T02:05:34.408-07:00 DEBUG 36396 --- [http-nio-8080-exec-7] org.hibernate.SQL                        : 
    select
        m1_0.poster_id,
        m1_0.file_name,
        m1_0.path,
        m1_0.file_size 
    from
        movie_poster m1_0 
    where
        m1_0.poster_id=?
2023-11-30T02:05:34.408-07:00 DEBUG 36396 --- [http-nio-8080-exec-7] org.hibernate.SQL                        : 
    select
        m1_0.poster_id,
        m1_0.file_name,
        m1_0.path,
        m1_0.file_size 
    from
        movie_poster m1_0 
    where
        m1_0.poster_id=?
2023-11-30T02:05:34.409-07:00 DEBUG 36396 --- [http-nio-8080-exec-7] org.hibernate.SQL                        : 
    select
        m1_0.poster_id,
        m1_0.file_name,
        m1_0.path,
        m1_0.file_size 
    from
        movie_poster m1_0 
    where
        m1_0.poster_id=?
2023-11-30T02:05:34.409-07:00 DEBUG 36396 --- [http-nio-8080-exec-7] org.hibernate.SQL                        : 
    select
        m1_0.poster_id,
        m1_0.file_name,
        m1_0.path,
        m1_0.file_size 
    from
        movie_poster m1_0 
    where
        m1_0.poster_id=?
2023-11-30T02:05:34.409-07:00 DEBUG 36396 --- [http-nio-8080-exec-7] org.hibernate.SQL                        : 
    select
        m1_0.poster_id,
        m1_0.file_name,
        m1_0.path,
        m1_0.file_size 
    from
        movie_poster m1_0 
    where
        m1_0.poster_id=?
2023-11-30T02:05:34.410-07:00 DEBUG 36396 --- [http-nio-8080-exec-7] org.hibernate.SQL                        : 
    select
        m1_0.poster_id,
        m1_0.file_name,
        m1_0.path,
        m1_0.file_size 
    from
        movie_poster m1_0 
    where
        m1_0.poster_id=?
2023-11-30T02:05:34.410-07:00 DEBUG 36396 --- [http-nio-8080-exec-7] org.hibernate.SQL                        : 
    select
        m1_0.poster_id,
        m1_0.file_name,
        m1_0.path,
        m1_0.file_size 
    from
        movie_poster m1_0 
    where
        m1_0.poster_id=?
2023-11-30T02:05:34.412-07:00 DEBUG 36396 --- [http-nio-8080-exec-7] org.hibernate.SQL                        : 
    select
        c1_0.streaming_info_id,
        c1_0.link,
        c1_0.service,
        c1_0.streaming_type 
    from
        country_info c1_0 
    where
        c1_0.streaming_info_id=?
2023-11-30T02:05:34.412-07:00 DEBUG 36396 --- [http-nio-8080-exec-7] org.hibernate.SQL                        : 
    select
        c1_0.streaming_info_id,
        c1_0.link,
        c1_0.service,
        c1_0.streaming_type 
    from
        country_info c1_0 
    where
        c1_0.streaming_info_id=?
2023-11-30T02:05:34.413-07:00 DEBUG 36396 --- [http-nio-8080-exec-7] org.hibernate.SQL                        : 
    select
        c1_0.streaming_info_id,
        c1_0.link,
        c1_0.service,
        c1_0.streaming_type 
    from
        country_info c1_0 
    where
        c1_0.streaming_info_id=?
2023-11-30T02:05:34.413-07:00 DEBUG 36396 --- [http-nio-8080-exec-7] org.hibernate.SQL                        : 
    select
        c1_0.streaming_info_id,
        c1_0.link,
        c1_0.service,
        c1_0.streaming_type 
    from
        country_info c1_0 
    where
        c1_0.streaming_info_id=?
2023-11-30T02:05:34.414-07:00 DEBUG 36396 --- [http-nio-8080-exec-7] org.hibernate.SQL                        : 
    select
        c1_0.streaming_info_id,
        c1_0.link,
        c1_0.service,
        c1_0.streaming_type 
    from
        country_info c1_0 
    where
        c1_0.streaming_info_id=?
2023-11-30T02:05:34.414-07:00 DEBUG 36396 --- [http-nio-8080-exec-7] org.hibernate.SQL                        : 
    select
        c1_0.streaming_info_id,
        c1_0.link,
        c1_0.service,
        c1_0.streaming_type 
    from
        country_info c1_0 
    where
        c1_0.streaming_info_id=?
2023-11-30T02:05:34.414-07:00 DEBUG 36396 --- [http-nio-8080-exec-7] org.hibernate.SQL                        : 
    select
        c1_0.streaming_info_id,
        c1_0.link,
        c1_0.service,
        c1_0.streaming_type 
    from
        country_info c1_0 
    where
        c1_0.streaming_info_id=?
2023-11-30T02:05:34.415-07:00 DEBUG 36396 --- [http-nio-8080-exec-7] org.hibernate.SQL                        : 
    select
        c1_0.streaming_info_id,
        c1_0.link,
        c1_0.service,
        c1_0.streaming_type 
    from
        country_info c1_0 
    where
        c1_0.streaming_info_id=?
2023-11-30T02:05:34.415-07:00 DEBUG 36396 --- [http-nio-8080-exec-7] org.hibernate.SQL                        : 
    select
        c1_0.streaming_info_id,
        c1_0.link,
        c1_0.service,
        c1_0.streaming_type 
    from
        country_info c1_0 
    where
        c1_0.streaming_info_id=?
2023-11-30T02:05:34.416-07:00 DEBUG 36396 --- [http-nio-8080-exec-7] org.hibernate.SQL                        : 
    select
        c1_0.streaming_info_id,
        c1_0.link,
        c1_0.service,
        c1_0.streaming_type 
    from
        country_info c1_0 
    where
        c1_0.streaming_info_id=?
2023-11-30T02:05:34.416-07:00 DEBUG 36396 --- [http-nio-8080-exec-7] org.hibernate.SQL                        : 
    select
        c1_0.streaming_info_id,
        c1_0.link,
        c1_0.service,
        c1_0.streaming_type 
    from
        country_info c1_0 
    where
        c1_0.streaming_info_id=?
2023-11-30T02:05:34.416-07:00 DEBUG 36396 --- [http-nio-8080-exec-7] org.hibernate.SQL                        : 
    select
        c1_0.streaming_info_id,
        c1_0.link,
        c1_0.service,
        c1_0.streaming_type 
    from
        country_info c1_0 
    where
        c1_0.streaming_info_id=?
2023-11-30T02:05:34.417-07:00 DEBUG 36396 --- [http-nio-8080-exec-7] org.hibernate.SQL                        : 
    select
        c1_0.streaming_info_id,
        c1_0.link,
        c1_0.service,
        c1_0.streaming_type 
    from
        country_info c1_0 
    where
        c1_0.streaming_info_id=?
2023-11-30T02:05:34.417-07:00 DEBUG 36396 --- [http-nio-8080-exec-7] org.hibernate.SQL                        : 
    select
        c1_0.streaming_info_id,
        c1_0.link,
        c1_0.service,
        c1_0.streaming_type 
    from
        country_info c1_0 
    where
        c1_0.streaming_info_id=?
2023-11-30T02:05:34.418-07:00 DEBUG 36396 --- [http-nio-8080-exec-7] org.hibernate.SQL                        : 
    select
        c1_0.streaming_info_id,
        c1_0.link,
        c1_0.service,
        c1_0.streaming_type 
    from
        country_info c1_0 
    where
        c1_0.streaming_info_id=?
2023-11-30T02:05:36.152-07:00 DEBUG 36396 --- [http-nio-8080-exec-9] o.s.security.web.FilterChainProxy        : Securing GET /api/entities/movies
2023-11-30T02:05:36.153-07:00  INFO 36396 --- [http-nio-8080-exec-9] c.c.c.security.JwtAuthenticationFilter   : authToken:eyJ0eXAiOiJKV1QiLCJhbGciOiJIUzI1NiJ9.eyJleHAiOjE3MDEzMzg2NzAsInVzZXJuYW1lIjoiQWRtaW4xIn0.Gzx9GlnTu1aYyvwAEouDpx8-TYWEXo8a3_pUTS47oWk
2023-11-30T02:05:36.154-07:00  INFO 36396 --- [http-nio-8080-exec-9] c.c.c.security.JwtAuthenticationFilter   : username: Admin1
2023-11-30T02:05:36.155-07:00 DEBUG 36396 --- [http-nio-8080-exec-9] org.hibernate.SQL                        : 
    select
        u1_0.user_id,
        u1_0.avatar_id,
        u1_0.email,
        u1_0.first_name,
        u1_0.last_name,
        u1_0.password,
        u1_0.username 
    from
        user u1_0 
    where
        upper(u1_0.username)=upper(?)
2023-11-30T02:05:36.156-07:00 DEBUG 36396 --- [http-nio-8080-exec-9] org.hibernate.SQL                        : 
    select
        r1_0.user_id,
        r1_1.role_id,
        r1_1.name 
    from
        user_roles r1_0 
    join
        role r1_1 
            on r1_1.role_id=r1_0.role_id 
    where
        r1_0.user_id=?
2023-11-30T02:05:36.156-07:00  INFO 36396 --- [http-nio-8080-exec-9] c.c.c.security.JwtAuthenticationFilter   : Authorities: [ROLE_USER, ROLE_ADMIN]
2023-11-30T02:05:36.156-07:00  INFO 36396 --- [http-nio-8080-exec-9] c.c.c.security.JwtAuthenticationFilter   : SecurityContextImpl [Authentication=UsernamePasswordAuthenticationToken [Principal=Admin1, Credentials=[PROTECTED], Authenticated=true, Details=WebAuthenticationDetails [RemoteIpAddress=0:0:0:0:0:0:0:1, SessionId=null], Granted Authorities=[ROLE_USER, ROLE_ADMIN]]]
2023-11-30T02:05:36.157-07:00 DEBUG 36396 --- [http-nio-8080-exec-9] o.s.security.web.FilterChainProxy        : Secured GET /api/entities/movies
2023-11-30T02:05:36.157-07:00 DEBUG 36396 --- [http-nio-8080-exec-9] horizationManagerBeforeMethodInterceptor : Authorizing method invocation ReflectiveMethodInvocation: public org.springframework.http.ResponseEntity com.cm.cinematchapp.controllers.EntityController.getAllMovies(); target is of class [com.cm.cinematchapp.controllers.EntityController]
2023-11-30T02:05:36.157-07:00 DEBUG 36396 --- [http-nio-8080-exec-9] horizationManagerBeforeMethodInterceptor : Authorized method invocation ReflectiveMethodInvocation: public org.springframework.http.ResponseEntity com.cm.cinematchapp.controllers.EntityController.getAllMovies(); target is of class [com.cm.cinematchapp.controllers.EntityController]
2023-11-30T02:05:36.158-07:00 DEBUG 36396 --- [http-nio-8080-exec-9] org.hibernate.SQL                        : 
    select
        m1_0.movie_id,
        m1_0.description,
        m1_0.poster_id,
        m1_0.rated,
        m1_0.title,
        m1_0.year 
    from
        movie m1_0
2023-11-30T02:05:36.158-07:00 DEBUG 36396 --- [http-nio-8080-exec-9] org.hibernate.SQL                        : 
    select
        m1_0.poster_id,
        m1_0.file_name,
        m1_0.path,
        m1_0.file_size 
    from
        movie_poster m1_0 
    where
        m1_0.poster_id=?
2023-11-30T02:05:36.159-07:00 DEBUG 36396 --- [http-nio-8080-exec-9] org.hibernate.SQL                        : 
    select
        m1_0.poster_id,
        m1_0.file_name,
        m1_0.path,
        m1_0.file_size 
    from
        movie_poster m1_0 
    where
        m1_0.poster_id=?
2023-11-30T02:05:36.159-07:00 DEBUG 36396 --- [http-nio-8080-exec-9] org.hibernate.SQL                        : 
    select
        m1_0.poster_id,
        m1_0.file_name,
        m1_0.path,
        m1_0.file_size 
    from
        movie_poster m1_0 
    where
        m1_0.poster_id=?
2023-11-30T02:05:36.159-07:00 DEBUG 36396 --- [http-nio-8080-exec-9] org.hibernate.SQL                        : 
    select
        m1_0.poster_id,
        m1_0.file_name,
        m1_0.path,
        m1_0.file_size 
    from
        movie_poster m1_0 
    where
        m1_0.poster_id=?
2023-11-30T02:05:36.160-07:00 DEBUG 36396 --- [http-nio-8080-exec-9] org.hibernate.SQL                        : 
    select
        m1_0.poster_id,
        m1_0.file_name,
        m1_0.path,
        m1_0.file_size 
    from
        movie_poster m1_0 
    where
        m1_0.poster_id=?
2023-11-30T02:05:36.160-07:00 DEBUG 36396 --- [http-nio-8080-exec-9] org.hibernate.SQL                        : 
    select
        m1_0.poster_id,
        m1_0.file_name,
        m1_0.path,
        m1_0.file_size 
    from
        movie_poster m1_0 
    where
        m1_0.poster_id=?
2023-11-30T02:05:36.160-07:00 DEBUG 36396 --- [http-nio-8080-exec-9] org.hibernate.SQL                        : 
    select
        m1_0.poster_id,
        m1_0.file_name,
        m1_0.path,
        m1_0.file_size 
    from
        movie_poster m1_0 
    where
        m1_0.poster_id=?
2023-11-30T02:05:36.160-07:00 DEBUG 36396 --- [http-nio-8080-exec-9] org.hibernate.SQL                        : 
    select
        m1_0.poster_id,
        m1_0.file_name,
        m1_0.path,
        m1_0.file_size 
    from
        movie_poster m1_0 
    where
        m1_0.poster_id=?
2023-11-30T02:05:36.160-07:00 DEBUG 36396 --- [http-nio-8080-exec-9] org.hibernate.SQL                        : 
    select
        m1_0.poster_id,
        m1_0.file_name,
        m1_0.path,
        m1_0.file_size 
    from
        movie_poster m1_0 
    where
        m1_0.poster_id=?
2023-11-30T02:05:36.161-07:00 DEBUG 36396 --- [http-nio-8080-exec-9] org.hibernate.SQL                        : 
    select
        m1_0.poster_id,
        m1_0.file_name,
        m1_0.path,
        m1_0.file_size 
    from
        movie_poster m1_0 
    where
        m1_0.poster_id=?
2023-11-30T02:05:36.161-07:00 DEBUG 36396 --- [http-nio-8080-exec-9] org.hibernate.SQL                        : 
    select
        m1_0.poster_id,
        m1_0.file_name,
        m1_0.path,
        m1_0.file_size 
    from
        movie_poster m1_0 
    where
        m1_0.poster_id=?
2023-11-30T02:05:36.161-07:00 DEBUG 36396 --- [http-nio-8080-exec-9] org.hibernate.SQL                        : 
    select
        m1_0.poster_id,
        m1_0.file_name,
        m1_0.path,
        m1_0.file_size 
    from
        movie_poster m1_0 
    where
        m1_0.poster_id=?
2023-11-30T02:05:36.161-07:00 DEBUG 36396 --- [http-nio-8080-exec-9] org.hibernate.SQL                        : 
    select
        m1_0.poster_id,
        m1_0.file_name,
        m1_0.path,
        m1_0.file_size 
    from
        movie_poster m1_0 
    where
        m1_0.poster_id=?
2023-11-30T02:05:36.162-07:00 DEBUG 36396 --- [http-nio-8080-exec-9] org.hibernate.SQL                        : 
    select
        m1_0.poster_id,
        m1_0.file_name,
        m1_0.path,
        m1_0.file_size 
    from
        movie_poster m1_0 
    where
        m1_0.poster_id=?
2023-11-30T02:05:36.162-07:00 DEBUG 36396 --- [http-nio-8080-exec-9] org.hibernate.SQL                        : 
    select
        m1_0.poster_id,
        m1_0.file_name,
        m1_0.path,
        m1_0.file_size 
    from
        movie_poster m1_0 
    where
        m1_0.poster_id=?
2023-11-30T02:05:36.163-07:00 DEBUG 36396 --- [http-nio-8080-exec-9] org.hibernate.SQL                        : 
    select
        c1_0.streaming_info_id,
        c1_0.link,
        c1_0.service,
        c1_0.streaming_type 
    from
        country_info c1_0 
    where
        c1_0.streaming_info_id=?
2023-11-30T02:05:36.164-07:00 DEBUG 36396 --- [http-nio-8080-exec-9] org.hibernate.SQL                        : 
    select
        c1_0.streaming_info_id,
        c1_0.link,
        c1_0.service,
        c1_0.streaming_type 
    from
        country_info c1_0 
    where
        c1_0.streaming_info_id=?
2023-11-30T02:05:36.164-07:00 DEBUG 36396 --- [http-nio-8080-exec-9] org.hibernate.SQL                        : 
    select
        c1_0.streaming_info_id,
        c1_0.link,
        c1_0.service,
        c1_0.streaming_type 
    from
        country_info c1_0 
    where
        c1_0.streaming_info_id=?
2023-11-30T02:05:36.165-07:00 DEBUG 36396 --- [http-nio-8080-exec-9] org.hibernate.SQL                        : 
    select
        c1_0.streaming_info_id,
        c1_0.link,
        c1_0.service,
        c1_0.streaming_type 
    from
        country_info c1_0 
    where
        c1_0.streaming_info_id=?
2023-11-30T02:05:36.165-07:00 DEBUG 36396 --- [http-nio-8080-exec-9] org.hibernate.SQL                        : 
    select
        c1_0.streaming_info_id,
        c1_0.link,
        c1_0.service,
        c1_0.streaming_type 
    from
        country_info c1_0 
    where
        c1_0.streaming_info_id=?
2023-11-30T02:05:36.166-07:00 DEBUG 36396 --- [http-nio-8080-exec-9] org.hibernate.SQL                        : 
    select
        c1_0.streaming_info_id,
        c1_0.link,
        c1_0.service,
        c1_0.streaming_type 
    from
        country_info c1_0 
    where
        c1_0.streaming_info_id=?
2023-11-30T02:05:36.166-07:00 DEBUG 36396 --- [http-nio-8080-exec-9] org.hibernate.SQL                        : 
    select
        c1_0.streaming_info_id,
        c1_0.link,
        c1_0.service,
        c1_0.streaming_type 
    from
        country_info c1_0 
    where
        c1_0.streaming_info_id=?
2023-11-30T02:05:36.167-07:00 DEBUG 36396 --- [http-nio-8080-exec-9] org.hibernate.SQL                        : 
    select
        c1_0.streaming_info_id,
        c1_0.link,
        c1_0.service,
        c1_0.streaming_type 
    from
        country_info c1_0 
    where
        c1_0.streaming_info_id=?
2023-11-30T02:05:36.167-07:00 DEBUG 36396 --- [http-nio-8080-exec-9] org.hibernate.SQL                        : 
    select
        c1_0.streaming_info_id,
        c1_0.link,
        c1_0.service,
        c1_0.streaming_type 
    from
        country_info c1_0 
    where
        c1_0.streaming_info_id=?
2023-11-30T02:05:36.168-07:00 DEBUG 36396 --- [http-nio-8080-exec-9] org.hibernate.SQL                        : 
    select
        c1_0.streaming_info_id,
        c1_0.link,
        c1_0.service,
        c1_0.streaming_type 
    from
        country_info c1_0 
    where
        c1_0.streaming_info_id=?
2023-11-30T02:05:36.169-07:00 DEBUG 36396 --- [http-nio-8080-exec-9] org.hibernate.SQL                        : 
    select
        c1_0.streaming_info_id,
        c1_0.link,
        c1_0.service,
        c1_0.streaming_type 
    from
        country_info c1_0 
    where
        c1_0.streaming_info_id=?
2023-11-30T02:05:36.169-07:00 DEBUG 36396 --- [http-nio-8080-exec-9] org.hibernate.SQL                        : 
    select
        c1_0.streaming_info_id,
        c1_0.link,
        c1_0.service,
        c1_0.streaming_type 
    from
        country_info c1_0 
    where
        c1_0.streaming_info_id=?
2023-11-30T02:05:36.170-07:00 DEBUG 36396 --- [http-nio-8080-exec-9] org.hibernate.SQL                        : 
    select
        c1_0.streaming_info_id,
        c1_0.link,
        c1_0.service,
        c1_0.streaming_type 
    from
        country_info c1_0 
    where
        c1_0.streaming_info_id=?
2023-11-30T02:05:36.170-07:00 DEBUG 36396 --- [http-nio-8080-exec-9] org.hibernate.SQL                        : 
    select
        c1_0.streaming_info_id,
        c1_0.link,
        c1_0.service,
        c1_0.streaming_type 
    from
        country_info c1_0 
    where
        c1_0.streaming_info_id=?
2023-11-30T02:05:36.171-07:00 DEBUG 36396 --- [http-nio-8080-exec-9] org.hibernate.SQL                        : 
    select
        c1_0.streaming_info_id,
        c1_0.link,
        c1_0.service,
        c1_0.streaming_type 
    from
        country_info c1_0 
    where
        c1_0.streaming_info_id=?
2023-11-30T02:05:36.175-07:00 DEBUG 36396 --- [http-nio-8080-exec-2] o.s.security.web.FilterChainProxy        : Securing OPTIONS /api/images/movie/1
2023-11-30T02:05:36.176-07:00 DEBUG 36396 --- [http-nio-8080-exec-8] o.s.security.web.FilterChainProxy        : Securing OPTIONS /api/images/movie/2
2023-11-30T02:05:36.177-07:00 DEBUG 36396 --- [http-nio-8080-exec-3] o.s.security.web.FilterChainProxy        : Securing GET /api/images/movie/1
2023-11-30T02:05:36.177-07:00 DEBUG 36396 --- [http-nio-8080-exec-5] o.s.security.web.FilterChainProxy        : Securing OPTIONS /api/images/movie/5
2023-11-30T02:05:36.177-07:00  INFO 36396 --- [http-nio-8080-exec-3] c.c.c.security.JwtAuthenticationFilter   : authToken:eyJ0eXAiOiJKV1QiLCJhbGciOiJIUzI1NiJ9.eyJleHAiOjE3MDEzMzg2NzAsInVzZXJuYW1lIjoiQWRtaW4xIn0.Gzx9GlnTu1aYyvwAEouDpx8-TYWEXo8a3_pUTS47oWk
2023-11-30T02:05:36.177-07:00  INFO 36396 --- [http-nio-8080-exec-3] c.c.c.security.JwtAuthenticationFilter   : username: Admin1
2023-11-30T02:05:36.177-07:00 DEBUG 36396 --- [http-nio-8080-exec-6] o.s.security.web.FilterChainProxy        : Securing OPTIONS /api/images/movie/6
2023-11-30T02:05:36.177-07:00 DEBUG 36396 --- [http-nio-8080-exec-1] o.s.security.web.FilterChainProxy        : Securing OPTIONS /api/images/movie/9
2023-11-30T02:05:36.178-07:00 DEBUG 36396 --- [http-nio-8080-exec-10] o.s.security.web.FilterChainProxy        : Securing OPTIONS /api/images/movie/10
2023-11-30T02:05:36.178-07:00 DEBUG 36396 --- [http-nio-8080-exec-4] o.s.security.web.FilterChainProxy        : Securing OPTIONS /api/images/movie/12
2023-11-30T02:05:36.178-07:00 DEBUG 36396 --- [http-nio-8080-exec-3] org.hibernate.SQL                        : 
    select
        u1_0.user_id,
        u1_0.avatar_id,
        u1_0.email,
        u1_0.first_name,
        u1_0.last_name,
        u1_0.password,
        u1_0.username 
    from
        user u1_0 
    where
        upper(u1_0.username)=upper(?)
2023-11-30T02:05:36.179-07:00 DEBUG 36396 --- [http-nio-8080-exec-3] org.hibernate.SQL                        : 
    select
        r1_0.user_id,
        r1_1.role_id,
        r1_1.name 
    from
        user_roles r1_0 
    join
        role r1_1 
            on r1_1.role_id=r1_0.role_id 
    where
        r1_0.user_id=?
2023-11-30T02:05:36.179-07:00 DEBUG 36396 --- [http-nio-8080-exec-7] o.s.security.web.FilterChainProxy        : Securing GET /api/images/movie/2
2023-11-30T02:05:36.179-07:00  INFO 36396 --- [http-nio-8080-exec-7] c.c.c.security.JwtAuthenticationFilter   : authToken:eyJ0eXAiOiJKV1QiLCJhbGciOiJIUzI1NiJ9.eyJleHAiOjE3MDEzMzg2NzAsInVzZXJuYW1lIjoiQWRtaW4xIn0.Gzx9GlnTu1aYyvwAEouDpx8-TYWEXo8a3_pUTS47oWk
2023-11-30T02:05:36.179-07:00  INFO 36396 --- [http-nio-8080-exec-7] c.c.c.security.JwtAuthenticationFilter   : username: Admin1
2023-11-30T02:05:36.179-07:00  INFO 36396 --- [http-nio-8080-exec-3] c.c.c.security.JwtAuthenticationFilter   : Authorities: [ROLE_USER, ROLE_ADMIN]
2023-11-30T02:05:36.179-07:00  INFO 36396 --- [http-nio-8080-exec-3] c.c.c.security.JwtAuthenticationFilter   : SecurityContextImpl [Authentication=UsernamePasswordAuthenticationToken [Principal=Admin1, Credentials=[PROTECTED], Authenticated=true, Details=WebAuthenticationDetails [RemoteIpAddress=0:0:0:0:0:0:0:1, SessionId=null], Granted Authorities=[ROLE_USER, ROLE_ADMIN]]]
2023-11-30T02:05:36.180-07:00 DEBUG 36396 --- [http-nio-8080-exec-7] org.hibernate.SQL                        : 
    select
        u1_0.user_id,
        u1_0.avatar_id,
        u1_0.email,
        u1_0.first_name,
        u1_0.last_name,
        u1_0.password,
        u1_0.username 
    from
        user u1_0 
    where
        upper(u1_0.username)=upper(?)
2023-11-30T02:05:36.180-07:00 DEBUG 36396 --- [http-nio-8080-exec-9] o.s.security.web.FilterChainProxy        : Securing OPTIONS /api/images/movie/13
2023-11-30T02:05:36.180-07:00 DEBUG 36396 --- [http-nio-8080-exec-2] o.s.security.web.FilterChainProxy        : Securing OPTIONS /api/images/movie/14
2023-11-30T02:05:36.180-07:00 DEBUG 36396 --- [http-nio-8080-exec-8] o.s.security.web.FilterChainProxy        : Securing OPTIONS /api/images/movie/15
2023-11-30T02:05:36.180-07:00 DEBUG 36396 --- [http-nio-8080-exec-3] o.s.security.web.FilterChainProxy        : Secured GET /api/images/movie/1
2023-11-30T02:05:36.180-07:00 DEBUG 36396 --- [http-nio-8080-exec-5] o.s.security.web.FilterChainProxy        : Securing OPTIONS /api/images/movie/16
2023-11-30T02:05:36.180-07:00 DEBUG 36396 --- [http-nio-8080-exec-7] org.hibernate.SQL                        : 
    select
        r1_0.user_id,
        r1_1.role_id,
        r1_1.name 
    from
        user_roles r1_0 
    join
        role r1_1 
            on r1_1.role_id=r1_0.role_id 
    where
        r1_0.user_id=?
2023-11-30T02:05:36.180-07:00 DEBUG 36396 --- [http-nio-8080-exec-3] horizationManagerBeforeMethodInterceptor : Authorizing method invocation ReflectiveMethodInvocation: public org.springframework.http.ResponseEntity com.cm.cinematchapp.controllers.ImageController.getMoviePoster(java.lang.Long) throws java.io.IOException; target is of class [com.cm.cinematchapp.controllers.ImageController]
2023-11-30T02:05:36.181-07:00 DEBUG 36396 --- [http-nio-8080-exec-3] horizationManagerBeforeMethodInterceptor : Authorized method invocation ReflectiveMethodInvocation: public org.springframework.http.ResponseEntity com.cm.cinematchapp.controllers.ImageController.getMoviePoster(java.lang.Long) throws java.io.IOException; target is of class [com.cm.cinematchapp.controllers.ImageController]
2023-11-30T02:05:36.181-07:00  INFO 36396 --- [http-nio-8080-exec-7] c.c.c.security.JwtAuthenticationFilter   : Authorities: [ROLE_USER, ROLE_ADMIN]
2023-11-30T02:05:36.181-07:00  INFO 36396 --- [http-nio-8080-exec-7] c.c.c.security.JwtAuthenticationFilter   : SecurityContextImpl [Authentication=UsernamePasswordAuthenticationToken [Principal=Admin1, Credentials=[PROTECTED], Authenticated=true, Details=WebAuthenticationDetails [RemoteIpAddress=0:0:0:0:0:0:0:1, SessionId=null], Granted Authorities=[ROLE_USER, ROLE_ADMIN]]]
2023-11-30T02:05:36.181-07:00 DEBUG 36396 --- [http-nio-8080-exec-3] org.hibernate.SQL                        : 
    select
        m1_0.movie_id,
        m1_0.description,
        m1_0.poster_id,
        m1_0.rated,
        m1_0.title,
        m1_0.year 
    from
        movie m1_0 
    where
        m1_0.movie_id=?
2023-11-30T02:05:36.181-07:00 DEBUG 36396 --- [http-nio-8080-exec-6] o.s.security.web.FilterChainProxy        : Securing OPTIONS /api/images/movie/17
2023-11-30T02:05:36.181-07:00 DEBUG 36396 --- [http-nio-8080-exec-7] o.s.security.web.FilterChainProxy        : Secured GET /api/images/movie/2
2023-11-30T02:05:36.181-07:00 DEBUG 36396 --- [http-nio-8080-exec-3] org.hibernate.SQL                        : 
    select
        m1_0.poster_id,
        m1_0.file_name,
        m1_0.path,
        m1_0.file_size 
    from
        movie_poster m1_0 
    where
        m1_0.poster_id=?
2023-11-30T02:05:36.182-07:00 DEBUG 36396 --- [http-nio-8080-exec-7] horizationManagerBeforeMethodInterceptor : Authorizing method invocation ReflectiveMethodInvocation: public org.springframework.http.ResponseEntity com.cm.cinematchapp.controllers.ImageController.getMoviePoster(java.lang.Long) throws java.io.IOException; target is of class [com.cm.cinematchapp.controllers.ImageController]
2023-11-30T02:05:36.182-07:00 DEBUG 36396 --- [http-nio-8080-exec-1] o.s.security.web.FilterChainProxy        : Securing OPTIONS /api/images/movie/18
2023-11-30T02:05:36.182-07:00 DEBUG 36396 --- [http-nio-8080-exec-7] horizationManagerBeforeMethodInterceptor : Authorized method invocation ReflectiveMethodInvocation: public org.springframework.http.ResponseEntity com.cm.cinematchapp.controllers.ImageController.getMoviePoster(java.lang.Long) throws java.io.IOException; target is of class [com.cm.cinematchapp.controllers.ImageController]
2023-11-30T02:05:36.182-07:00 DEBUG 36396 --- [http-nio-8080-exec-10] o.s.security.web.FilterChainProxy        : Securing OPTIONS /api/images/movie/19
2023-11-30T02:05:36.182-07:00 DEBUG 36396 --- [http-nio-8080-exec-4] o.s.security.web.FilterChainProxy        : Securing GET /api/images/movie/5
2023-11-30T02:05:36.182-07:00  INFO 36396 --- [http-nio-8080-exec-4] c.c.c.security.JwtAuthenticationFilter   : authToken:eyJ0eXAiOiJKV1QiLCJhbGciOiJIUzI1NiJ9.eyJleHAiOjE3MDEzMzg2NzAsInVzZXJuYW1lIjoiQWRtaW4xIn0.Gzx9GlnTu1aYyvwAEouDpx8-TYWEXo8a3_pUTS47oWk
2023-11-30T02:05:36.182-07:00 DEBUG 36396 --- [http-nio-8080-exec-7] org.hibernate.SQL                        : 
    select
        m1_0.movie_id,
        m1_0.description,
        m1_0.poster_id,
        m1_0.rated,
        m1_0.title,
        m1_0.year 
    from
        movie m1_0 
    where
        m1_0.movie_id=?
2023-11-30T02:05:36.182-07:00  INFO 36396 --- [http-nio-8080-exec-4] c.c.c.security.JwtAuthenticationFilter   : username: Admin1
2023-11-30T02:05:36.182-07:00 DEBUG 36396 --- [http-nio-8080-exec-9] o.s.security.web.FilterChainProxy        : Securing GET /api/images/movie/6
2023-11-30T02:05:36.183-07:00 DEBUG 36396 --- [http-nio-8080-exec-7] org.hibernate.SQL                        : 
    select
        m1_0.poster_id,
        m1_0.file_name,
        m1_0.path,
        m1_0.file_size 
    from
        movie_poster m1_0 
    where
        m1_0.poster_id=?
2023-11-30T02:05:36.183-07:00  INFO 36396 --- [http-nio-8080-exec-9] c.c.c.security.JwtAuthenticationFilter   : authToken:eyJ0eXAiOiJKV1QiLCJhbGciOiJIUzI1NiJ9.eyJleHAiOjE3MDEzMzg2NzAsInVzZXJuYW1lIjoiQWRtaW4xIn0.Gzx9GlnTu1aYyvwAEouDpx8-TYWEXo8a3_pUTS47oWk
2023-11-30T02:05:36.183-07:00  INFO 36396 --- [http-nio-8080-exec-9] c.c.c.security.JwtAuthenticationFilter   : username: Admin1
2023-11-30T02:05:36.183-07:00 DEBUG 36396 --- [http-nio-8080-exec-2] o.s.security.web.FilterChainProxy        : Securing OPTIONS /api/images/movie/20
2023-11-30T02:05:36.183-07:00 DEBUG 36396 --- [http-nio-8080-exec-4] org.hibernate.SQL                        : 
    select
        u1_0.user_id,
        u1_0.avatar_id,
        u1_0.email,
        u1_0.first_name,
        u1_0.last_name,
        u1_0.password,
        u1_0.username 
    from
        user u1_0 
    where
        upper(u1_0.username)=upper(?)
2023-11-30T02:05:36.183-07:00 DEBUG 36396 --- [http-nio-8080-exec-2] o.s.security.web.FilterChainProxy        : Securing GET /api/images/movie/9
2023-11-30T02:05:36.183-07:00 DEBUG 36396 --- [http-nio-8080-exec-9] org.hibernate.SQL                        : 
    select
        u1_0.user_id,
        u1_0.avatar_id,
        u1_0.email,
        u1_0.first_name,
        u1_0.last_name,
        u1_0.password,
        u1_0.username 
    from
        user u1_0 
    where
        upper(u1_0.username)=upper(?)
2023-11-30T02:05:36.183-07:00 DEBUG 36396 --- [http-nio-8080-exec-4] org.hibernate.SQL                        : 
    select
        r1_0.user_id,
        r1_1.role_id,
        r1_1.name 
    from
        user_roles r1_0 
    join
        role r1_1 
            on r1_1.role_id=r1_0.role_id 
    where
        r1_0.user_id=?
2023-11-30T02:05:36.183-07:00  INFO 36396 --- [http-nio-8080-exec-2] c.c.c.security.JwtAuthenticationFilter   : authToken:eyJ0eXAiOiJKV1QiLCJhbGciOiJIUzI1NiJ9.eyJleHAiOjE3MDEzMzg2NzAsInVzZXJuYW1lIjoiQWRtaW4xIn0.Gzx9GlnTu1aYyvwAEouDpx8-TYWEXo8a3_pUTS47oWk
2023-11-30T02:05:36.183-07:00  INFO 36396 --- [http-nio-8080-exec-2] c.c.c.security.JwtAuthenticationFilter   : username: Admin1
2023-11-30T02:05:36.184-07:00 DEBUG 36396 --- [http-nio-8080-exec-9] org.hibernate.SQL                        : 
    select
        r1_0.user_id,
        r1_1.role_id,
        r1_1.name 
    from
        user_roles r1_0 
    join
        role r1_1 
            on r1_1.role_id=r1_0.role_id 
    where
        r1_0.user_id=?
2023-11-30T02:05:36.184-07:00 DEBUG 36396 --- [http-nio-8080-exec-5] o.s.security.web.FilterChainProxy        : Securing GET /api/images/movie/12
2023-11-30T02:05:36.184-07:00  INFO 36396 --- [http-nio-8080-exec-5] c.c.c.security.JwtAuthenticationFilter   : authToken:eyJ0eXAiOiJKV1QiLCJhbGciOiJIUzI1NiJ9.eyJleHAiOjE3MDEzMzg2NzAsInVzZXJuYW1lIjoiQWRtaW4xIn0.Gzx9GlnTu1aYyvwAEouDpx8-TYWEXo8a3_pUTS47oWk
2023-11-30T02:05:36.184-07:00  INFO 36396 --- [http-nio-8080-exec-4] c.c.c.security.JwtAuthenticationFilter   : Authorities: [ROLE_USER, ROLE_ADMIN]
2023-11-30T02:05:36.184-07:00  INFO 36396 --- [http-nio-8080-exec-5] c.c.c.security.JwtAuthenticationFilter   : username: Admin1
2023-11-30T02:05:36.184-07:00 DEBUG 36396 --- [http-nio-8080-exec-2] org.hibernate.SQL                        : 
    select
        u1_0.user_id,
        u1_0.avatar_id,
        u1_0.email,
        u1_0.first_name,
        u1_0.last_name,
        u1_0.password,
        u1_0.username 
    from
        user u1_0 
    where
        upper(u1_0.username)=upper(?)
2023-11-30T02:05:36.184-07:00  INFO 36396 --- [http-nio-8080-exec-4] c.c.c.security.JwtAuthenticationFilter   : SecurityContextImpl [Authentication=UsernamePasswordAuthenticationToken [Principal=Admin1, Credentials=[PROTECTED], Authenticated=true, Details=WebAuthenticationDetails [RemoteIpAddress=0:0:0:0:0:0:0:1, SessionId=null], Granted Authorities=[ROLE_USER, ROLE_ADMIN]]]
2023-11-30T02:05:36.184-07:00 DEBUG 36396 --- [http-nio-8080-exec-6] o.s.security.web.FilterChainProxy        : Securing GET /api/images/movie/10
2023-11-30T02:05:36.184-07:00  INFO 36396 --- [http-nio-8080-exec-9] c.c.c.security.JwtAuthenticationFilter   : Authorities: [ROLE_USER, ROLE_ADMIN]
2023-11-30T02:05:36.184-07:00  INFO 36396 --- [http-nio-8080-exec-9] c.c.c.security.JwtAuthenticationFilter   : SecurityContextImpl [Authentication=UsernamePasswordAuthenticationToken [Principal=Admin1, Credentials=[PROTECTED], Authenticated=true, Details=WebAuthenticationDetails [RemoteIpAddress=0:0:0:0:0:0:0:1, SessionId=null], Granted Authorities=[ROLE_USER, ROLE_ADMIN]]]
2023-11-30T02:05:36.184-07:00 DEBUG 36396 --- [http-nio-8080-exec-5] org.hibernate.SQL                        : 
    select
        u1_0.user_id,
        u1_0.avatar_id,
        u1_0.email,
        u1_0.first_name,
        u1_0.last_name,
        u1_0.password,
        u1_0.username 
    from
        user u1_0 
    where
        upper(u1_0.username)=upper(?)
2023-11-30T02:05:36.184-07:00 DEBUG 36396 --- [http-nio-8080-exec-2] org.hibernate.SQL                        : 
    select
        r1_0.user_id,
        r1_1.role_id,
        r1_1.name 
    from
        user_roles r1_0 
    join
        role r1_1 
            on r1_1.role_id=r1_0.role_id 
    where
        r1_0.user_id=?
2023-11-30T02:05:36.184-07:00  INFO 36396 --- [http-nio-8080-exec-6] c.c.c.security.JwtAuthenticationFilter   : authToken:eyJ0eXAiOiJKV1QiLCJhbGciOiJIUzI1NiJ9.eyJleHAiOjE3MDEzMzg2NzAsInVzZXJuYW1lIjoiQWRtaW4xIn0.Gzx9GlnTu1aYyvwAEouDpx8-TYWEXo8a3_pUTS47oWk
2023-11-30T02:05:36.185-07:00  INFO 36396 --- [http-nio-8080-exec-6] c.c.c.security.JwtAuthenticationFilter   : username: Admin1
2023-11-30T02:05:36.185-07:00 DEBUG 36396 --- [http-nio-8080-exec-4] o.s.security.web.FilterChainProxy        : Secured GET /api/images/movie/5
2023-11-30T02:05:36.185-07:00 DEBUG 36396 --- [http-nio-8080-exec-5] org.hibernate.SQL                        : 
    select
        r1_0.user_id,
        r1_1.role_id,
        r1_1.name 
    from
        user_roles r1_0 
    join
        role r1_1 
            on r1_1.role_id=r1_0.role_id 
    where
        r1_0.user_id=?
2023-11-30T02:05:36.185-07:00  INFO 36396 --- [http-nio-8080-exec-2] c.c.c.security.JwtAuthenticationFilter   : Authorities: [ROLE_USER, ROLE_ADMIN]
2023-11-30T02:05:36.185-07:00 DEBUG 36396 --- [http-nio-8080-exec-1] o.s.security.web.FilterChainProxy        : Securing GET /api/images/movie/13
2023-11-30T02:05:36.185-07:00 DEBUG 36396 --- [http-nio-8080-exec-9] o.s.security.web.FilterChainProxy        : Secured GET /api/images/movie/6
2023-11-30T02:05:36.185-07:00 DEBUG 36396 --- [http-nio-8080-exec-4] horizationManagerBeforeMethodInterceptor : Authorizing method invocation ReflectiveMethodInvocation: public org.springframework.http.ResponseEntity com.cm.cinematchapp.controllers.ImageController.getMoviePoster(java.lang.Long) throws java.io.IOException; target is of class [com.cm.cinematchapp.controllers.ImageController]
2023-11-30T02:05:36.185-07:00 DEBUG 36396 --- [http-nio-8080-exec-6] org.hibernate.SQL                        : 
    select
        u1_0.user_id,
        u1_0.avatar_id,
        u1_0.email,
        u1_0.first_name,
        u1_0.last_name,
        u1_0.password,
        u1_0.username 
    from
        user u1_0 
    where
        upper(u1_0.username)=upper(?)
2023-11-30T02:05:36.185-07:00  INFO 36396 --- [http-nio-8080-exec-2] c.c.c.security.JwtAuthenticationFilter   : SecurityContextImpl [Authentication=UsernamePasswordAuthenticationToken [Principal=Admin1, Credentials=[PROTECTED], Authenticated=true, Details=WebAuthenticationDetails [RemoteIpAddress=0:0:0:0:0:0:0:1, SessionId=null], Granted Authorities=[ROLE_USER, ROLE_ADMIN]]]
2023-11-30T02:05:36.185-07:00  INFO 36396 --- [http-nio-8080-exec-1] c.c.c.security.JwtAuthenticationFilter   : authToken:eyJ0eXAiOiJKV1QiLCJhbGciOiJIUzI1NiJ9.eyJleHAiOjE3MDEzMzg2NzAsInVzZXJuYW1lIjoiQWRtaW4xIn0.Gzx9GlnTu1aYyvwAEouDpx8-TYWEXo8a3_pUTS47oWk
2023-11-30T02:05:36.185-07:00 DEBUG 36396 --- [http-nio-8080-exec-4] horizationManagerBeforeMethodInterceptor : Authorized method invocation ReflectiveMethodInvocation: public org.springframework.http.ResponseEntity com.cm.cinematchapp.controllers.ImageController.getMoviePoster(java.lang.Long) throws java.io.IOException; target is of class [com.cm.cinematchapp.controllers.ImageController]
2023-11-30T02:05:36.185-07:00  INFO 36396 --- [http-nio-8080-exec-1] c.c.c.security.JwtAuthenticationFilter   : username: Admin1
2023-11-30T02:05:36.185-07:00 DEBUG 36396 --- [http-nio-8080-exec-9] horizationManagerBeforeMethodInterceptor : Authorizing method invocation ReflectiveMethodInvocation: public org.springframework.http.ResponseEntity com.cm.cinematchapp.controllers.ImageController.getMoviePoster(java.lang.Long) throws java.io.IOException; target is of class [com.cm.cinematchapp.controllers.ImageController]
2023-11-30T02:05:36.186-07:00  INFO 36396 --- [http-nio-8080-exec-5] c.c.c.security.JwtAuthenticationFilter   : Authorities: [ROLE_USER, ROLE_ADMIN]
2023-11-30T02:05:36.186-07:00  INFO 36396 --- [http-nio-8080-exec-5] c.c.c.security.JwtAuthenticationFilter   : SecurityContextImpl [Authentication=UsernamePasswordAuthenticationToken [Principal=Admin1, Credentials=[PROTECTED], Authenticated=true, Details=WebAuthenticationDetails [RemoteIpAddress=0:0:0:0:0:0:0:1, SessionId=null], Granted Authorities=[ROLE_USER, ROLE_ADMIN]]]
2023-11-30T02:05:36.186-07:00 DEBUG 36396 --- [http-nio-8080-exec-6] org.hibernate.SQL                        : 
    select
        r1_0.user_id,
        r1_1.role_id,
        r1_1.name 
    from
        user_roles r1_0 
    join
        role r1_1 
            on r1_1.role_id=r1_0.role_id 
    where
        r1_0.user_id=?
2023-11-30T02:05:36.186-07:00 DEBUG 36396 --- [http-nio-8080-exec-9] horizationManagerBeforeMethodInterceptor : Authorized method invocation ReflectiveMethodInvocation: public org.springframework.http.ResponseEntity com.cm.cinematchapp.controllers.ImageController.getMoviePoster(java.lang.Long) throws java.io.IOException; target is of class [com.cm.cinematchapp.controllers.ImageController]
2023-11-30T02:05:36.186-07:00 DEBUG 36396 --- [http-nio-8080-exec-4] org.hibernate.SQL                        : 
    select
        m1_0.movie_id,
        m1_0.description,
        m1_0.poster_id,
        m1_0.rated,
        m1_0.title,
        m1_0.year 
    from
        movie m1_0 
    where
        m1_0.movie_id=?
2023-11-30T02:05:36.186-07:00 DEBUG 36396 --- [http-nio-8080-exec-2] o.s.security.web.FilterChainProxy        : Secured GET /api/images/movie/9
2023-11-30T02:05:36.186-07:00 DEBUG 36396 --- [http-nio-8080-exec-1] org.hibernate.SQL                        : 
    select
        u1_0.user_id,
        u1_0.avatar_id,
        u1_0.email,
        u1_0.first_name,
        u1_0.last_name,
        u1_0.password,
        u1_0.username 
    from
        user u1_0 
    where
        upper(u1_0.username)=upper(?)
2023-11-30T02:05:36.186-07:00 DEBUG 36396 --- [http-nio-8080-exec-9] org.hibernate.SQL                        : 
    select
        m1_0.movie_id,
        m1_0.description,
        m1_0.poster_id,
        m1_0.rated,
        m1_0.title,
        m1_0.year 
    from
        movie m1_0 
    where
        m1_0.movie_id=?
2023-11-30T02:05:36.187-07:00 DEBUG 36396 --- [http-nio-8080-exec-4] org.hibernate.SQL                        : 
    select
        m1_0.poster_id,
        m1_0.file_name,
        m1_0.path,
        m1_0.file_size 
    from
        movie_poster m1_0 
    where
        m1_0.poster_id=?
2023-11-30T02:05:36.187-07:00  INFO 36396 --- [http-nio-8080-exec-6] c.c.c.security.JwtAuthenticationFilter   : Authorities: [ROLE_USER, ROLE_ADMIN]
2023-11-30T02:05:36.187-07:00 DEBUG 36396 --- [http-nio-8080-exec-2] horizationManagerBeforeMethodInterceptor : Authorizing method invocation ReflectiveMethodInvocation: public org.springframework.http.ResponseEntity com.cm.cinematchapp.controllers.ImageController.getMoviePoster(java.lang.Long) throws java.io.IOException; target is of class [com.cm.cinematchapp.controllers.ImageController]
2023-11-30T02:05:36.187-07:00 DEBUG 36396 --- [http-nio-8080-exec-5] o.s.security.web.FilterChainProxy        : Secured GET /api/images/movie/12
2023-11-30T02:05:36.187-07:00  INFO 36396 --- [http-nio-8080-exec-6] c.c.c.security.JwtAuthenticationFilter   : SecurityContextImpl [Authentication=UsernamePasswordAuthenticationToken [Principal=Admin1, Credentials=[PROTECTED], Authenticated=true, Details=WebAuthenticationDetails [RemoteIpAddress=0:0:0:0:0:0:0:1, SessionId=null], Granted Authorities=[ROLE_USER, ROLE_ADMIN]]]
2023-11-30T02:05:36.187-07:00 DEBUG 36396 --- [http-nio-8080-exec-1] org.hibernate.SQL                        : 
    select
        r1_0.user_id,
        r1_1.role_id,
        r1_1.name 
    from
        user_roles r1_0 
    join
        role r1_1 
            on r1_1.role_id=r1_0.role_id 
    where
        r1_0.user_id=?
2023-11-30T02:05:36.187-07:00 DEBUG 36396 --- [http-nio-8080-exec-2] horizationManagerBeforeMethodInterceptor : Authorized method invocation ReflectiveMethodInvocation: public org.springframework.http.ResponseEntity com.cm.cinematchapp.controllers.ImageController.getMoviePoster(java.lang.Long) throws java.io.IOException; target is of class [com.cm.cinematchapp.controllers.ImageController]
2023-11-30T02:05:36.187-07:00 DEBUG 36396 --- [http-nio-8080-exec-9] org.hibernate.SQL                        : 
    select
        m1_0.poster_id,
        m1_0.file_name,
        m1_0.path,
        m1_0.file_size 
    from
        movie_poster m1_0 
    where
        m1_0.poster_id=?
2023-11-30T02:05:36.187-07:00 DEBUG 36396 --- [http-nio-8080-exec-5] horizationManagerBeforeMethodInterceptor : Authorizing method invocation ReflectiveMethodInvocation: public org.springframework.http.ResponseEntity com.cm.cinematchapp.controllers.ImageController.getMoviePoster(java.lang.Long) throws java.io.IOException; target is of class [com.cm.cinematchapp.controllers.ImageController]
2023-11-30T02:05:36.187-07:00 DEBUG 36396 --- [http-nio-8080-exec-5] horizationManagerBeforeMethodInterceptor : Authorized method invocation ReflectiveMethodInvocation: public org.springframework.http.ResponseEntity com.cm.cinematchapp.controllers.ImageController.getMoviePoster(java.lang.Long) throws java.io.IOException; target is of class [com.cm.cinematchapp.controllers.ImageController]
2023-11-30T02:05:36.188-07:00 DEBUG 36396 --- [http-nio-8080-exec-2] org.hibernate.SQL                        : 
    select
        m1_0.movie_id,
        m1_0.description,
        m1_0.poster_id,
        m1_0.rated,
        m1_0.title,
        m1_0.year 
    from
        movie m1_0 
    where
        m1_0.movie_id=?
2023-11-30T02:05:36.188-07:00  INFO 36396 --- [http-nio-8080-exec-1] c.c.c.security.JwtAuthenticationFilter   : Authorities: [ROLE_USER, ROLE_ADMIN]
2023-11-30T02:05:36.188-07:00 DEBUG 36396 --- [http-nio-8080-exec-6] o.s.security.web.FilterChainProxy        : Secured GET /api/images/movie/10
2023-11-30T02:05:36.188-07:00 DEBUG 36396 --- [http-nio-8080-exec-5] org.hibernate.SQL                        : 
    select
        m1_0.movie_id,
        m1_0.description,
        m1_0.poster_id,
        m1_0.rated,
        m1_0.title,
        m1_0.year 
    from
        movie m1_0 
    where
        m1_0.movie_id=?
2023-11-30T02:05:36.188-07:00  INFO 36396 --- [http-nio-8080-exec-1] c.c.c.security.JwtAuthenticationFilter   : SecurityContextImpl [Authentication=UsernamePasswordAuthenticationToken [Principal=Admin1, Credentials=[PROTECTED], Authenticated=true, Details=WebAuthenticationDetails [RemoteIpAddress=0:0:0:0:0:0:0:1, SessionId=null], Granted Authorities=[ROLE_USER, ROLE_ADMIN]]]
2023-11-30T02:05:36.188-07:00 DEBUG 36396 --- [http-nio-8080-exec-6] horizationManagerBeforeMethodInterceptor : Authorizing method invocation ReflectiveMethodInvocation: public org.springframework.http.ResponseEntity com.cm.cinematchapp.controllers.ImageController.getMoviePoster(java.lang.Long) throws java.io.IOException; target is of class [com.cm.cinematchapp.controllers.ImageController]
2023-11-30T02:05:36.188-07:00 DEBUG 36396 --- [http-nio-8080-exec-2] org.hibernate.SQL                        : 
    select
        m1_0.poster_id,
        m1_0.file_name,
        m1_0.path,
        m1_0.file_size 
    from
        movie_poster m1_0 
    where
        m1_0.poster_id=?
2023-11-30T02:05:36.188-07:00 DEBUG 36396 --- [http-nio-8080-exec-6] horizationManagerBeforeMethodInterceptor : Authorized method invocation ReflectiveMethodInvocation: public org.springframework.http.ResponseEntity com.cm.cinematchapp.controllers.ImageController.getMoviePoster(java.lang.Long) throws java.io.IOException; target is of class [com.cm.cinematchapp.controllers.ImageController]
2023-11-30T02:05:36.188-07:00 DEBUG 36396 --- [http-nio-8080-exec-5] org.hibernate.SQL                        : 
    select
        m1_0.poster_id,
        m1_0.file_name,
        m1_0.path,
        m1_0.file_size 
    from
        movie_poster m1_0 
    where
        m1_0.poster_id=?
2023-11-30T02:05:36.189-07:00 DEBUG 36396 --- [http-nio-8080-exec-1] o.s.security.web.FilterChainProxy        : Secured GET /api/images/movie/13
2023-11-30T02:05:36.189-07:00 DEBUG 36396 --- [http-nio-8080-exec-6] org.hibernate.SQL                        : 
    select
        m1_0.movie_id,
        m1_0.description,
        m1_0.poster_id,
        m1_0.rated,
        m1_0.title,
        m1_0.year 
    from
        movie m1_0 
    where
        m1_0.movie_id=?
2023-11-30T02:05:36.189-07:00 DEBUG 36396 --- [http-nio-8080-exec-1] horizationManagerBeforeMethodInterceptor : Authorizing method invocation ReflectiveMethodInvocation: public org.springframework.http.ResponseEntity com.cm.cinematchapp.controllers.ImageController.getMoviePoster(java.lang.Long) throws java.io.IOException; target is of class [com.cm.cinematchapp.controllers.ImageController]
2023-11-30T02:05:36.189-07:00 DEBUG 36396 --- [http-nio-8080-exec-6] org.hibernate.SQL                        : 
    select
        m1_0.poster_id,
        m1_0.file_name,
        m1_0.path,
        m1_0.file_size 
    from
        movie_poster m1_0 
    where
        m1_0.poster_id=?
2023-11-30T02:05:36.189-07:00 DEBUG 36396 --- [http-nio-8080-exec-1] horizationManagerBeforeMethodInterceptor : Authorized method invocation ReflectiveMethodInvocation: public org.springframework.http.ResponseEntity com.cm.cinematchapp.controllers.ImageController.getMoviePoster(java.lang.Long) throws java.io.IOException; target is of class [com.cm.cinematchapp.controllers.ImageController]
2023-11-30T02:05:36.190-07:00 DEBUG 36396 --- [http-nio-8080-exec-10] o.s.security.web.FilterChainProxy        : Securing GET /api/images/movie/14
2023-11-30T02:05:36.190-07:00 DEBUG 36396 --- [http-nio-8080-exec-3] o.s.security.web.FilterChainProxy        : Securing GET /api/images/movie/15
2023-11-30T02:05:36.190-07:00 DEBUG 36396 --- [http-nio-8080-exec-1] org.hibernate.SQL                        : 
    select
        m1_0.movie_id,
        m1_0.description,
        m1_0.poster_id,
        m1_0.rated,
        m1_0.title,
        m1_0.year 
    from
        movie m1_0 
    where
        m1_0.movie_id=?
2023-11-30T02:05:36.190-07:00  INFO 36396 --- [http-nio-8080-exec-3] c.c.c.security.JwtAuthenticationFilter   : authToken:eyJ0eXAiOiJKV1QiLCJhbGciOiJIUzI1NiJ9.eyJleHAiOjE3MDEzMzg2NzAsInVzZXJuYW1lIjoiQWRtaW4xIn0.Gzx9GlnTu1aYyvwAEouDpx8-TYWEXo8a3_pUTS47oWk
2023-11-30T02:05:36.190-07:00  INFO 36396 --- [http-nio-8080-exec-10] c.c.c.security.JwtAuthenticationFilter   : authToken:eyJ0eXAiOiJKV1QiLCJhbGciOiJIUzI1NiJ9.eyJleHAiOjE3MDEzMzg2NzAsInVzZXJuYW1lIjoiQWRtaW4xIn0.Gzx9GlnTu1aYyvwAEouDpx8-TYWEXo8a3_pUTS47oWk
2023-11-30T02:05:36.190-07:00  INFO 36396 --- [http-nio-8080-exec-10] c.c.c.security.JwtAuthenticationFilter   : username: Admin1
2023-11-30T02:05:36.190-07:00  INFO 36396 --- [http-nio-8080-exec-3] c.c.c.security.JwtAuthenticationFilter   : username: Admin1
2023-11-30T02:05:36.190-07:00 DEBUG 36396 --- [http-nio-8080-exec-1] org.hibernate.SQL                        : 
    select
        m1_0.poster_id,
        m1_0.file_name,
        m1_0.path,
        m1_0.file_size 
    from
        movie_poster m1_0 
    where
        m1_0.poster_id=?
2023-11-30T02:05:36.190-07:00 DEBUG 36396 --- [http-nio-8080-exec-3] org.hibernate.SQL                        : 
    select
        u1_0.user_id,
        u1_0.avatar_id,
        u1_0.email,
        u1_0.first_name,
        u1_0.last_name,
        u1_0.password,
        u1_0.username 
    from
        user u1_0 
    where
        upper(u1_0.username)=upper(?)
2023-11-30T02:05:36.190-07:00 DEBUG 36396 --- [http-nio-8080-exec-10] org.hibernate.SQL                        : 
    select
        u1_0.user_id,
        u1_0.avatar_id,
        u1_0.email,
        u1_0.first_name,
        u1_0.last_name,
        u1_0.password,
        u1_0.username 
    from
        user u1_0 
    where
        upper(u1_0.username)=upper(?)
2023-11-30T02:05:36.191-07:00 DEBUG 36396 --- [http-nio-8080-exec-8] o.s.security.web.FilterChainProxy        : Securing GET /api/images/movie/16
2023-11-30T02:05:36.191-07:00  INFO 36396 --- [http-nio-8080-exec-8] c.c.c.security.JwtAuthenticationFilter   : authToken:eyJ0eXAiOiJKV1QiLCJhbGciOiJIUzI1NiJ9.eyJleHAiOjE3MDEzMzg2NzAsInVzZXJuYW1lIjoiQWRtaW4xIn0.Gzx9GlnTu1aYyvwAEouDpx8-TYWEXo8a3_pUTS47oWk
2023-11-30T02:05:36.191-07:00 DEBUG 36396 --- [http-nio-8080-exec-7] o.s.security.web.FilterChainProxy        : Securing GET /api/images/movie/17
2023-11-30T02:05:36.191-07:00  INFO 36396 --- [http-nio-8080-exec-8] c.c.c.security.JwtAuthenticationFilter   : username: Admin1
2023-11-30T02:05:36.191-07:00 DEBUG 36396 --- [http-nio-8080-exec-10] org.hibernate.SQL                        : 
    select
        r1_0.user_id,
        r1_1.role_id,
        r1_1.name 
    from
        user_roles r1_0 
    join
        role r1_1 
            on r1_1.role_id=r1_0.role_id 
    where
        r1_0.user_id=?
2023-11-30T02:05:36.191-07:00 DEBUG 36396 --- [http-nio-8080-exec-3] org.hibernate.SQL                        : 
    select
        r1_0.user_id,
        r1_1.role_id,
        r1_1.name 
    from
        user_roles r1_0 
    join
        role r1_1 
            on r1_1.role_id=r1_0.role_id 
    where
        r1_0.user_id=?
2023-11-30T02:05:36.191-07:00  INFO 36396 --- [http-nio-8080-exec-7] c.c.c.security.JwtAuthenticationFilter   : authToken:eyJ0eXAiOiJKV1QiLCJhbGciOiJIUzI1NiJ9.eyJleHAiOjE3MDEzMzg2NzAsInVzZXJuYW1lIjoiQWRtaW4xIn0.Gzx9GlnTu1aYyvwAEouDpx8-TYWEXo8a3_pUTS47oWk
2023-11-30T02:05:36.191-07:00  INFO 36396 --- [http-nio-8080-exec-7] c.c.c.security.JwtAuthenticationFilter   : username: Admin1
2023-11-30T02:05:36.191-07:00 DEBUG 36396 --- [http-nio-8080-exec-8] org.hibernate.SQL                        : 
    select
        u1_0.user_id,
        u1_0.avatar_id,
        u1_0.email,
        u1_0.first_name,
        u1_0.last_name,
        u1_0.password,
        u1_0.username 
    from
        user u1_0 
    where
        upper(u1_0.username)=upper(?)
2023-11-30T02:05:36.192-07:00 DEBUG 36396 --- [http-nio-8080-exec-4] o.s.security.web.FilterChainProxy        : Securing GET /api/images/movie/18
2023-11-30T02:05:36.192-07:00 DEBUG 36396 --- [http-nio-8080-exec-7] org.hibernate.SQL                        : 
    select
        u1_0.user_id,
        u1_0.avatar_id,
        u1_0.email,
        u1_0.first_name,
        u1_0.last_name,
        u1_0.password,
        u1_0.username 
    from
        user u1_0 
    where
        upper(u1_0.username)=upper(?)
2023-11-30T02:05:36.192-07:00  INFO 36396 --- [http-nio-8080-exec-10] c.c.c.security.JwtAuthenticationFilter   : Authorities: [ROLE_USER, ROLE_ADMIN]
2023-11-30T02:05:36.192-07:00  INFO 36396 --- [http-nio-8080-exec-3] c.c.c.security.JwtAuthenticationFilter   : Authorities: [ROLE_USER, ROLE_ADMIN]
2023-11-30T02:05:36.192-07:00  INFO 36396 --- [http-nio-8080-exec-4] c.c.c.security.JwtAuthenticationFilter   : authToken:eyJ0eXAiOiJKV1QiLCJhbGciOiJIUzI1NiJ9.eyJleHAiOjE3MDEzMzg2NzAsInVzZXJuYW1lIjoiQWRtaW4xIn0.Gzx9GlnTu1aYyvwAEouDpx8-TYWEXo8a3_pUTS47oWk
2023-11-30T02:05:36.192-07:00  INFO 36396 --- [http-nio-8080-exec-10] c.c.c.security.JwtAuthenticationFilter   : SecurityContextImpl [Authentication=UsernamePasswordAuthenticationToken [Principal=Admin1, Credentials=[PROTECTED], Authenticated=true, Details=WebAuthenticationDetails [RemoteIpAddress=0:0:0:0:0:0:0:1, SessionId=null], Granted Authorities=[ROLE_USER, ROLE_ADMIN]]]
2023-11-30T02:05:36.192-07:00  INFO 36396 --- [http-nio-8080-exec-3] c.c.c.security.JwtAuthenticationFilter   : SecurityContextImpl [Authentication=UsernamePasswordAuthenticationToken [Principal=Admin1, Credentials=[PROTECTED], Authenticated=true, Details=WebAuthenticationDetails [RemoteIpAddress=0:0:0:0:0:0:0:1, SessionId=null], Granted Authorities=[ROLE_USER, ROLE_ADMIN]]]
2023-11-30T02:05:36.192-07:00  INFO 36396 --- [http-nio-8080-exec-4] c.c.c.security.JwtAuthenticationFilter   : username: Admin1
2023-11-30T02:05:36.192-07:00 DEBUG 36396 --- [http-nio-8080-exec-8] org.hibernate.SQL                        : 
    select
        r1_0.user_id,
        r1_1.role_id,
        r1_1.name 
    from
        user_roles r1_0 
    join
        role r1_1 
            on r1_1.role_id=r1_0.role_id 
    where
        r1_0.user_id=?
2023-11-30T02:05:36.192-07:00 DEBUG 36396 --- [http-nio-8080-exec-9] o.s.security.web.FilterChainProxy        : Securing GET /api/images/movie/19
2023-11-30T02:05:36.192-07:00 DEBUG 36396 --- [http-nio-8080-exec-7] org.hibernate.SQL                        : 
    select
        r1_0.user_id,
        r1_1.role_id,
        r1_1.name 
    from
        user_roles r1_0 
    join
        role r1_1 
            on r1_1.role_id=r1_0.role_id 
    where
        r1_0.user_id=?
2023-11-30T02:05:36.192-07:00 DEBUG 36396 --- [http-nio-8080-exec-4] org.hibernate.SQL                        : 
    select
        u1_0.user_id,
        u1_0.avatar_id,
        u1_0.email,
        u1_0.first_name,
        u1_0.last_name,
        u1_0.password,
        u1_0.username 
    from
        user u1_0 
    where
        upper(u1_0.username)=upper(?)
2023-11-30T02:05:36.192-07:00  INFO 36396 --- [http-nio-8080-exec-9] c.c.c.security.JwtAuthenticationFilter   : authToken:eyJ0eXAiOiJKV1QiLCJhbGciOiJIUzI1NiJ9.eyJleHAiOjE3MDEzMzg2NzAsInVzZXJuYW1lIjoiQWRtaW4xIn0.Gzx9GlnTu1aYyvwAEouDpx8-TYWEXo8a3_pUTS47oWk
2023-11-30T02:05:36.193-07:00  INFO 36396 --- [http-nio-8080-exec-9] c.c.c.security.JwtAuthenticationFilter   : username: Admin1
2023-11-30T02:05:36.193-07:00  INFO 36396 --- [http-nio-8080-exec-8] c.c.c.security.JwtAuthenticationFilter   : Authorities: [ROLE_USER, ROLE_ADMIN]
2023-11-30T02:05:36.193-07:00 DEBUG 36396 --- [http-nio-8080-exec-3] o.s.security.web.FilterChainProxy        : Secured GET /api/images/movie/15
2023-11-30T02:05:36.193-07:00  INFO 36396 --- [http-nio-8080-exec-8] c.c.c.security.JwtAuthenticationFilter   : SecurityContextImpl [Authentication=UsernamePasswordAuthenticationToken [Principal=Admin1, Credentials=[PROTECTED], Authenticated=true, Details=WebAuthenticationDetails [RemoteIpAddress=0:0:0:0:0:0:0:1, SessionId=null], Granted Authorities=[ROLE_USER, ROLE_ADMIN]]]
2023-11-30T02:05:36.193-07:00 DEBUG 36396 --- [http-nio-8080-exec-4] org.hibernate.SQL                        : 
    select
        r1_0.user_id,
        r1_1.role_id,
        r1_1.name 
    from
        user_roles r1_0 
    join
        role r1_1 
            on r1_1.role_id=r1_0.role_id 
    where
        r1_0.user_id=?
2023-11-30T02:05:36.193-07:00  INFO 36396 --- [http-nio-8080-exec-7] c.c.c.security.JwtAuthenticationFilter   : Authorities: [ROLE_USER, ROLE_ADMIN]
2023-11-30T02:05:36.193-07:00 DEBUG 36396 --- [http-nio-8080-exec-9] org.hibernate.SQL                        : 
    select
        u1_0.user_id,
        u1_0.avatar_id,
        u1_0.email,
        u1_0.first_name,
        u1_0.last_name,
        u1_0.password,
        u1_0.username 
    from
        user u1_0 
    where
        upper(u1_0.username)=upper(?)
2023-11-30T02:05:36.193-07:00  INFO 36396 --- [http-nio-8080-exec-7] c.c.c.security.JwtAuthenticationFilter   : SecurityContextImpl [Authentication=UsernamePasswordAuthenticationToken [Principal=Admin1, Credentials=[PROTECTED], Authenticated=true, Details=WebAuthenticationDetails [RemoteIpAddress=0:0:0:0:0:0:0:1, SessionId=null], Granted Authorities=[ROLE_USER, ROLE_ADMIN]]]
2023-11-30T02:05:36.193-07:00 DEBUG 36396 --- [http-nio-8080-exec-10] o.s.security.web.FilterChainProxy        : Secured GET /api/images/movie/14
2023-11-30T02:05:36.193-07:00 DEBUG 36396 --- [http-nio-8080-exec-3] horizationManagerBeforeMethodInterceptor : Authorizing method invocation ReflectiveMethodInvocation: public org.springframework.http.ResponseEntity com.cm.cinematchapp.controllers.ImageController.getMoviePoster(java.lang.Long) throws java.io.IOException; target is of class [com.cm.cinematchapp.controllers.ImageController]
2023-11-30T02:05:36.194-07:00 DEBUG 36396 --- [http-nio-8080-exec-3] horizationManagerBeforeMethodInterceptor : Authorized method invocation ReflectiveMethodInvocation: public org.springframework.http.ResponseEntity com.cm.cinematchapp.controllers.ImageController.getMoviePoster(java.lang.Long) throws java.io.IOException; target is of class [com.cm.cinematchapp.controllers.ImageController]
2023-11-30T02:05:36.194-07:00 DEBUG 36396 --- [http-nio-8080-exec-10] horizationManagerBeforeMethodInterceptor : Authorizing method invocation ReflectiveMethodInvocation: public org.springframework.http.ResponseEntity com.cm.cinematchapp.controllers.ImageController.getMoviePoster(java.lang.Long) throws java.io.IOException; target is of class [com.cm.cinematchapp.controllers.ImageController]
2023-11-30T02:05:36.194-07:00 DEBUG 36396 --- [http-nio-8080-exec-9] org.hibernate.SQL                        : 
    select
        r1_0.user_id,
        r1_1.role_id,
        r1_1.name 
    from
        user_roles r1_0 
    join
        role r1_1 
            on r1_1.role_id=r1_0.role_id 
    where
        r1_0.user_id=?
2023-11-30T02:05:36.194-07:00  INFO 36396 --- [http-nio-8080-exec-4] c.c.c.security.JwtAuthenticationFilter   : Authorities: [ROLE_USER, ROLE_ADMIN]
2023-11-30T02:05:36.194-07:00  INFO 36396 --- [http-nio-8080-exec-4] c.c.c.security.JwtAuthenticationFilter   : SecurityContextImpl [Authentication=UsernamePasswordAuthenticationToken [Principal=Admin1, Credentials=[PROTECTED], Authenticated=true, Details=WebAuthenticationDetails [RemoteIpAddress=0:0:0:0:0:0:0:1, SessionId=null], Granted Authorities=[ROLE_USER, ROLE_ADMIN]]]
2023-11-30T02:05:36.194-07:00 DEBUG 36396 --- [http-nio-8080-exec-10] horizationManagerBeforeMethodInterceptor : Authorized method invocation ReflectiveMethodInvocation: public org.springframework.http.ResponseEntity com.cm.cinematchapp.controllers.ImageController.getMoviePoster(java.lang.Long) throws java.io.IOException; target is of class [com.cm.cinematchapp.controllers.ImageController]
2023-11-30T02:05:36.194-07:00 DEBUG 36396 --- [http-nio-8080-exec-8] o.s.security.web.FilterChainProxy        : Secured GET /api/images/movie/16
2023-11-30T02:05:36.194-07:00 DEBUG 36396 --- [http-nio-8080-exec-3] org.hibernate.SQL                        : 
    select
        m1_0.movie_id,
        m1_0.description,
        m1_0.poster_id,
        m1_0.rated,
        m1_0.title,
        m1_0.year 
    from
        movie m1_0 
    where
        m1_0.movie_id=?
2023-11-30T02:05:36.194-07:00 DEBUG 36396 --- [http-nio-8080-exec-7] o.s.security.web.FilterChainProxy        : Secured GET /api/images/movie/17
2023-11-30T02:05:36.194-07:00 DEBUG 36396 --- [http-nio-8080-exec-8] horizationManagerBeforeMethodInterceptor : Authorizing method invocation ReflectiveMethodInvocation: public org.springframework.http.ResponseEntity com.cm.cinematchapp.controllers.ImageController.getMoviePoster(java.lang.Long) throws java.io.IOException; target is of class [com.cm.cinematchapp.controllers.ImageController]
2023-11-30T02:05:36.194-07:00 DEBUG 36396 --- [http-nio-8080-exec-10] org.hibernate.SQL                        : 
    select
        m1_0.movie_id,
        m1_0.description,
        m1_0.poster_id,
        m1_0.rated,
        m1_0.title,
        m1_0.year 
    from
        movie m1_0 
    where
        m1_0.movie_id=?
2023-11-30T02:05:36.194-07:00 DEBUG 36396 --- [http-nio-8080-exec-8] horizationManagerBeforeMethodInterceptor : Authorized method invocation ReflectiveMethodInvocation: public org.springframework.http.ResponseEntity com.cm.cinematchapp.controllers.ImageController.getMoviePoster(java.lang.Long) throws java.io.IOException; target is of class [com.cm.cinematchapp.controllers.ImageController]
2023-11-30T02:05:36.194-07:00 DEBUG 36396 --- [http-nio-8080-exec-7] horizationManagerBeforeMethodInterceptor : Authorizing method invocation ReflectiveMethodInvocation: public org.springframework.http.ResponseEntity com.cm.cinematchapp.controllers.ImageController.getMoviePoster(java.lang.Long) throws java.io.IOException; target is of class [com.cm.cinematchapp.controllers.ImageController]
2023-11-30T02:05:36.194-07:00  INFO 36396 --- [http-nio-8080-exec-9] c.c.c.security.JwtAuthenticationFilter   : Authorities: [ROLE_USER, ROLE_ADMIN]
2023-11-30T02:05:36.194-07:00  INFO 36396 --- [http-nio-8080-exec-9] c.c.c.security.JwtAuthenticationFilter   : SecurityContextImpl [Authentication=UsernamePasswordAuthenticationToken [Principal=Admin1, Credentials=[PROTECTED], Authenticated=true, Details=WebAuthenticationDetails [RemoteIpAddress=0:0:0:0:0:0:0:1, SessionId=null], Granted Authorities=[ROLE_USER, ROLE_ADMIN]]]
2023-11-30T02:05:36.194-07:00 DEBUG 36396 --- [http-nio-8080-exec-7] horizationManagerBeforeMethodInterceptor : Authorized method invocation ReflectiveMethodInvocation: public org.springframework.http.ResponseEntity com.cm.cinematchapp.controllers.ImageController.getMoviePoster(java.lang.Long) throws java.io.IOException; target is of class [com.cm.cinematchapp.controllers.ImageController]
2023-11-30T02:05:36.194-07:00 DEBUG 36396 --- [http-nio-8080-exec-3] org.hibernate.SQL                        : 
    select
        m1_0.poster_id,
        m1_0.file_name,
        m1_0.path,
        m1_0.file_size 
    from
        movie_poster m1_0 
    where
        m1_0.poster_id=?
2023-11-30T02:05:36.195-07:00 DEBUG 36396 --- [http-nio-8080-exec-10] org.hibernate.SQL                        : 
    select
        m1_0.poster_id,
        m1_0.file_name,
        m1_0.path,
        m1_0.file_size 
    from
        movie_poster m1_0 
    where
        m1_0.poster_id=?
2023-11-30T02:05:36.195-07:00 DEBUG 36396 --- [http-nio-8080-exec-4] o.s.security.web.FilterChainProxy        : Secured GET /api/images/movie/18
2023-11-30T02:05:36.195-07:00 DEBUG 36396 --- [http-nio-8080-exec-8] org.hibernate.SQL                        : 
    select
        m1_0.movie_id,
        m1_0.description,
        m1_0.poster_id,
        m1_0.rated,
        m1_0.title,
        m1_0.year 
    from
        movie m1_0 
    where
        m1_0.movie_id=?
2023-11-30T02:05:36.195-07:00 DEBUG 36396 --- [http-nio-8080-exec-7] org.hibernate.SQL                        : 
    select
        m1_0.movie_id,
        m1_0.description,
        m1_0.poster_id,
        m1_0.rated,
        m1_0.title,
        m1_0.year 
    from
        movie m1_0 
    where
        m1_0.movie_id=?
2023-11-30T02:05:36.195-07:00 DEBUG 36396 --- [http-nio-8080-exec-4] horizationManagerBeforeMethodInterceptor : Authorizing method invocation ReflectiveMethodInvocation: public org.springframework.http.ResponseEntity com.cm.cinematchapp.controllers.ImageController.getMoviePoster(java.lang.Long) throws java.io.IOException; target is of class [com.cm.cinematchapp.controllers.ImageController]
2023-11-30T02:05:36.195-07:00 DEBUG 36396 --- [http-nio-8080-exec-4] horizationManagerBeforeMethodInterceptor : Authorized method invocation ReflectiveMethodInvocation: public org.springframework.http.ResponseEntity com.cm.cinematchapp.controllers.ImageController.getMoviePoster(java.lang.Long) throws java.io.IOException; target is of class [com.cm.cinematchapp.controllers.ImageController]
2023-11-30T02:05:36.195-07:00 DEBUG 36396 --- [http-nio-8080-exec-8] org.hibernate.SQL                        : 
    select
        m1_0.poster_id,
        m1_0.file_name,
        m1_0.path,
        m1_0.file_size 
    from
        movie_poster m1_0 
    where
        m1_0.poster_id=?
2023-11-30T02:05:36.195-07:00 DEBUG 36396 --- [http-nio-8080-exec-9] o.s.security.web.FilterChainProxy        : Secured GET /api/images/movie/19
2023-11-30T02:05:36.195-07:00 DEBUG 36396 --- [http-nio-8080-exec-7] org.hibernate.SQL                        : 
    select
        m1_0.poster_id,
        m1_0.file_name,
        m1_0.path,
        m1_0.file_size 
    from
        movie_poster m1_0 
    where
        m1_0.poster_id=?
2023-11-30T02:05:36.195-07:00 DEBUG 36396 --- [http-nio-8080-exec-9] horizationManagerBeforeMethodInterceptor : Authorizing method invocation ReflectiveMethodInvocation: public org.springframework.http.ResponseEntity com.cm.cinematchapp.controllers.ImageController.getMoviePoster(java.lang.Long) throws java.io.IOException; target is of class [com.cm.cinematchapp.controllers.ImageController]
2023-11-30T02:05:36.195-07:00 DEBUG 36396 --- [http-nio-8080-exec-4] org.hibernate.SQL                        : 
    select
        m1_0.movie_id,
        m1_0.description,
        m1_0.poster_id,
        m1_0.rated,
        m1_0.title,
        m1_0.year 
    from
        movie m1_0 
    where
        m1_0.movie_id=?
2023-11-30T02:05:36.195-07:00 DEBUG 36396 --- [http-nio-8080-exec-9] horizationManagerBeforeMethodInterceptor : Authorized method invocation ReflectiveMethodInvocation: public org.springframework.http.ResponseEntity com.cm.cinematchapp.controllers.ImageController.getMoviePoster(java.lang.Long) throws java.io.IOException; target is of class [com.cm.cinematchapp.controllers.ImageController]
2023-11-30T02:05:36.196-07:00 DEBUG 36396 --- [http-nio-8080-exec-4] org.hibernate.SQL                        : 
    select
        m1_0.poster_id,
        m1_0.file_name,
        m1_0.path,
        m1_0.file_size 
    from
        movie_poster m1_0 
    where
        m1_0.poster_id=?
2023-11-30T02:05:36.196-07:00 DEBUG 36396 --- [http-nio-8080-exec-9] org.hibernate.SQL                        : 
    select
        m1_0.movie_id,
        m1_0.description,
        m1_0.poster_id,
        m1_0.rated,
        m1_0.title,
        m1_0.year 
    from
        movie m1_0 
    where
        m1_0.movie_id=?
2023-11-30T02:05:36.196-07:00 DEBUG 36396 --- [http-nio-8080-exec-9] org.hibernate.SQL                        : 
    select
        m1_0.poster_id,
        m1_0.file_name,
        m1_0.path,
        m1_0.file_size 
    from
        movie_poster m1_0 
    where
        m1_0.poster_id=?
2023-11-30T02:05:36.197-07:00 DEBUG 36396 --- [http-nio-8080-exec-2] o.s.security.web.FilterChainProxy        : Securing GET /api/images/movie/20
2023-11-30T02:05:36.197-07:00  INFO 36396 --- [http-nio-8080-exec-2] c.c.c.security.JwtAuthenticationFilter   : authToken:eyJ0eXAiOiJKV1QiLCJhbGciOiJIUzI1NiJ9.eyJleHAiOjE3MDEzMzg2NzAsInVzZXJuYW1lIjoiQWRtaW4xIn0.Gzx9GlnTu1aYyvwAEouDpx8-TYWEXo8a3_pUTS47oWk
2023-11-30T02:05:36.198-07:00  INFO 36396 --- [http-nio-8080-exec-2] c.c.c.security.JwtAuthenticationFilter   : username: Admin1
2023-11-30T02:05:36.198-07:00 DEBUG 36396 --- [http-nio-8080-exec-2] org.hibernate.SQL                        : 
    select
        u1_0.user_id,
        u1_0.avatar_id,
        u1_0.email,
        u1_0.first_name,
        u1_0.last_name,
        u1_0.password,
        u1_0.username 
    from
        user u1_0 
    where
        upper(u1_0.username)=upper(?)
2023-11-30T02:05:36.199-07:00 DEBUG 36396 --- [http-nio-8080-exec-2] org.hibernate.SQL                        : 
    select
        r1_0.user_id,
        r1_1.role_id,
        r1_1.name 
    from
        user_roles r1_0 
    join
        role r1_1 
            on r1_1.role_id=r1_0.role_id 
    where
        r1_0.user_id=?
2023-11-30T02:05:36.199-07:00  INFO 36396 --- [http-nio-8080-exec-2] c.c.c.security.JwtAuthenticationFilter   : Authorities: [ROLE_USER, ROLE_ADMIN]
2023-11-30T02:05:36.199-07:00  INFO 36396 --- [http-nio-8080-exec-2] c.c.c.security.JwtAuthenticationFilter   : SecurityContextImpl [Authentication=UsernamePasswordAuthenticationToken [Principal=Admin1, Credentials=[PROTECTED], Authenticated=true, Details=WebAuthenticationDetails [RemoteIpAddress=0:0:0:0:0:0:0:1, SessionId=null], Granted Authorities=[ROLE_USER, ROLE_ADMIN]]]
2023-11-30T02:05:36.200-07:00 DEBUG 36396 --- [http-nio-8080-exec-2] o.s.security.web.FilterChainProxy        : Secured GET /api/images/movie/20
2023-11-30T02:05:36.200-07:00 DEBUG 36396 --- [http-nio-8080-exec-2] horizationManagerBeforeMethodInterceptor : Authorizing method invocation ReflectiveMethodInvocation: public org.springframework.http.ResponseEntity com.cm.cinematchapp.controllers.ImageController.getMoviePoster(java.lang.Long) throws java.io.IOException; target is of class [com.cm.cinematchapp.controllers.ImageController]
2023-11-30T02:05:36.200-07:00 DEBUG 36396 --- [http-nio-8080-exec-2] horizationManagerBeforeMethodInterceptor : Authorized method invocation ReflectiveMethodInvocation: public org.springframework.http.ResponseEntity com.cm.cinematchapp.controllers.ImageController.getMoviePoster(java.lang.Long) throws java.io.IOException; target is of class [com.cm.cinematchapp.controllers.ImageController]
2023-11-30T02:05:36.201-07:00 DEBUG 36396 --- [http-nio-8080-exec-2] org.hibernate.SQL                        : 
    select
        m1_0.movie_id,
        m1_0.description,
        m1_0.poster_id,
        m1_0.rated,
        m1_0.title,
        m1_0.year 
    from
        movie m1_0 
    where
        m1_0.movie_id=?
2023-11-30T02:05:36.201-07:00 DEBUG 36396 --- [http-nio-8080-exec-2] org.hibernate.SQL                        : 
    select
        m1_0.poster_id,
        m1_0.file_name,
        m1_0.path,
        m1_0.file_size 
    from
        movie_poster m1_0 
    where
        m1_0.poster_id=?
2023-11-30T02:06:38.125-07:00 DEBUG 36396 --- [http-nio-8080-exec-7] o.s.security.web.FilterChainProxy        : Securing OPTIONS /api/images/avatar
2023-11-30T02:06:38.127-07:00 DEBUG 36396 --- [http-nio-8080-exec-4] o.s.security.web.FilterChainProxy        : Securing GET /api/images/avatar
2023-11-30T02:06:38.127-07:00  INFO 36396 --- [http-nio-8080-exec-4] c.c.c.security.JwtAuthenticationFilter   : authToken:eyJ0eXAiOiJKV1QiLCJhbGciOiJIUzI1NiJ9.eyJleHAiOjE3MDEzMzg2NzAsInVzZXJuYW1lIjoiQWRtaW4xIn0.Gzx9GlnTu1aYyvwAEouDpx8-TYWEXo8a3_pUTS47oWk
2023-11-30T02:06:38.127-07:00  INFO 36396 --- [http-nio-8080-exec-4] c.c.c.security.JwtAuthenticationFilter   : username: Admin1
2023-11-30T02:06:38.128-07:00 DEBUG 36396 --- [http-nio-8080-exec-4] org.hibernate.SQL                        : 
    select
        u1_0.user_id,
        u1_0.avatar_id,
        u1_0.email,
        u1_0.first_name,
        u1_0.last_name,
        u1_0.password,
        u1_0.username 
    from
        user u1_0 
    where
        upper(u1_0.username)=upper(?)
2023-11-30T02:06:38.129-07:00 DEBUG 36396 --- [http-nio-8080-exec-4] org.hibernate.SQL                        : 
    select
        r1_0.user_id,
        r1_1.role_id,
        r1_1.name 
    from
        user_roles r1_0 
    join
        role r1_1 
            on r1_1.role_id=r1_0.role_id 
    where
        r1_0.user_id=?
2023-11-30T02:06:38.130-07:00  INFO 36396 --- [http-nio-8080-exec-4] c.c.c.security.JwtAuthenticationFilter   : Authorities: [ROLE_USER, ROLE_ADMIN]
2023-11-30T02:06:38.130-07:00  INFO 36396 --- [http-nio-8080-exec-4] c.c.c.security.JwtAuthenticationFilter   : SecurityContextImpl [Authentication=UsernamePasswordAuthenticationToken [Principal=Admin1, Credentials=[PROTECTED], Authenticated=true, Details=WebAuthenticationDetails [RemoteIpAddress=0:0:0:0:0:0:0:1, SessionId=null], Granted Authorities=[ROLE_USER, ROLE_ADMIN]]]
2023-11-30T02:06:38.131-07:00 DEBUG 36396 --- [http-nio-8080-exec-4] o.s.security.web.FilterChainProxy        : Secured GET /api/images/avatar
2023-11-30T02:06:38.131-07:00 DEBUG 36396 --- [http-nio-8080-exec-4] horizationManagerBeforeMethodInterceptor : Authorizing method invocation ReflectiveMethodInvocation: public org.springframework.http.ResponseEntity com.cm.cinematchapp.controllers.ImageController.getAvatar() throws java.io.IOException; target is of class [com.cm.cinematchapp.controllers.ImageController]
2023-11-30T02:06:38.131-07:00 DEBUG 36396 --- [http-nio-8080-exec-4] horizationManagerBeforeMethodInterceptor : Authorized method invocation ReflectiveMethodInvocation: public org.springframework.http.ResponseEntity com.cm.cinematchapp.controllers.ImageController.getAvatar() throws java.io.IOException; target is of class [com.cm.cinematchapp.controllers.ImageController]
2023-11-30T02:06:38.132-07:00 DEBUG 36396 --- [http-nio-8080-exec-4] org.hibernate.SQL                        : 
    select
        u1_0.user_id,
        u1_0.avatar_id,
        u1_0.email,
        u1_0.first_name,
        u1_0.last_name,
        u1_0.password,
        u1_0.username 
    from
        user u1_0 
    where
        upper(u1_0.username)=upper(?)
2023-11-30T02:06:38.132-07:00 DEBUG 36396 --- [http-nio-8080-exec-4] org.hibernate.SQL                        : 
    select
        r1_0.user_id,
        r1_1.role_id,
        r1_1.name 
    from
        user_roles r1_0 
    join
        role r1_1 
            on r1_1.role_id=r1_0.role_id 
    where
        r1_0.user_id=?
2023-11-30T02:06:38.133-07:00 DEBUG 36396 --- [http-nio-8080-exec-4] org.hibernate.SQL                        : 
    select
        case 
            when count(u1_0.avatar_id)>0 then 1 
            else 0 
        end 
    from
        user u1_0 
    where
        u1_0.user_id=?
2023-11-30T02:06:38.134-07:00 DEBUG 36396 --- [http-nio-8080-exec-4] org.hibernate.SQL                        : 
    select
        a1_0.avatar_id,
        a1_0.file_name,
        a1_0.path,
        a1_0.file_size 
    from
        avatar a1_0 
    where
        a1_0.file_name=?
2023-11-30T02:06:39.565-07:00 DEBUG 36396 --- [http-nio-8080-exec-9] o.s.security.web.FilterChainProxy        : Securing OPTIONS /api/entities/movies
2023-11-30T02:06:39.567-07:00 DEBUG 36396 --- [http-nio-8080-exec-2] o.s.security.web.FilterChainProxy        : Securing GET /api/entities/movies
2023-11-30T02:06:39.567-07:00  INFO 36396 --- [http-nio-8080-exec-2] c.c.c.security.JwtAuthenticationFilter   : authToken:eyJ0eXAiOiJKV1QiLCJhbGciOiJIUzI1NiJ9.eyJleHAiOjE3MDEzMzg2NzAsInVzZXJuYW1lIjoiQWRtaW4xIn0.Gzx9GlnTu1aYyvwAEouDpx8-TYWEXo8a3_pUTS47oWk
2023-11-30T02:06:39.568-07:00  INFO 36396 --- [http-nio-8080-exec-2] c.c.c.security.JwtAuthenticationFilter   : username: Admin1
2023-11-30T02:06:39.569-07:00 DEBUG 36396 --- [http-nio-8080-exec-2] org.hibernate.SQL                        : 
    select
        u1_0.user_id,
        u1_0.avatar_id,
        u1_0.email,
        u1_0.first_name,
        u1_0.last_name,
        u1_0.password,
        u1_0.username 
    from
        user u1_0 
    where
        upper(u1_0.username)=upper(?)
2023-11-30T02:06:39.569-07:00 DEBUG 36396 --- [http-nio-8080-exec-2] org.hibernate.SQL                        : 
    select
        r1_0.user_id,
        r1_1.role_id,
        r1_1.name 
    from
        user_roles r1_0 
    join
        role r1_1 
            on r1_1.role_id=r1_0.role_id 
    where
        r1_0.user_id=?
2023-11-30T02:06:39.570-07:00  INFO 36396 --- [http-nio-8080-exec-2] c.c.c.security.JwtAuthenticationFilter   : Authorities: [ROLE_USER, ROLE_ADMIN]
2023-11-30T02:06:39.570-07:00  INFO 36396 --- [http-nio-8080-exec-2] c.c.c.security.JwtAuthenticationFilter   : SecurityContextImpl [Authentication=UsernamePasswordAuthenticationToken [Principal=Admin1, Credentials=[PROTECTED], Authenticated=true, Details=WebAuthenticationDetails [RemoteIpAddress=0:0:0:0:0:0:0:1, SessionId=null], Granted Authorities=[ROLE_USER, ROLE_ADMIN]]]
2023-11-30T02:06:39.571-07:00 DEBUG 36396 --- [http-nio-8080-exec-2] o.s.security.web.FilterChainProxy        : Secured GET /api/entities/movies
2023-11-30T02:06:39.571-07:00 DEBUG 36396 --- [http-nio-8080-exec-2] horizationManagerBeforeMethodInterceptor : Authorizing method invocation ReflectiveMethodInvocation: public org.springframework.http.ResponseEntity com.cm.cinematchapp.controllers.EntityController.getAllMovies(); target is of class [com.cm.cinematchapp.controllers.EntityController]
2023-11-30T02:06:39.572-07:00 DEBUG 36396 --- [http-nio-8080-exec-2] horizationManagerBeforeMethodInterceptor : Authorized method invocation ReflectiveMethodInvocation: public org.springframework.http.ResponseEntity com.cm.cinematchapp.controllers.EntityController.getAllMovies(); target is of class [com.cm.cinematchapp.controllers.EntityController]
2023-11-30T02:06:39.573-07:00 DEBUG 36396 --- [http-nio-8080-exec-2] org.hibernate.SQL                        : 
    select
        m1_0.movie_id,
        m1_0.description,
        m1_0.poster_id,
        m1_0.rated,
        m1_0.title,
        m1_0.year 
    from
        movie m1_0
2023-11-30T02:06:39.573-07:00 DEBUG 36396 --- [http-nio-8080-exec-2] org.hibernate.SQL                        : 
    select
        m1_0.poster_id,
        m1_0.file_name,
        m1_0.path,
        m1_0.file_size 
    from
        movie_poster m1_0 
    where
        m1_0.poster_id=?
2023-11-30T02:06:39.574-07:00 DEBUG 36396 --- [http-nio-8080-exec-2] org.hibernate.SQL                        : 
    select
        m1_0.poster_id,
        m1_0.file_name,
        m1_0.path,
        m1_0.file_size 
    from
        movie_poster m1_0 
    where
        m1_0.poster_id=?
2023-11-30T02:06:39.574-07:00 DEBUG 36396 --- [http-nio-8080-exec-2] org.hibernate.SQL                        : 
    select
        m1_0.poster_id,
        m1_0.file_name,
        m1_0.path,
        m1_0.file_size 
    from
        movie_poster m1_0 
    where
        m1_0.poster_id=?
2023-11-30T02:06:39.574-07:00 DEBUG 36396 --- [http-nio-8080-exec-2] org.hibernate.SQL                        : 
    select
        m1_0.poster_id,
        m1_0.file_name,
        m1_0.path,
        m1_0.file_size 
    from
        movie_poster m1_0 
    where
        m1_0.poster_id=?
2023-11-30T02:06:39.574-07:00 DEBUG 36396 --- [http-nio-8080-exec-2] org.hibernate.SQL                        : 
    select
        m1_0.poster_id,
        m1_0.file_name,
        m1_0.path,
        m1_0.file_size 
    from
        movie_poster m1_0 
    where
        m1_0.poster_id=?
2023-11-30T02:06:39.575-07:00 DEBUG 36396 --- [http-nio-8080-exec-2] org.hibernate.SQL                        : 
    select
        m1_0.poster_id,
        m1_0.file_name,
        m1_0.path,
        m1_0.file_size 
    from
        movie_poster m1_0 
    where
        m1_0.poster_id=?
2023-11-30T02:06:39.575-07:00 DEBUG 36396 --- [http-nio-8080-exec-2] org.hibernate.SQL                        : 
    select
        m1_0.poster_id,
        m1_0.file_name,
        m1_0.path,
        m1_0.file_size 
    from
        movie_poster m1_0 
    where
        m1_0.poster_id=?
2023-11-30T02:06:39.575-07:00 DEBUG 36396 --- [http-nio-8080-exec-2] org.hibernate.SQL                        : 
    select
        m1_0.poster_id,
        m1_0.file_name,
        m1_0.path,
        m1_0.file_size 
    from
        movie_poster m1_0 
    where
        m1_0.poster_id=?
2023-11-30T02:06:39.575-07:00 DEBUG 36396 --- [http-nio-8080-exec-2] org.hibernate.SQL                        : 
    select
        m1_0.poster_id,
        m1_0.file_name,
        m1_0.path,
        m1_0.file_size 
    from
        movie_poster m1_0 
    where
        m1_0.poster_id=?
2023-11-30T02:06:39.575-07:00 DEBUG 36396 --- [http-nio-8080-exec-2] org.hibernate.SQL                        : 
    select
        m1_0.poster_id,
        m1_0.file_name,
        m1_0.path,
        m1_0.file_size 
    from
        movie_poster m1_0 
    where
        m1_0.poster_id=?
2023-11-30T02:06:39.576-07:00 DEBUG 36396 --- [http-nio-8080-exec-2] org.hibernate.SQL                        : 
    select
        m1_0.poster_id,
        m1_0.file_name,
        m1_0.path,
        m1_0.file_size 
    from
        movie_poster m1_0 
    where
        m1_0.poster_id=?
2023-11-30T02:06:39.576-07:00 DEBUG 36396 --- [http-nio-8080-exec-2] org.hibernate.SQL                        : 
    select
        m1_0.poster_id,
        m1_0.file_name,
        m1_0.path,
        m1_0.file_size 
    from
        movie_poster m1_0 
    where
        m1_0.poster_id=?
2023-11-30T02:06:39.576-07:00 DEBUG 36396 --- [http-nio-8080-exec-2] org.hibernate.SQL                        : 
    select
        m1_0.poster_id,
        m1_0.file_name,
        m1_0.path,
        m1_0.file_size 
    from
        movie_poster m1_0 
    where
        m1_0.poster_id=?
2023-11-30T02:06:39.576-07:00 DEBUG 36396 --- [http-nio-8080-exec-2] org.hibernate.SQL                        : 
    select
        m1_0.poster_id,
        m1_0.file_name,
        m1_0.path,
        m1_0.file_size 
    from
        movie_poster m1_0 
    where
        m1_0.poster_id=?
2023-11-30T02:06:39.576-07:00 DEBUG 36396 --- [http-nio-8080-exec-2] org.hibernate.SQL                        : 
    select
        m1_0.poster_id,
        m1_0.file_name,
        m1_0.path,
        m1_0.file_size 
    from
        movie_poster m1_0 
    where
        m1_0.poster_id=?
2023-11-30T02:06:39.577-07:00 DEBUG 36396 --- [http-nio-8080-exec-2] org.hibernate.SQL                        : 
    select
        c1_0.streaming_info_id,
        c1_0.link,
        c1_0.service,
        c1_0.streaming_type 
    from
        country_info c1_0 
    where
        c1_0.streaming_info_id=?
2023-11-30T02:06:39.578-07:00 DEBUG 36396 --- [http-nio-8080-exec-2] org.hibernate.SQL                        : 
    select
        c1_0.streaming_info_id,
        c1_0.link,
        c1_0.service,
        c1_0.streaming_type 
    from
        country_info c1_0 
    where
        c1_0.streaming_info_id=?
2023-11-30T02:06:39.578-07:00 DEBUG 36396 --- [http-nio-8080-exec-2] org.hibernate.SQL                        : 
    select
        c1_0.streaming_info_id,
        c1_0.link,
        c1_0.service,
        c1_0.streaming_type 
    from
        country_info c1_0 
    where
        c1_0.streaming_info_id=?
2023-11-30T02:06:39.579-07:00 DEBUG 36396 --- [http-nio-8080-exec-2] org.hibernate.SQL                        : 
    select
        c1_0.streaming_info_id,
        c1_0.link,
        c1_0.service,
        c1_0.streaming_type 
    from
        country_info c1_0 
    where
        c1_0.streaming_info_id=?
2023-11-30T02:06:39.579-07:00 DEBUG 36396 --- [http-nio-8080-exec-2] org.hibernate.SQL                        : 
    select
        c1_0.streaming_info_id,
        c1_0.link,
        c1_0.service,
        c1_0.streaming_type 
    from
        country_info c1_0 
    where
        c1_0.streaming_info_id=?
2023-11-30T02:06:39.580-07:00 DEBUG 36396 --- [http-nio-8080-exec-2] org.hibernate.SQL                        : 
    select
        c1_0.streaming_info_id,
        c1_0.link,
        c1_0.service,
        c1_0.streaming_type 
    from
        country_info c1_0 
    where
        c1_0.streaming_info_id=?
2023-11-30T02:06:39.580-07:00 DEBUG 36396 --- [http-nio-8080-exec-2] org.hibernate.SQL                        : 
    select
        c1_0.streaming_info_id,
        c1_0.link,
        c1_0.service,
        c1_0.streaming_type 
    from
        country_info c1_0 
    where
        c1_0.streaming_info_id=?
2023-11-30T02:06:39.581-07:00 DEBUG 36396 --- [http-nio-8080-exec-2] org.hibernate.SQL                        : 
    select
        c1_0.streaming_info_id,
        c1_0.link,
        c1_0.service,
        c1_0.streaming_type 
    from
        country_info c1_0 
    where
        c1_0.streaming_info_id=?
2023-11-30T02:06:39.581-07:00 DEBUG 36396 --- [http-nio-8080-exec-2] org.hibernate.SQL                        : 
    select
        c1_0.streaming_info_id,
        c1_0.link,
        c1_0.service,
        c1_0.streaming_type 
    from
        country_info c1_0 
    where
        c1_0.streaming_info_id=?
2023-11-30T02:06:39.581-07:00 DEBUG 36396 --- [http-nio-8080-exec-2] org.hibernate.SQL                        : 
    select
        c1_0.streaming_info_id,
        c1_0.link,
        c1_0.service,
        c1_0.streaming_type 
    from
        country_info c1_0 
    where
        c1_0.streaming_info_id=?
2023-11-30T02:06:39.582-07:00 DEBUG 36396 --- [http-nio-8080-exec-2] org.hibernate.SQL                        : 
    select
        c1_0.streaming_info_id,
        c1_0.link,
        c1_0.service,
        c1_0.streaming_type 
    from
        country_info c1_0 
    where
        c1_0.streaming_info_id=?
2023-11-30T02:06:39.582-07:00 DEBUG 36396 --- [http-nio-8080-exec-2] org.hibernate.SQL                        : 
    select
        c1_0.streaming_info_id,
        c1_0.link,
        c1_0.service,
        c1_0.streaming_type 
    from
        country_info c1_0 
    where
        c1_0.streaming_info_id=?
2023-11-30T02:06:39.583-07:00 DEBUG 36396 --- [http-nio-8080-exec-2] org.hibernate.SQL                        : 
    select
        c1_0.streaming_info_id,
        c1_0.link,
        c1_0.service,
        c1_0.streaming_type 
    from
        country_info c1_0 
    where
        c1_0.streaming_info_id=?
2023-11-30T02:06:39.583-07:00 DEBUG 36396 --- [http-nio-8080-exec-2] org.hibernate.SQL                        : 
    select
        c1_0.streaming_info_id,
        c1_0.link,
        c1_0.service,
        c1_0.streaming_type 
    from
        country_info c1_0 
    where
        c1_0.streaming_info_id=?
2023-11-30T02:06:39.584-07:00 DEBUG 36396 --- [http-nio-8080-exec-2] org.hibernate.SQL                        : 
    select
        c1_0.streaming_info_id,
        c1_0.link,
        c1_0.service,
        c1_0.streaming_type 
    from
        country_info c1_0 
    where
        c1_0.streaming_info_id=?
2023-11-30T02:06:39.590-07:00 DEBUG 36396 --- [http-nio-8080-exec-6] o.s.security.web.FilterChainProxy        : Securing OPTIONS /api/images/movie/1
2023-11-30T02:06:39.591-07:00 DEBUG 36396 --- [http-nio-8080-exec-10] o.s.security.web.FilterChainProxy        : Securing OPTIONS /api/images/movie/2
2023-11-30T02:06:39.591-07:00 DEBUG 36396 --- [http-nio-8080-exec-5] o.s.security.web.FilterChainProxy        : Securing OPTIONS /api/images/movie/5
2023-11-30T02:06:39.591-07:00 DEBUG 36396 --- [http-nio-8080-exec-1] o.s.security.web.FilterChainProxy        : Securing OPTIONS /api/images/movie/6
2023-11-30T02:06:39.592-07:00 DEBUG 36396 --- [http-nio-8080-exec-8] o.s.security.web.FilterChainProxy        : Securing OPTIONS /api/images/movie/9
2023-11-30T02:06:39.592-07:00 DEBUG 36396 --- [http-nio-8080-exec-3] o.s.security.web.FilterChainProxy        : Securing OPTIONS /api/images/movie/10
2023-11-30T02:06:39.593-07:00 DEBUG 36396 --- [http-nio-8080-exec-7] o.s.security.web.FilterChainProxy        : Securing OPTIONS /api/images/movie/12
2023-11-30T02:06:39.593-07:00 DEBUG 36396 --- [http-nio-8080-exec-4] o.s.security.web.FilterChainProxy        : Securing OPTIONS /api/images/movie/13
2023-11-30T02:06:39.594-07:00 DEBUG 36396 --- [http-nio-8080-exec-9] o.s.security.web.FilterChainProxy        : Securing OPTIONS /api/images/movie/16
2023-11-30T02:06:39.594-07:00 DEBUG 36396 --- [http-nio-8080-exec-2] o.s.security.web.FilterChainProxy        : Securing OPTIONS /api/images/movie/17
2023-11-30T02:06:39.594-07:00 DEBUG 36396 --- [http-nio-8080-exec-6] o.s.security.web.FilterChainProxy        : Securing OPTIONS /api/images/movie/14
2023-11-30T02:06:39.594-07:00 DEBUG 36396 --- [http-nio-8080-exec-2] o.s.security.web.FilterChainProxy        : Securing OPTIONS /api/images/movie/15
2023-11-30T02:06:39.595-07:00 DEBUG 36396 --- [http-nio-8080-exec-5] o.s.security.web.FilterChainProxy        : Securing OPTIONS /api/images/movie/18
2023-11-30T02:06:39.596-07:00 DEBUG 36396 --- [http-nio-8080-exec-1] o.s.security.web.FilterChainProxy        : Securing OPTIONS /api/images/movie/19
2023-11-30T02:06:39.596-07:00 DEBUG 36396 --- [http-nio-8080-exec-8] o.s.security.web.FilterChainProxy        : Securing OPTIONS /api/images/movie/20
2023-11-30T02:06:39.596-07:00 DEBUG 36396 --- [http-nio-8080-exec-3] o.s.security.web.FilterChainProxy        : Securing GET /api/images/movie/1
2023-11-30T02:06:39.596-07:00 DEBUG 36396 --- [http-nio-8080-exec-7] o.s.security.web.FilterChainProxy        : Securing GET /api/images/movie/2
2023-11-30T02:06:39.596-07:00  INFO 36396 --- [http-nio-8080-exec-3] c.c.c.security.JwtAuthenticationFilter   : authToken:eyJ0eXAiOiJKV1QiLCJhbGciOiJIUzI1NiJ9.eyJleHAiOjE3MDEzMzg2NzAsInVzZXJuYW1lIjoiQWRtaW4xIn0.Gzx9GlnTu1aYyvwAEouDpx8-TYWEXo8a3_pUTS47oWk
2023-11-30T02:06:39.596-07:00 DEBUG 36396 --- [http-nio-8080-exec-4] o.s.security.web.FilterChainProxy        : Securing GET /api/images/movie/5
2023-11-30T02:06:39.596-07:00  INFO 36396 --- [http-nio-8080-exec-7] c.c.c.security.JwtAuthenticationFilter   : authToken:eyJ0eXAiOiJKV1QiLCJhbGciOiJIUzI1NiJ9.eyJleHAiOjE3MDEzMzg2NzAsInVzZXJuYW1lIjoiQWRtaW4xIn0.Gzx9GlnTu1aYyvwAEouDpx8-TYWEXo8a3_pUTS47oWk
2023-11-30T02:06:39.596-07:00 DEBUG 36396 --- [http-nio-8080-exec-9] o.s.security.web.FilterChainProxy        : Securing GET /api/images/movie/6
2023-11-30T02:06:39.597-07:00  INFO 36396 --- [http-nio-8080-exec-3] c.c.c.security.JwtAuthenticationFilter   : username: Admin1
2023-11-30T02:06:39.597-07:00  INFO 36396 --- [http-nio-8080-exec-7] c.c.c.security.JwtAuthenticationFilter   : username: Admin1
2023-11-30T02:06:39.597-07:00  INFO 36396 --- [http-nio-8080-exec-4] c.c.c.security.JwtAuthenticationFilter   : authToken:eyJ0eXAiOiJKV1QiLCJhbGciOiJIUzI1NiJ9.eyJleHAiOjE3MDEzMzg2NzAsInVzZXJuYW1lIjoiQWRtaW4xIn0.Gzx9GlnTu1aYyvwAEouDpx8-TYWEXo8a3_pUTS47oWk
2023-11-30T02:06:39.597-07:00  INFO 36396 --- [http-nio-8080-exec-9] c.c.c.security.JwtAuthenticationFilter   : authToken:eyJ0eXAiOiJKV1QiLCJhbGciOiJIUzI1NiJ9.eyJleHAiOjE3MDEzMzg2NzAsInVzZXJuYW1lIjoiQWRtaW4xIn0.Gzx9GlnTu1aYyvwAEouDpx8-TYWEXo8a3_pUTS47oWk
2023-11-30T02:06:39.597-07:00  INFO 36396 --- [http-nio-8080-exec-4] c.c.c.security.JwtAuthenticationFilter   : username: Admin1
2023-11-30T02:06:39.597-07:00  INFO 36396 --- [http-nio-8080-exec-9] c.c.c.security.JwtAuthenticationFilter   : username: Admin1
2023-11-30T02:06:39.597-07:00 DEBUG 36396 --- [http-nio-8080-exec-10] o.s.security.web.FilterChainProxy        : Securing GET /api/images/movie/9
2023-11-30T02:06:39.597-07:00 DEBUG 36396 --- [http-nio-8080-exec-6] o.s.security.web.FilterChainProxy        : Securing GET /api/images/movie/10
2023-11-30T02:06:39.597-07:00  INFO 36396 --- [http-nio-8080-exec-10] c.c.c.security.JwtAuthenticationFilter   : authToken:eyJ0eXAiOiJKV1QiLCJhbGciOiJIUzI1NiJ9.eyJleHAiOjE3MDEzMzg2NzAsInVzZXJuYW1lIjoiQWRtaW4xIn0.Gzx9GlnTu1aYyvwAEouDpx8-TYWEXo8a3_pUTS47oWk
2023-11-30T02:06:39.597-07:00 DEBUG 36396 --- [http-nio-8080-exec-9] org.hibernate.SQL                        : 
    select
        u1_0.user_id,
        u1_0.avatar_id,
        u1_0.email,
        u1_0.first_name,
        u1_0.last_name,
        u1_0.password,
        u1_0.username 
    from
        user u1_0 
    where
        upper(u1_0.username)=upper(?)
2023-11-30T02:06:39.597-07:00 DEBUG 36396 --- [http-nio-8080-exec-4] org.hibernate.SQL                        : 
    select
        u1_0.user_id,
        u1_0.avatar_id,
        u1_0.email,
        u1_0.first_name,
        u1_0.last_name,
        u1_0.password,
        u1_0.username 
    from
        user u1_0 
    where
        upper(u1_0.username)=upper(?)
2023-11-30T02:06:39.597-07:00 DEBUG 36396 --- [http-nio-8080-exec-7] org.hibernate.SQL                        : 
    select
        u1_0.user_id,
        u1_0.avatar_id,
        u1_0.email,
        u1_0.first_name,
        u1_0.last_name,
        u1_0.password,
        u1_0.username 
    from
        user u1_0 
    where
        upper(u1_0.username)=upper(?)
2023-11-30T02:06:39.597-07:00 DEBUG 36396 --- [http-nio-8080-exec-3] org.hibernate.SQL                        : 
    select
        u1_0.user_id,
        u1_0.avatar_id,
        u1_0.email,
        u1_0.first_name,
        u1_0.last_name,
        u1_0.password,
        u1_0.username 
    from
        user u1_0 
    where
        upper(u1_0.username)=upper(?)
2023-11-30T02:06:39.597-07:00  INFO 36396 --- [http-nio-8080-exec-6] c.c.c.security.JwtAuthenticationFilter   : authToken:eyJ0eXAiOiJKV1QiLCJhbGciOiJIUzI1NiJ9.eyJleHAiOjE3MDEzMzg2NzAsInVzZXJuYW1lIjoiQWRtaW4xIn0.Gzx9GlnTu1aYyvwAEouDpx8-TYWEXo8a3_pUTS47oWk
2023-11-30T02:06:39.597-07:00  INFO 36396 --- [http-nio-8080-exec-10] c.c.c.security.JwtAuthenticationFilter   : username: Admin1
2023-11-30T02:06:39.597-07:00  INFO 36396 --- [http-nio-8080-exec-6] c.c.c.security.JwtAuthenticationFilter   : username: Admin1
2023-11-30T02:06:39.598-07:00 DEBUG 36396 --- [http-nio-8080-exec-10] org.hibernate.SQL                        : 
    select
        u1_0.user_id,
        u1_0.avatar_id,
        u1_0.email,
        u1_0.first_name,
        u1_0.last_name,
        u1_0.password,
        u1_0.username 
    from
        user u1_0 
    where
        upper(u1_0.username)=upper(?)
2023-11-30T02:06:39.598-07:00 DEBUG 36396 --- [http-nio-8080-exec-6] org.hibernate.SQL                        : 
    select
        u1_0.user_id,
        u1_0.avatar_id,
        u1_0.email,
        u1_0.first_name,
        u1_0.last_name,
        u1_0.password,
        u1_0.username 
    from
        user u1_0 
    where
        upper(u1_0.username)=upper(?)
2023-11-30T02:06:39.598-07:00 DEBUG 36396 --- [http-nio-8080-exec-4] org.hibernate.SQL                        : 
    select
        r1_0.user_id,
        r1_1.role_id,
        r1_1.name 
    from
        user_roles r1_0 
    join
        role r1_1 
            on r1_1.role_id=r1_0.role_id 
    where
        r1_0.user_id=?
2023-11-30T02:06:39.598-07:00 DEBUG 36396 --- [http-nio-8080-exec-7] org.hibernate.SQL                        : 
    select
        r1_0.user_id,
        r1_1.role_id,
        r1_1.name 
    from
        user_roles r1_0 
    join
        role r1_1 
            on r1_1.role_id=r1_0.role_id 
    where
        r1_0.user_id=?
2023-11-30T02:06:39.598-07:00 DEBUG 36396 --- [http-nio-8080-exec-9] org.hibernate.SQL                        : 
    select
        r1_0.user_id,
        r1_1.role_id,
        r1_1.name 
    from
        user_roles r1_0 
    join
        role r1_1 
            on r1_1.role_id=r1_0.role_id 
    where
        r1_0.user_id=?
2023-11-30T02:06:39.598-07:00 DEBUG 36396 --- [http-nio-8080-exec-3] org.hibernate.SQL                        : 
    select
        r1_0.user_id,
        r1_1.role_id,
        r1_1.name 
    from
        user_roles r1_0 
    join
        role r1_1 
            on r1_1.role_id=r1_0.role_id 
    where
        r1_0.user_id=?
2023-11-30T02:06:39.598-07:00 DEBUG 36396 --- [http-nio-8080-exec-10] org.hibernate.SQL                        : 
    select
        r1_0.user_id,
        r1_1.role_id,
        r1_1.name 
    from
        user_roles r1_0 
    join
        role r1_1 
            on r1_1.role_id=r1_0.role_id 
    where
        r1_0.user_id=?
2023-11-30T02:06:39.598-07:00 DEBUG 36396 --- [http-nio-8080-exec-6] org.hibernate.SQL                        : 
    select
        r1_0.user_id,
        r1_1.role_id,
        r1_1.name 
    from
        user_roles r1_0 
    join
        role r1_1 
            on r1_1.role_id=r1_0.role_id 
    where
        r1_0.user_id=?
2023-11-30T02:06:39.599-07:00  INFO 36396 --- [http-nio-8080-exec-9] c.c.c.security.JwtAuthenticationFilter   : Authorities: [ROLE_USER, ROLE_ADMIN]
2023-11-30T02:06:39.599-07:00  INFO 36396 --- [http-nio-8080-exec-7] c.c.c.security.JwtAuthenticationFilter   : Authorities: [ROLE_USER, ROLE_ADMIN]
2023-11-30T02:06:39.599-07:00  INFO 36396 --- [http-nio-8080-exec-4] c.c.c.security.JwtAuthenticationFilter   : Authorities: [ROLE_USER, ROLE_ADMIN]
2023-11-30T02:06:39.599-07:00  INFO 36396 --- [http-nio-8080-exec-3] c.c.c.security.JwtAuthenticationFilter   : Authorities: [ROLE_USER, ROLE_ADMIN]
2023-11-30T02:06:39.599-07:00  INFO 36396 --- [http-nio-8080-exec-9] c.c.c.security.JwtAuthenticationFilter   : SecurityContextImpl [Authentication=UsernamePasswordAuthenticationToken [Principal=Admin1, Credentials=[PROTECTED], Authenticated=true, Details=WebAuthenticationDetails [RemoteIpAddress=0:0:0:0:0:0:0:1, SessionId=null], Granted Authorities=[ROLE_USER, ROLE_ADMIN]]]
2023-11-30T02:06:39.599-07:00  INFO 36396 --- [http-nio-8080-exec-7] c.c.c.security.JwtAuthenticationFilter   : SecurityContextImpl [Authentication=UsernamePasswordAuthenticationToken [Principal=Admin1, Credentials=[PROTECTED], Authenticated=true, Details=WebAuthenticationDetails [RemoteIpAddress=0:0:0:0:0:0:0:1, SessionId=null], Granted Authorities=[ROLE_USER, ROLE_ADMIN]]]
2023-11-30T02:06:39.599-07:00  INFO 36396 --- [http-nio-8080-exec-4] c.c.c.security.JwtAuthenticationFilter   : SecurityContextImpl [Authentication=UsernamePasswordAuthenticationToken [Principal=Admin1, Credentials=[PROTECTED], Authenticated=true, Details=WebAuthenticationDetails [RemoteIpAddress=0:0:0:0:0:0:0:1, SessionId=null], Granted Authorities=[ROLE_USER, ROLE_ADMIN]]]
2023-11-30T02:06:39.599-07:00  INFO 36396 --- [http-nio-8080-exec-3] c.c.c.security.JwtAuthenticationFilter   : SecurityContextImpl [Authentication=UsernamePasswordAuthenticationToken [Principal=Admin1, Credentials=[PROTECTED], Authenticated=true, Details=WebAuthenticationDetails [RemoteIpAddress=0:0:0:0:0:0:0:1, SessionId=null], Granted Authorities=[ROLE_USER, ROLE_ADMIN]]]
2023-11-30T02:06:39.599-07:00  INFO 36396 --- [http-nio-8080-exec-10] c.c.c.security.JwtAuthenticationFilter   : Authorities: [ROLE_USER, ROLE_ADMIN]
2023-11-30T02:06:39.599-07:00  INFO 36396 --- [http-nio-8080-exec-6] c.c.c.security.JwtAuthenticationFilter   : Authorities: [ROLE_USER, ROLE_ADMIN]
2023-11-30T02:06:39.599-07:00  INFO 36396 --- [http-nio-8080-exec-10] c.c.c.security.JwtAuthenticationFilter   : SecurityContextImpl [Authentication=UsernamePasswordAuthenticationToken [Principal=Admin1, Credentials=[PROTECTED], Authenticated=true, Details=WebAuthenticationDetails [RemoteIpAddress=0:0:0:0:0:0:0:1, SessionId=null], Granted Authorities=[ROLE_USER, ROLE_ADMIN]]]
2023-11-30T02:06:39.599-07:00  INFO 36396 --- [http-nio-8080-exec-6] c.c.c.security.JwtAuthenticationFilter   : SecurityContextImpl [Authentication=UsernamePasswordAuthenticationToken [Principal=Admin1, Credentials=[PROTECTED], Authenticated=true, Details=WebAuthenticationDetails [RemoteIpAddress=0:0:0:0:0:0:0:1, SessionId=null], Granted Authorities=[ROLE_USER, ROLE_ADMIN]]]
2023-11-30T02:06:39.604-07:00 DEBUG 36396 --- [http-nio-8080-exec-9] o.s.security.web.FilterChainProxy        : Secured GET /api/images/movie/6
2023-11-30T02:06:39.604-07:00 DEBUG 36396 --- [http-nio-8080-exec-7] o.s.security.web.FilterChainProxy        : Secured GET /api/images/movie/2
2023-11-30T02:06:39.604-07:00 DEBUG 36396 --- [http-nio-8080-exec-3] o.s.security.web.FilterChainProxy        : Secured GET /api/images/movie/1
2023-11-30T02:06:39.604-07:00 DEBUG 36396 --- [http-nio-8080-exec-6] o.s.security.web.FilterChainProxy        : Secured GET /api/images/movie/10
2023-11-30T02:06:39.604-07:00 DEBUG 36396 --- [http-nio-8080-exec-4] o.s.security.web.FilterChainProxy        : Secured GET /api/images/movie/5
2023-11-30T02:06:39.604-07:00 DEBUG 36396 --- [http-nio-8080-exec-10] o.s.security.web.FilterChainProxy        : Secured GET /api/images/movie/9
2023-11-30T02:06:39.605-07:00 DEBUG 36396 --- [http-nio-8080-exec-9] horizationManagerBeforeMethodInterceptor : Authorizing method invocation ReflectiveMethodInvocation: public org.springframework.http.ResponseEntity com.cm.cinematchapp.controllers.ImageController.getMoviePoster(java.lang.Long) throws java.io.IOException; target is of class [com.cm.cinematchapp.controllers.ImageController]
2023-11-30T02:06:39.605-07:00 DEBUG 36396 --- [http-nio-8080-exec-3] horizationManagerBeforeMethodInterceptor : Authorizing method invocation ReflectiveMethodInvocation: public org.springframework.http.ResponseEntity com.cm.cinematchapp.controllers.ImageController.getMoviePoster(java.lang.Long) throws java.io.IOException; target is of class [com.cm.cinematchapp.controllers.ImageController]
2023-11-30T02:06:39.605-07:00 DEBUG 36396 --- [http-nio-8080-exec-6] horizationManagerBeforeMethodInterceptor : Authorizing method invocation ReflectiveMethodInvocation: public org.springframework.http.ResponseEntity com.cm.cinematchapp.controllers.ImageController.getMoviePoster(java.lang.Long) throws java.io.IOException; target is of class [com.cm.cinematchapp.controllers.ImageController]
2023-11-30T02:06:39.605-07:00 DEBUG 36396 --- [http-nio-8080-exec-10] horizationManagerBeforeMethodInterceptor : Authorizing method invocation ReflectiveMethodInvocation: public org.springframework.http.ResponseEntity com.cm.cinematchapp.controllers.ImageController.getMoviePoster(java.lang.Long) throws java.io.IOException; target is of class [com.cm.cinematchapp.controllers.ImageController]
2023-11-30T02:06:39.605-07:00 DEBUG 36396 --- [http-nio-8080-exec-4] horizationManagerBeforeMethodInterceptor : Authorizing method invocation ReflectiveMethodInvocation: public org.springframework.http.ResponseEntity com.cm.cinematchapp.controllers.ImageController.getMoviePoster(java.lang.Long) throws java.io.IOException; target is of class [com.cm.cinematchapp.controllers.ImageController]
2023-11-30T02:06:39.605-07:00 DEBUG 36396 --- [http-nio-8080-exec-7] horizationManagerBeforeMethodInterceptor : Authorizing method invocation ReflectiveMethodInvocation: public org.springframework.http.ResponseEntity com.cm.cinematchapp.controllers.ImageController.getMoviePoster(java.lang.Long) throws java.io.IOException; target is of class [com.cm.cinematchapp.controllers.ImageController]
2023-11-30T02:06:39.605-07:00 DEBUG 36396 --- [http-nio-8080-exec-9] horizationManagerBeforeMethodInterceptor : Authorized method invocation ReflectiveMethodInvocation: public org.springframework.http.ResponseEntity com.cm.cinematchapp.controllers.ImageController.getMoviePoster(java.lang.Long) throws java.io.IOException; target is of class [com.cm.cinematchapp.controllers.ImageController]
2023-11-30T02:06:39.605-07:00 DEBUG 36396 --- [http-nio-8080-exec-6] horizationManagerBeforeMethodInterceptor : Authorized method invocation ReflectiveMethodInvocation: public org.springframework.http.ResponseEntity com.cm.cinematchapp.controllers.ImageController.getMoviePoster(java.lang.Long) throws java.io.IOException; target is of class [com.cm.cinematchapp.controllers.ImageController]
2023-11-30T02:06:39.605-07:00 DEBUG 36396 --- [http-nio-8080-exec-4] horizationManagerBeforeMethodInterceptor : Authorized method invocation ReflectiveMethodInvocation: public org.springframework.http.ResponseEntity com.cm.cinematchapp.controllers.ImageController.getMoviePoster(java.lang.Long) throws java.io.IOException; target is of class [com.cm.cinematchapp.controllers.ImageController]
2023-11-30T02:06:39.605-07:00 DEBUG 36396 --- [http-nio-8080-exec-10] horizationManagerBeforeMethodInterceptor : Authorized method invocation ReflectiveMethodInvocation: public org.springframework.http.ResponseEntity com.cm.cinematchapp.controllers.ImageController.getMoviePoster(java.lang.Long) throws java.io.IOException; target is of class [com.cm.cinematchapp.controllers.ImageController]
2023-11-30T02:06:39.605-07:00 DEBUG 36396 --- [http-nio-8080-exec-7] horizationManagerBeforeMethodInterceptor : Authorized method invocation ReflectiveMethodInvocation: public org.springframework.http.ResponseEntity com.cm.cinematchapp.controllers.ImageController.getMoviePoster(java.lang.Long) throws java.io.IOException; target is of class [com.cm.cinematchapp.controllers.ImageController]
2023-11-30T02:06:39.605-07:00 DEBUG 36396 --- [http-nio-8080-exec-3] horizationManagerBeforeMethodInterceptor : Authorized method invocation ReflectiveMethodInvocation: public org.springframework.http.ResponseEntity com.cm.cinematchapp.controllers.ImageController.getMoviePoster(java.lang.Long) throws java.io.IOException; target is of class [com.cm.cinematchapp.controllers.ImageController]
2023-11-30T02:06:39.605-07:00 DEBUG 36396 --- [http-nio-8080-exec-10] org.hibernate.SQL                        : 
    select
        m1_0.movie_id,
        m1_0.description,
        m1_0.poster_id,
        m1_0.rated,
        m1_0.title,
        m1_0.year 
    from
        movie m1_0 
    where
        m1_0.movie_id=?
2023-11-30T02:06:39.605-07:00 DEBUG 36396 --- [http-nio-8080-exec-3] org.hibernate.SQL                        : 
    select
        m1_0.movie_id,
        m1_0.description,
        m1_0.poster_id,
        m1_0.rated,
        m1_0.title,
        m1_0.year 
    from
        movie m1_0 
    where
        m1_0.movie_id=?
2023-11-30T02:06:39.605-07:00 DEBUG 36396 --- [http-nio-8080-exec-4] org.hibernate.SQL                        : 
    select
        m1_0.movie_id,
        m1_0.description,
        m1_0.poster_id,
        m1_0.rated,
        m1_0.title,
        m1_0.year 
    from
        movie m1_0 
    where
        m1_0.movie_id=?
2023-11-30T02:06:39.605-07:00 DEBUG 36396 --- [http-nio-8080-exec-7] org.hibernate.SQL                        : 
    select
        m1_0.movie_id,
        m1_0.description,
        m1_0.poster_id,
        m1_0.rated,
        m1_0.title,
        m1_0.year 
    from
        movie m1_0 
    where
        m1_0.movie_id=?
2023-11-30T02:06:39.605-07:00 DEBUG 36396 --- [http-nio-8080-exec-6] org.hibernate.SQL                        : 
    select
        m1_0.movie_id,
        m1_0.description,
        m1_0.poster_id,
        m1_0.rated,
        m1_0.title,
        m1_0.year 
    from
        movie m1_0 
    where
        m1_0.movie_id=?
2023-11-30T02:06:39.605-07:00 DEBUG 36396 --- [http-nio-8080-exec-9] org.hibernate.SQL                        : 
    select
        m1_0.movie_id,
        m1_0.description,
        m1_0.poster_id,
        m1_0.rated,
        m1_0.title,
        m1_0.year 
    from
        movie m1_0 
    where
        m1_0.movie_id=?
2023-11-30T02:06:39.606-07:00 DEBUG 36396 --- [http-nio-8080-exec-6] org.hibernate.SQL                        : 
    select
        m1_0.poster_id,
        m1_0.file_name,
        m1_0.path,
        m1_0.file_size 
    from
        movie_poster m1_0 
    where
        m1_0.poster_id=?
2023-11-30T02:06:39.606-07:00 DEBUG 36396 --- [http-nio-8080-exec-10] org.hibernate.SQL                        : 
    select
        m1_0.poster_id,
        m1_0.file_name,
        m1_0.path,
        m1_0.file_size 
    from
        movie_poster m1_0 
    where
        m1_0.poster_id=?
2023-11-30T02:06:39.606-07:00 DEBUG 36396 --- [http-nio-8080-exec-3] org.hibernate.SQL                        : 
    select
        m1_0.poster_id,
        m1_0.file_name,
        m1_0.path,
        m1_0.file_size 
    from
        movie_poster m1_0 
    where
        m1_0.poster_id=?
2023-11-30T02:06:39.606-07:00 DEBUG 36396 --- [http-nio-8080-exec-4] org.hibernate.SQL                        : 
    select
        m1_0.poster_id,
        m1_0.file_name,
        m1_0.path,
        m1_0.file_size 
    from
        movie_poster m1_0 
    where
        m1_0.poster_id=?
2023-11-30T02:06:39.606-07:00 DEBUG 36396 --- [http-nio-8080-exec-7] org.hibernate.SQL                        : 
    select
        m1_0.poster_id,
        m1_0.file_name,
        m1_0.path,
        m1_0.file_size 
    from
        movie_poster m1_0 
    where
        m1_0.poster_id=?
2023-11-30T02:06:39.606-07:00 DEBUG 36396 --- [http-nio-8080-exec-9] org.hibernate.SQL                        : 
    select
        m1_0.poster_id,
        m1_0.file_name,
        m1_0.path,
        m1_0.file_size 
    from
        movie_poster m1_0 
    where
        m1_0.poster_id=?
2023-11-30T02:06:39.609-07:00 DEBUG 36396 --- [http-nio-8080-exec-2] o.s.security.web.FilterChainProxy        : Securing GET /api/images/movie/12
2023-11-30T02:06:39.609-07:00 DEBUG 36396 --- [http-nio-8080-exec-5] o.s.security.web.FilterChainProxy        : Securing GET /api/images/movie/13
2023-11-30T02:06:39.609-07:00 DEBUG 36396 --- [http-nio-8080-exec-1] o.s.security.web.FilterChainProxy        : Securing GET /api/images/movie/16
2023-11-30T02:06:39.609-07:00 DEBUG 36396 --- [http-nio-8080-exec-8] o.s.security.web.FilterChainProxy        : Securing GET /api/images/movie/17
2023-11-30T02:06:39.609-07:00  INFO 36396 --- [http-nio-8080-exec-2] c.c.c.security.JwtAuthenticationFilter   : authToken:eyJ0eXAiOiJKV1QiLCJhbGciOiJIUzI1NiJ9.eyJleHAiOjE3MDEzMzg2NzAsInVzZXJuYW1lIjoiQWRtaW4xIn0.Gzx9GlnTu1aYyvwAEouDpx8-TYWEXo8a3_pUTS47oWk
2023-11-30T02:06:39.609-07:00  INFO 36396 --- [http-nio-8080-exec-5] c.c.c.security.JwtAuthenticationFilter   : authToken:eyJ0eXAiOiJKV1QiLCJhbGciOiJIUzI1NiJ9.eyJleHAiOjE3MDEzMzg2NzAsInVzZXJuYW1lIjoiQWRtaW4xIn0.Gzx9GlnTu1aYyvwAEouDpx8-TYWEXo8a3_pUTS47oWk
2023-11-30T02:06:39.609-07:00  INFO 36396 --- [http-nio-8080-exec-1] c.c.c.security.JwtAuthenticationFilter   : authToken:eyJ0eXAiOiJKV1QiLCJhbGciOiJIUzI1NiJ9.eyJleHAiOjE3MDEzMzg2NzAsInVzZXJuYW1lIjoiQWRtaW4xIn0.Gzx9GlnTu1aYyvwAEouDpx8-TYWEXo8a3_pUTS47oWk
2023-11-30T02:06:39.609-07:00  INFO 36396 --- [http-nio-8080-exec-8] c.c.c.security.JwtAuthenticationFilter   : authToken:eyJ0eXAiOiJKV1QiLCJhbGciOiJIUzI1NiJ9.eyJleHAiOjE3MDEzMzg2NzAsInVzZXJuYW1lIjoiQWRtaW4xIn0.Gzx9GlnTu1aYyvwAEouDpx8-TYWEXo8a3_pUTS47oWk
2023-11-30T02:06:39.609-07:00  INFO 36396 --- [http-nio-8080-exec-1] c.c.c.security.JwtAuthenticationFilter   : username: Admin1
2023-11-30T02:06:39.609-07:00  INFO 36396 --- [http-nio-8080-exec-5] c.c.c.security.JwtAuthenticationFilter   : username: Admin1
2023-11-30T02:06:39.609-07:00 DEBUG 36396 --- [http-nio-8080-exec-3] o.s.security.web.FilterChainProxy        : Securing GET /api/images/movie/14
2023-11-30T02:06:39.609-07:00  INFO 36396 --- [http-nio-8080-exec-2] c.c.c.security.JwtAuthenticationFilter   : username: Admin1
2023-11-30T02:06:39.609-07:00 DEBUG 36396 --- [http-nio-8080-exec-10] o.s.security.web.FilterChainProxy        : Securing GET /api/images/movie/15
2023-11-30T02:06:39.609-07:00  INFO 36396 --- [http-nio-8080-exec-8] c.c.c.security.JwtAuthenticationFilter   : username: Admin1
2023-11-30T02:06:39.609-07:00  INFO 36396 --- [http-nio-8080-exec-3] c.c.c.security.JwtAuthenticationFilter   : authToken:eyJ0eXAiOiJKV1QiLCJhbGciOiJIUzI1NiJ9.eyJleHAiOjE3MDEzMzg2NzAsInVzZXJuYW1lIjoiQWRtaW4xIn0.Gzx9GlnTu1aYyvwAEouDpx8-TYWEXo8a3_pUTS47oWk
2023-11-30T02:06:39.609-07:00  INFO 36396 --- [http-nio-8080-exec-10] c.c.c.security.JwtAuthenticationFilter   : authToken:eyJ0eXAiOiJKV1QiLCJhbGciOiJIUzI1NiJ9.eyJleHAiOjE3MDEzMzg2NzAsInVzZXJuYW1lIjoiQWRtaW4xIn0.Gzx9GlnTu1aYyvwAEouDpx8-TYWEXo8a3_pUTS47oWk
2023-11-30T02:06:39.609-07:00  INFO 36396 --- [http-nio-8080-exec-3] c.c.c.security.JwtAuthenticationFilter   : username: Admin1
2023-11-30T02:06:39.609-07:00  INFO 36396 --- [http-nio-8080-exec-10] c.c.c.security.JwtAuthenticationFilter   : username: Admin1
2023-11-30T02:06:39.610-07:00 DEBUG 36396 --- [http-nio-8080-exec-8] org.hibernate.SQL                        : 
    select
        u1_0.user_id,
        u1_0.avatar_id,
        u1_0.email,
        u1_0.first_name,
        u1_0.last_name,
        u1_0.password,
        u1_0.username 
    from
        user u1_0 
    where
        upper(u1_0.username)=upper(?)
2023-11-30T02:06:39.610-07:00 DEBUG 36396 --- [http-nio-8080-exec-3] org.hibernate.SQL                        : 
    select
        u1_0.user_id,
        u1_0.avatar_id,
        u1_0.email,
        u1_0.first_name,
        u1_0.last_name,
        u1_0.password,
        u1_0.username 
    from
        user u1_0 
    where
        upper(u1_0.username)=upper(?)
2023-11-30T02:06:39.610-07:00 DEBUG 36396 --- [http-nio-8080-exec-1] org.hibernate.SQL                        : 
    select
        u1_0.user_id,
        u1_0.avatar_id,
        u1_0.email,
        u1_0.first_name,
        u1_0.last_name,
        u1_0.password,
        u1_0.username 
    from
        user u1_0 
    where
        upper(u1_0.username)=upper(?)
2023-11-30T02:06:39.610-07:00 DEBUG 36396 --- [http-nio-8080-exec-5] org.hibernate.SQL                        : 
    select
        u1_0.user_id,
        u1_0.avatar_id,
        u1_0.email,
        u1_0.first_name,
        u1_0.last_name,
        u1_0.password,
        u1_0.username 
    from
        user u1_0 
    where
        upper(u1_0.username)=upper(?)
2023-11-30T02:06:39.610-07:00 DEBUG 36396 --- [http-nio-8080-exec-2] org.hibernate.SQL                        : 
    select
        u1_0.user_id,
        u1_0.avatar_id,
        u1_0.email,
        u1_0.first_name,
        u1_0.last_name,
        u1_0.password,
        u1_0.username 
    from
        user u1_0 
    where
        upper(u1_0.username)=upper(?)
2023-11-30T02:06:39.610-07:00 DEBUG 36396 --- [http-nio-8080-exec-10] org.hibernate.SQL                        : 
    select
        u1_0.user_id,
        u1_0.avatar_id,
        u1_0.email,
        u1_0.first_name,
        u1_0.last_name,
        u1_0.password,
        u1_0.username 
    from
        user u1_0 
    where
        upper(u1_0.username)=upper(?)
2023-11-30T02:06:39.610-07:00 DEBUG 36396 --- [http-nio-8080-exec-10] org.hibernate.SQL                        : 
    select
        r1_0.user_id,
        r1_1.role_id,
        r1_1.name 
    from
        user_roles r1_0 
    join
        role r1_1 
            on r1_1.role_id=r1_0.role_id 
    where
        r1_0.user_id=?
2023-11-30T02:06:39.610-07:00 DEBUG 36396 --- [http-nio-8080-exec-2] org.hibernate.SQL                        : 
    select
        r1_0.user_id,
        r1_1.role_id,
        r1_1.name 
    from
        user_roles r1_0 
    join
        role r1_1 
            on r1_1.role_id=r1_0.role_id 
    where
        r1_0.user_id=?
2023-11-30T02:06:39.610-07:00 DEBUG 36396 --- [http-nio-8080-exec-1] org.hibernate.SQL                        : 
    select
        r1_0.user_id,
        r1_1.role_id,
        r1_1.name 
    from
        user_roles r1_0 
    join
        role r1_1 
            on r1_1.role_id=r1_0.role_id 
    where
        r1_0.user_id=?
2023-11-30T02:06:39.610-07:00 DEBUG 36396 --- [http-nio-8080-exec-5] org.hibernate.SQL                        : 
    select
        r1_0.user_id,
        r1_1.role_id,
        r1_1.name 
    from
        user_roles r1_0 
    join
        role r1_1 
            on r1_1.role_id=r1_0.role_id 
    where
        r1_0.user_id=?
2023-11-30T02:06:39.610-07:00 DEBUG 36396 --- [http-nio-8080-exec-3] org.hibernate.SQL                        : 
    select
        r1_0.user_id,
        r1_1.role_id,
        r1_1.name 
    from
        user_roles r1_0 
    join
        role r1_1 
            on r1_1.role_id=r1_0.role_id 
    where
        r1_0.user_id=?
2023-11-30T02:06:39.610-07:00 DEBUG 36396 --- [http-nio-8080-exec-8] org.hibernate.SQL                        : 
    select
        r1_0.user_id,
        r1_1.role_id,
        r1_1.name 
    from
        user_roles r1_0 
    join
        role r1_1 
            on r1_1.role_id=r1_0.role_id 
    where
        r1_0.user_id=?
2023-11-30T02:06:39.611-07:00  INFO 36396 --- [http-nio-8080-exec-2] c.c.c.security.JwtAuthenticationFilter   : Authorities: [ROLE_USER, ROLE_ADMIN]
2023-11-30T02:06:39.611-07:00  INFO 36396 --- [http-nio-8080-exec-1] c.c.c.security.JwtAuthenticationFilter   : Authorities: [ROLE_USER, ROLE_ADMIN]
2023-11-30T02:06:39.611-07:00  INFO 36396 --- [http-nio-8080-exec-8] c.c.c.security.JwtAuthenticationFilter   : Authorities: [ROLE_USER, ROLE_ADMIN]
2023-11-30T02:06:39.611-07:00  INFO 36396 --- [http-nio-8080-exec-3] c.c.c.security.JwtAuthenticationFilter   : Authorities: [ROLE_USER, ROLE_ADMIN]
2023-11-30T02:06:39.611-07:00  INFO 36396 --- [http-nio-8080-exec-5] c.c.c.security.JwtAuthenticationFilter   : Authorities: [ROLE_USER, ROLE_ADMIN]
2023-11-30T02:06:39.611-07:00  INFO 36396 --- [http-nio-8080-exec-1] c.c.c.security.JwtAuthenticationFilter   : SecurityContextImpl [Authentication=UsernamePasswordAuthenticationToken [Principal=Admin1, Credentials=[PROTECTED], Authenticated=true, Details=WebAuthenticationDetails [RemoteIpAddress=0:0:0:0:0:0:0:1, SessionId=null], Granted Authorities=[ROLE_USER, ROLE_ADMIN]]]
2023-11-30T02:06:39.611-07:00  INFO 36396 --- [http-nio-8080-exec-10] c.c.c.security.JwtAuthenticationFilter   : Authorities: [ROLE_USER, ROLE_ADMIN]
2023-11-30T02:06:39.611-07:00  INFO 36396 --- [http-nio-8080-exec-2] c.c.c.security.JwtAuthenticationFilter   : SecurityContextImpl [Authentication=UsernamePasswordAuthenticationToken [Principal=Admin1, Credentials=[PROTECTED], Authenticated=true, Details=WebAuthenticationDetails [RemoteIpAddress=0:0:0:0:0:0:0:1, SessionId=null], Granted Authorities=[ROLE_USER, ROLE_ADMIN]]]
2023-11-30T02:06:39.611-07:00  INFO 36396 --- [http-nio-8080-exec-3] c.c.c.security.JwtAuthenticationFilter   : SecurityContextImpl [Authentication=UsernamePasswordAuthenticationToken [Principal=Admin1, Credentials=[PROTECTED], Authenticated=true, Details=WebAuthenticationDetails [RemoteIpAddress=0:0:0:0:0:0:0:1, SessionId=null], Granted Authorities=[ROLE_USER, ROLE_ADMIN]]]
2023-11-30T02:06:39.611-07:00  INFO 36396 --- [http-nio-8080-exec-8] c.c.c.security.JwtAuthenticationFilter   : SecurityContextImpl [Authentication=UsernamePasswordAuthenticationToken [Principal=Admin1, Credentials=[PROTECTED], Authenticated=true, Details=WebAuthenticationDetails [RemoteIpAddress=0:0:0:0:0:0:0:1, SessionId=null], Granted Authorities=[ROLE_USER, ROLE_ADMIN]]]
2023-11-30T02:06:39.611-07:00  INFO 36396 --- [http-nio-8080-exec-10] c.c.c.security.JwtAuthenticationFilter   : SecurityContextImpl [Authentication=UsernamePasswordAuthenticationToken [Principal=Admin1, Credentials=[PROTECTED], Authenticated=true, Details=WebAuthenticationDetails [RemoteIpAddress=0:0:0:0:0:0:0:1, SessionId=null], Granted Authorities=[ROLE_USER, ROLE_ADMIN]]]
2023-11-30T02:06:39.611-07:00  INFO 36396 --- [http-nio-8080-exec-5] c.c.c.security.JwtAuthenticationFilter   : SecurityContextImpl [Authentication=UsernamePasswordAuthenticationToken [Principal=Admin1, Credentials=[PROTECTED], Authenticated=true, Details=WebAuthenticationDetails [RemoteIpAddress=0:0:0:0:0:0:0:1, SessionId=null], Granted Authorities=[ROLE_USER, ROLE_ADMIN]]]
2023-11-30T02:06:39.612-07:00 DEBUG 36396 --- [http-nio-8080-exec-1] o.s.security.web.FilterChainProxy        : Secured GET /api/images/movie/16
2023-11-30T02:06:39.612-07:00 DEBUG 36396 --- [http-nio-8080-exec-3] o.s.security.web.FilterChainProxy        : Secured GET /api/images/movie/14
2023-11-30T02:06:39.612-07:00 DEBUG 36396 --- [http-nio-8080-exec-3] horizationManagerBeforeMethodInterceptor : Authorizing method invocation ReflectiveMethodInvocation: public org.springframework.http.ResponseEntity com.cm.cinematchapp.controllers.ImageController.getMoviePoster(java.lang.Long) throws java.io.IOException; target is of class [com.cm.cinematchapp.controllers.ImageController]
2023-11-30T02:06:39.612-07:00 DEBUG 36396 --- [http-nio-8080-exec-1] horizationManagerBeforeMethodInterceptor : Authorizing method invocation ReflectiveMethodInvocation: public org.springframework.http.ResponseEntity com.cm.cinematchapp.controllers.ImageController.getMoviePoster(java.lang.Long) throws java.io.IOException; target is of class [com.cm.cinematchapp.controllers.ImageController]
2023-11-30T02:06:39.613-07:00 DEBUG 36396 --- [http-nio-8080-exec-10] o.s.security.web.FilterChainProxy        : Secured GET /api/images/movie/15
2023-11-30T02:06:39.613-07:00 DEBUG 36396 --- [http-nio-8080-exec-3] horizationManagerBeforeMethodInterceptor : Authorized method invocation ReflectiveMethodInvocation: public org.springframework.http.ResponseEntity com.cm.cinematchapp.controllers.ImageController.getMoviePoster(java.lang.Long) throws java.io.IOException; target is of class [com.cm.cinematchapp.controllers.ImageController]
2023-11-30T02:06:39.613-07:00 DEBUG 36396 --- [http-nio-8080-exec-2] o.s.security.web.FilterChainProxy        : Secured GET /api/images/movie/12
2023-11-30T02:06:39.613-07:00 DEBUG 36396 --- [http-nio-8080-exec-8] o.s.security.web.FilterChainProxy        : Secured GET /api/images/movie/17
2023-11-30T02:06:39.613-07:00 DEBUG 36396 --- [http-nio-8080-exec-1] horizationManagerBeforeMethodInterceptor : Authorized method invocation ReflectiveMethodInvocation: public org.springframework.http.ResponseEntity com.cm.cinematchapp.controllers.ImageController.getMoviePoster(java.lang.Long) throws java.io.IOException; target is of class [com.cm.cinematchapp.controllers.ImageController]
2023-11-30T02:06:39.613-07:00 DEBUG 36396 --- [http-nio-8080-exec-5] o.s.security.web.FilterChainProxy        : Secured GET /api/images/movie/13
2023-11-30T02:06:39.613-07:00 DEBUG 36396 --- [http-nio-8080-exec-10] horizationManagerBeforeMethodInterceptor : Authorizing method invocation ReflectiveMethodInvocation: public org.springframework.http.ResponseEntity com.cm.cinematchapp.controllers.ImageController.getMoviePoster(java.lang.Long) throws java.io.IOException; target is of class [com.cm.cinematchapp.controllers.ImageController]
2023-11-30T02:06:39.613-07:00 DEBUG 36396 --- [http-nio-8080-exec-8] horizationManagerBeforeMethodInterceptor : Authorizing method invocation ReflectiveMethodInvocation: public org.springframework.http.ResponseEntity com.cm.cinematchapp.controllers.ImageController.getMoviePoster(java.lang.Long) throws java.io.IOException; target is of class [com.cm.cinematchapp.controllers.ImageController]
2023-11-30T02:06:39.613-07:00 DEBUG 36396 --- [http-nio-8080-exec-2] horizationManagerBeforeMethodInterceptor : Authorizing method invocation ReflectiveMethodInvocation: public org.springframework.http.ResponseEntity com.cm.cinematchapp.controllers.ImageController.getMoviePoster(java.lang.Long) throws java.io.IOException; target is of class [com.cm.cinematchapp.controllers.ImageController]
2023-11-30T02:06:39.613-07:00 DEBUG 36396 --- [http-nio-8080-exec-5] horizationManagerBeforeMethodInterceptor : Authorizing method invocation ReflectiveMethodInvocation: public org.springframework.http.ResponseEntity com.cm.cinematchapp.controllers.ImageController.getMoviePoster(java.lang.Long) throws java.io.IOException; target is of class [com.cm.cinematchapp.controllers.ImageController]
2023-11-30T02:06:39.613-07:00 DEBUG 36396 --- [http-nio-8080-exec-10] horizationManagerBeforeMethodInterceptor : Authorized method invocation ReflectiveMethodInvocation: public org.springframework.http.ResponseEntity com.cm.cinematchapp.controllers.ImageController.getMoviePoster(java.lang.Long) throws java.io.IOException; target is of class [com.cm.cinematchapp.controllers.ImageController]
2023-11-30T02:06:39.613-07:00 DEBUG 36396 --- [http-nio-8080-exec-8] horizationManagerBeforeMethodInterceptor : Authorized method invocation ReflectiveMethodInvocation: public org.springframework.http.ResponseEntity com.cm.cinematchapp.controllers.ImageController.getMoviePoster(java.lang.Long) throws java.io.IOException; target is of class [com.cm.cinematchapp.controllers.ImageController]
2023-11-30T02:06:39.613-07:00 DEBUG 36396 --- [http-nio-8080-exec-2] horizationManagerBeforeMethodInterceptor : Authorized method invocation ReflectiveMethodInvocation: public org.springframework.http.ResponseEntity com.cm.cinematchapp.controllers.ImageController.getMoviePoster(java.lang.Long) throws java.io.IOException; target is of class [com.cm.cinematchapp.controllers.ImageController]
2023-11-30T02:06:39.613-07:00 DEBUG 36396 --- [http-nio-8080-exec-5] horizationManagerBeforeMethodInterceptor : Authorized method invocation ReflectiveMethodInvocation: public org.springframework.http.ResponseEntity com.cm.cinematchapp.controllers.ImageController.getMoviePoster(java.lang.Long) throws java.io.IOException; target is of class [com.cm.cinematchapp.controllers.ImageController]
2023-11-30T02:06:39.613-07:00 DEBUG 36396 --- [http-nio-8080-exec-1] org.hibernate.SQL                        : 
    select
        m1_0.movie_id,
        m1_0.description,
        m1_0.poster_id,
        m1_0.rated,
        m1_0.title,
        m1_0.year 
    from
        movie m1_0 
    where
        m1_0.movie_id=?
2023-11-30T02:06:39.613-07:00 DEBUG 36396 --- [http-nio-8080-exec-3] org.hibernate.SQL                        : 
    select
        m1_0.movie_id,
        m1_0.description,
        m1_0.poster_id,
        m1_0.rated,
        m1_0.title,
        m1_0.year 
    from
        movie m1_0 
    where
        m1_0.movie_id=?
2023-11-30T02:06:39.614-07:00 DEBUG 36396 --- [http-nio-8080-exec-10] org.hibernate.SQL                        : 
    select
        m1_0.movie_id,
        m1_0.description,
        m1_0.poster_id,
        m1_0.rated,
        m1_0.title,
        m1_0.year 
    from
        movie m1_0 
    where
        m1_0.movie_id=?
2023-11-30T02:06:39.614-07:00 DEBUG 36396 --- [http-nio-8080-exec-8] org.hibernate.SQL                        : 
    select
        m1_0.movie_id,
        m1_0.description,
        m1_0.poster_id,
        m1_0.rated,
        m1_0.title,
        m1_0.year 
    from
        movie m1_0 
    where
        m1_0.movie_id=?
2023-11-30T02:06:39.614-07:00 DEBUG 36396 --- [http-nio-8080-exec-2] org.hibernate.SQL                        : 
    select
        m1_0.movie_id,
        m1_0.description,
        m1_0.poster_id,
        m1_0.rated,
        m1_0.title,
        m1_0.year 
    from
        movie m1_0 
    where
        m1_0.movie_id=?
2023-11-30T02:06:39.614-07:00 DEBUG 36396 --- [http-nio-8080-exec-5] org.hibernate.SQL                        : 
    select
        m1_0.movie_id,
        m1_0.description,
        m1_0.poster_id,
        m1_0.rated,
        m1_0.title,
        m1_0.year 
    from
        movie m1_0 
    where
        m1_0.movie_id=?
2023-11-30T02:06:39.614-07:00 DEBUG 36396 --- [http-nio-8080-exec-1] org.hibernate.SQL                        : 
    select
        m1_0.poster_id,
        m1_0.file_name,
        m1_0.path,
        m1_0.file_size 
    from
        movie_poster m1_0 
    where
        m1_0.poster_id=?
2023-11-30T02:06:39.614-07:00 DEBUG 36396 --- [http-nio-8080-exec-3] org.hibernate.SQL                        : 
    select
        m1_0.poster_id,
        m1_0.file_name,
        m1_0.path,
        m1_0.file_size 
    from
        movie_poster m1_0 
    where
        m1_0.poster_id=?
2023-11-30T02:06:39.614-07:00 DEBUG 36396 --- [http-nio-8080-exec-10] org.hibernate.SQL                        : 
    select
        m1_0.poster_id,
        m1_0.file_name,
        m1_0.path,
        m1_0.file_size 
    from
        movie_poster m1_0 
    where
        m1_0.poster_id=?
2023-11-30T02:06:39.614-07:00 DEBUG 36396 --- [http-nio-8080-exec-8] org.hibernate.SQL                        : 
    select
        m1_0.poster_id,
        m1_0.file_name,
        m1_0.path,
        m1_0.file_size 
    from
        movie_poster m1_0 
    where
        m1_0.poster_id=?
2023-11-30T02:06:39.614-07:00 DEBUG 36396 --- [http-nio-8080-exec-2] org.hibernate.SQL                        : 
    select
        m1_0.poster_id,
        m1_0.file_name,
        m1_0.path,
        m1_0.file_size 
    from
        movie_poster m1_0 
    where
        m1_0.poster_id=?
2023-11-30T02:06:39.614-07:00 DEBUG 36396 --- [http-nio-8080-exec-5] org.hibernate.SQL                        : 
    select
        m1_0.poster_id,
        m1_0.file_name,
        m1_0.path,
        m1_0.file_size 
    from
        movie_poster m1_0 
    where
        m1_0.poster_id=?
2023-11-30T02:06:39.617-07:00 DEBUG 36396 --- [http-nio-8080-exec-9] o.s.security.web.FilterChainProxy        : Securing GET /api/images/movie/18
2023-11-30T02:06:39.617-07:00 DEBUG 36396 --- [http-nio-8080-exec-7] o.s.security.web.FilterChainProxy        : Securing GET /api/images/movie/19
2023-11-30T02:06:39.617-07:00  INFO 36396 --- [http-nio-8080-exec-9] c.c.c.security.JwtAuthenticationFilter   : authToken:eyJ0eXAiOiJKV1QiLCJhbGciOiJIUzI1NiJ9.eyJleHAiOjE3MDEzMzg2NzAsInVzZXJuYW1lIjoiQWRtaW4xIn0.Gzx9GlnTu1aYyvwAEouDpx8-TYWEXo8a3_pUTS47oWk
2023-11-30T02:06:39.617-07:00  INFO 36396 --- [http-nio-8080-exec-9] c.c.c.security.JwtAuthenticationFilter   : username: Admin1
2023-11-30T02:06:39.618-07:00  INFO 36396 --- [http-nio-8080-exec-7] c.c.c.security.JwtAuthenticationFilter   : authToken:eyJ0eXAiOiJKV1QiLCJhbGciOiJIUzI1NiJ9.eyJleHAiOjE3MDEzMzg2NzAsInVzZXJuYW1lIjoiQWRtaW4xIn0.Gzx9GlnTu1aYyvwAEouDpx8-TYWEXo8a3_pUTS47oWk
2023-11-30T02:06:39.618-07:00 DEBUG 36396 --- [http-nio-8080-exec-6] o.s.security.web.FilterChainProxy        : Securing GET /api/images/movie/20
2023-11-30T02:06:39.618-07:00  INFO 36396 --- [http-nio-8080-exec-7] c.c.c.security.JwtAuthenticationFilter   : username: Admin1
2023-11-30T02:06:39.618-07:00  INFO 36396 --- [http-nio-8080-exec-6] c.c.c.security.JwtAuthenticationFilter   : authToken:eyJ0eXAiOiJKV1QiLCJhbGciOiJIUzI1NiJ9.eyJleHAiOjE3MDEzMzg2NzAsInVzZXJuYW1lIjoiQWRtaW4xIn0.Gzx9GlnTu1aYyvwAEouDpx8-TYWEXo8a3_pUTS47oWk
2023-11-30T02:06:39.618-07:00  INFO 36396 --- [http-nio-8080-exec-6] c.c.c.security.JwtAuthenticationFilter   : username: Admin1
2023-11-30T02:06:39.618-07:00 DEBUG 36396 --- [http-nio-8080-exec-7] org.hibernate.SQL                        : 
    select
        u1_0.user_id,
        u1_0.avatar_id,
        u1_0.email,
        u1_0.first_name,
        u1_0.last_name,
        u1_0.password,
        u1_0.username 
    from
        user u1_0 
    where
        upper(u1_0.username)=upper(?)
2023-11-30T02:06:39.618-07:00 DEBUG 36396 --- [http-nio-8080-exec-9] org.hibernate.SQL                        : 
    select
        u1_0.user_id,
        u1_0.avatar_id,
        u1_0.email,
        u1_0.first_name,
        u1_0.last_name,
        u1_0.password,
        u1_0.username 
    from
        user u1_0 
    where
        upper(u1_0.username)=upper(?)
2023-11-30T02:06:39.618-07:00 DEBUG 36396 --- [http-nio-8080-exec-6] org.hibernate.SQL                        : 
    select
        u1_0.user_id,
        u1_0.avatar_id,
        u1_0.email,
        u1_0.first_name,
        u1_0.last_name,
        u1_0.password,
        u1_0.username 
    from
        user u1_0 
    where
        upper(u1_0.username)=upper(?)
2023-11-30T02:06:39.619-07:00 DEBUG 36396 --- [http-nio-8080-exec-9] org.hibernate.SQL                        : 
    select
        r1_0.user_id,
        r1_1.role_id,
        r1_1.name 
    from
        user_roles r1_0 
    join
        role r1_1 
            on r1_1.role_id=r1_0.role_id 
    where
        r1_0.user_id=?
2023-11-30T02:06:39.619-07:00 DEBUG 36396 --- [http-nio-8080-exec-7] org.hibernate.SQL                        : 
    select
        r1_0.user_id,
        r1_1.role_id,
        r1_1.name 
    from
        user_roles r1_0 
    join
        role r1_1 
            on r1_1.role_id=r1_0.role_id 
    where
        r1_0.user_id=?
2023-11-30T02:06:39.619-07:00 DEBUG 36396 --- [http-nio-8080-exec-6] org.hibernate.SQL                        : 
    select
        r1_0.user_id,
        r1_1.role_id,
        r1_1.name 
    from
        user_roles r1_0 
    join
        role r1_1 
            on r1_1.role_id=r1_0.role_id 
    where
        r1_0.user_id=?
2023-11-30T02:06:39.619-07:00  INFO 36396 --- [http-nio-8080-exec-6] c.c.c.security.JwtAuthenticationFilter   : Authorities: [ROLE_USER, ROLE_ADMIN]
2023-11-30T02:06:39.619-07:00  INFO 36396 --- [http-nio-8080-exec-7] c.c.c.security.JwtAuthenticationFilter   : Authorities: [ROLE_USER, ROLE_ADMIN]
2023-11-30T02:06:39.619-07:00  INFO 36396 --- [http-nio-8080-exec-9] c.c.c.security.JwtAuthenticationFilter   : Authorities: [ROLE_USER, ROLE_ADMIN]
2023-11-30T02:06:39.620-07:00  INFO 36396 --- [http-nio-8080-exec-6] c.c.c.security.JwtAuthenticationFilter   : SecurityContextImpl [Authentication=UsernamePasswordAuthenticationToken [Principal=Admin1, Credentials=[PROTECTED], Authenticated=true, Details=WebAuthenticationDetails [RemoteIpAddress=0:0:0:0:0:0:0:1, SessionId=null], Granted Authorities=[ROLE_USER, ROLE_ADMIN]]]
2023-11-30T02:06:39.620-07:00  INFO 36396 --- [http-nio-8080-exec-7] c.c.c.security.JwtAuthenticationFilter   : SecurityContextImpl [Authentication=UsernamePasswordAuthenticationToken [Principal=Admin1, Credentials=[PROTECTED], Authenticated=true, Details=WebAuthenticationDetails [RemoteIpAddress=0:0:0:0:0:0:0:1, SessionId=null], Granted Authorities=[ROLE_USER, ROLE_ADMIN]]]
2023-11-30T02:06:39.620-07:00  INFO 36396 --- [http-nio-8080-exec-9] c.c.c.security.JwtAuthenticationFilter   : SecurityContextImpl [Authentication=UsernamePasswordAuthenticationToken [Principal=Admin1, Credentials=[PROTECTED], Authenticated=true, Details=WebAuthenticationDetails [RemoteIpAddress=0:0:0:0:0:0:0:1, SessionId=null], Granted Authorities=[ROLE_USER, ROLE_ADMIN]]]
2023-11-30T02:06:39.620-07:00 DEBUG 36396 --- [http-nio-8080-exec-9] o.s.security.web.FilterChainProxy        : Secured GET /api/images/movie/18
2023-11-30T02:06:39.620-07:00 DEBUG 36396 --- [http-nio-8080-exec-7] o.s.security.web.FilterChainProxy        : Secured GET /api/images/movie/19
2023-11-30T02:06:39.620-07:00 DEBUG 36396 --- [http-nio-8080-exec-6] o.s.security.web.FilterChainProxy        : Secured GET /api/images/movie/20
2023-11-30T02:06:39.621-07:00 DEBUG 36396 --- [http-nio-8080-exec-7] horizationManagerBeforeMethodInterceptor : Authorizing method invocation ReflectiveMethodInvocation: public org.springframework.http.ResponseEntity com.cm.cinematchapp.controllers.ImageController.getMoviePoster(java.lang.Long) throws java.io.IOException; target is of class [com.cm.cinematchapp.controllers.ImageController]
2023-11-30T02:06:39.621-07:00 DEBUG 36396 --- [http-nio-8080-exec-9] horizationManagerBeforeMethodInterceptor : Authorizing method invocation ReflectiveMethodInvocation: public org.springframework.http.ResponseEntity com.cm.cinematchapp.controllers.ImageController.getMoviePoster(java.lang.Long) throws java.io.IOException; target is of class [com.cm.cinematchapp.controllers.ImageController]
2023-11-30T02:06:39.621-07:00 DEBUG 36396 --- [http-nio-8080-exec-6] horizationManagerBeforeMethodInterceptor : Authorizing method invocation ReflectiveMethodInvocation: public org.springframework.http.ResponseEntity com.cm.cinematchapp.controllers.ImageController.getMoviePoster(java.lang.Long) throws java.io.IOException; target is of class [com.cm.cinematchapp.controllers.ImageController]
2023-11-30T02:06:39.621-07:00 DEBUG 36396 --- [http-nio-8080-exec-7] horizationManagerBeforeMethodInterceptor : Authorized method invocation ReflectiveMethodInvocation: public org.springframework.http.ResponseEntity com.cm.cinematchapp.controllers.ImageController.getMoviePoster(java.lang.Long) throws java.io.IOException; target is of class [com.cm.cinematchapp.controllers.ImageController]
2023-11-30T02:06:39.621-07:00 DEBUG 36396 --- [http-nio-8080-exec-9] horizationManagerBeforeMethodInterceptor : Authorized method invocation ReflectiveMethodInvocation: public org.springframework.http.ResponseEntity com.cm.cinematchapp.controllers.ImageController.getMoviePoster(java.lang.Long) throws java.io.IOException; target is of class [com.cm.cinematchapp.controllers.ImageController]
2023-11-30T02:06:39.621-07:00 DEBUG 36396 --- [http-nio-8080-exec-6] horizationManagerBeforeMethodInterceptor : Authorized method invocation ReflectiveMethodInvocation: public org.springframework.http.ResponseEntity com.cm.cinematchapp.controllers.ImageController.getMoviePoster(java.lang.Long) throws java.io.IOException; target is of class [com.cm.cinematchapp.controllers.ImageController]
2023-11-30T02:06:39.621-07:00 DEBUG 36396 --- [http-nio-8080-exec-6] org.hibernate.SQL                        : 
    select
        m1_0.movie_id,
        m1_0.description,
        m1_0.poster_id,
        m1_0.rated,
        m1_0.title,
        m1_0.year 
    from
        movie m1_0 
    where
        m1_0.movie_id=?
2023-11-30T02:06:39.621-07:00 DEBUG 36396 --- [http-nio-8080-exec-9] org.hibernate.SQL                        : 
    select
        m1_0.movie_id,
        m1_0.description,
        m1_0.poster_id,
        m1_0.rated,
        m1_0.title,
        m1_0.year 
    from
        movie m1_0 
    where
        m1_0.movie_id=?
2023-11-30T02:06:39.621-07:00 DEBUG 36396 --- [http-nio-8080-exec-7] org.hibernate.SQL                        : 
    select
        m1_0.movie_id,
        m1_0.description,
        m1_0.poster_id,
        m1_0.rated,
        m1_0.title,
        m1_0.year 
    from
        movie m1_0 
    where
        m1_0.movie_id=?
2023-11-30T02:06:39.622-07:00 DEBUG 36396 --- [http-nio-8080-exec-7] org.hibernate.SQL                        : 
    select
        m1_0.poster_id,
        m1_0.file_name,
        m1_0.path,
        m1_0.file_size 
    from
        movie_poster m1_0 
    where
        m1_0.poster_id=?
2023-11-30T02:06:39.622-07:00 DEBUG 36396 --- [http-nio-8080-exec-9] org.hibernate.SQL                        : 
    select
        m1_0.poster_id,
        m1_0.file_name,
        m1_0.path,
        m1_0.file_size 
    from
        movie_poster m1_0 
    where
        m1_0.poster_id=?
2023-11-30T02:06:39.622-07:00 DEBUG 36396 --- [http-nio-8080-exec-6] org.hibernate.SQL                        : 
    select
        m1_0.poster_id,
        m1_0.file_name,
        m1_0.path,
        m1_0.file_size 
    from
        movie_poster m1_0 
    where
        m1_0.poster_id=?
2023-11-30T02:06:42.582-07:00 DEBUG 36396 --- [http-nio-8080-exec-4] o.s.security.web.FilterChainProxy        : Securing OPTIONS /api/entities/friends
2023-11-30T02:06:42.582-07:00 DEBUG 36396 --- [http-nio-8080-exec-8] o.s.security.web.FilterChainProxy        : Securing OPTIONS /api/entities/friend-requests
2023-11-30T02:06:42.584-07:00 DEBUG 36396 --- [http-nio-8080-exec-2] o.s.security.web.FilterChainProxy        : Securing GET /api/entities/friends
2023-11-30T02:06:42.584-07:00 DEBUG 36396 --- [http-nio-8080-exec-3] o.s.security.web.FilterChainProxy        : Securing GET /api/entities/friend-requests
2023-11-30T02:06:42.584-07:00  INFO 36396 --- [http-nio-8080-exec-2] c.c.c.security.JwtAuthenticationFilter   : authToken:eyJ0eXAiOiJKV1QiLCJhbGciOiJIUzI1NiJ9.eyJleHAiOjE3MDEzMzg2NzAsInVzZXJuYW1lIjoiQWRtaW4xIn0.Gzx9GlnTu1aYyvwAEouDpx8-TYWEXo8a3_pUTS47oWk
2023-11-30T02:06:42.584-07:00  INFO 36396 --- [http-nio-8080-exec-3] c.c.c.security.JwtAuthenticationFilter   : authToken:eyJ0eXAiOiJKV1QiLCJhbGciOiJIUzI1NiJ9.eyJleHAiOjE3MDEzMzg2NzAsInVzZXJuYW1lIjoiQWRtaW4xIn0.Gzx9GlnTu1aYyvwAEouDpx8-TYWEXo8a3_pUTS47oWk
2023-11-30T02:06:42.585-07:00  INFO 36396 --- [http-nio-8080-exec-2] c.c.c.security.JwtAuthenticationFilter   : username: Admin1
2023-11-30T02:06:42.585-07:00  INFO 36396 --- [http-nio-8080-exec-3] c.c.c.security.JwtAuthenticationFilter   : username: Admin1
2023-11-30T02:06:42.585-07:00 DEBUG 36396 --- [http-nio-8080-exec-2] org.hibernate.SQL                        : 
    select
        u1_0.user_id,
        u1_0.avatar_id,
        u1_0.email,
        u1_0.first_name,
        u1_0.last_name,
        u1_0.password,
        u1_0.username 
    from
        user u1_0 
    where
        upper(u1_0.username)=upper(?)
2023-11-30T02:06:42.585-07:00 DEBUG 36396 --- [http-nio-8080-exec-3] org.hibernate.SQL                        : 
    select
        u1_0.user_id,
        u1_0.avatar_id,
        u1_0.email,
        u1_0.first_name,
        u1_0.last_name,
        u1_0.password,
        u1_0.username 
    from
        user u1_0 
    where
        upper(u1_0.username)=upper(?)
2023-11-30T02:06:42.586-07:00 DEBUG 36396 --- [http-nio-8080-exec-3] org.hibernate.SQL                        : 
    select
        r1_0.user_id,
        r1_1.role_id,
        r1_1.name 
    from
        user_roles r1_0 
    join
        role r1_1 
            on r1_1.role_id=r1_0.role_id 
    where
        r1_0.user_id=?
2023-11-30T02:06:42.586-07:00 DEBUG 36396 --- [http-nio-8080-exec-2] org.hibernate.SQL                        : 
    select
        r1_0.user_id,
        r1_1.role_id,
        r1_1.name 
    from
        user_roles r1_0 
    join
        role r1_1 
            on r1_1.role_id=r1_0.role_id 
    where
        r1_0.user_id=?
2023-11-30T02:06:42.587-07:00  INFO 36396 --- [http-nio-8080-exec-2] c.c.c.security.JwtAuthenticationFilter   : Authorities: [ROLE_USER, ROLE_ADMIN]
2023-11-30T02:06:42.587-07:00  INFO 36396 --- [http-nio-8080-exec-3] c.c.c.security.JwtAuthenticationFilter   : Authorities: [ROLE_USER, ROLE_ADMIN]
2023-11-30T02:06:42.587-07:00  INFO 36396 --- [http-nio-8080-exec-2] c.c.c.security.JwtAuthenticationFilter   : SecurityContextImpl [Authentication=UsernamePasswordAuthenticationToken [Principal=Admin1, Credentials=[PROTECTED], Authenticated=true, Details=WebAuthenticationDetails [RemoteIpAddress=0:0:0:0:0:0:0:1, SessionId=null], Granted Authorities=[ROLE_USER, ROLE_ADMIN]]]
2023-11-30T02:06:42.587-07:00  INFO 36396 --- [http-nio-8080-exec-3] c.c.c.security.JwtAuthenticationFilter   : SecurityContextImpl [Authentication=UsernamePasswordAuthenticationToken [Principal=Admin1, Credentials=[PROTECTED], Authenticated=true, Details=WebAuthenticationDetails [RemoteIpAddress=0:0:0:0:0:0:0:1, SessionId=null], Granted Authorities=[ROLE_USER, ROLE_ADMIN]]]
2023-11-30T02:06:42.587-07:00 DEBUG 36396 --- [http-nio-8080-exec-3] o.s.security.web.FilterChainProxy        : Secured GET /api/entities/friend-requests
2023-11-30T02:06:42.587-07:00 DEBUG 36396 --- [http-nio-8080-exec-2] o.s.security.web.FilterChainProxy        : Secured GET /api/entities/friends
2023-11-30T02:06:42.587-07:00 DEBUG 36396 --- [http-nio-8080-exec-3] horizationManagerBeforeMethodInterceptor : Authorizing method invocation ReflectiveMethodInvocation: public org.springframework.http.ResponseEntity com.cm.cinematchapp.controllers.EntityController.getFriendRequests(); target is of class [com.cm.cinematchapp.controllers.EntityController]
2023-11-30T02:06:42.587-07:00 DEBUG 36396 --- [http-nio-8080-exec-2] horizationManagerBeforeMethodInterceptor : Authorizing method invocation ReflectiveMethodInvocation: public org.springframework.http.ResponseEntity com.cm.cinematchapp.controllers.EntityController.getFriends(); target is of class [com.cm.cinematchapp.controllers.EntityController]
2023-11-30T02:06:42.588-07:00 DEBUG 36396 --- [http-nio-8080-exec-3] horizationManagerBeforeMethodInterceptor : Authorized method invocation ReflectiveMethodInvocation: public org.springframework.http.ResponseEntity com.cm.cinematchapp.controllers.EntityController.getFriendRequests(); target is of class [com.cm.cinematchapp.controllers.EntityController]
2023-11-30T02:06:42.588-07:00 DEBUG 36396 --- [http-nio-8080-exec-2] horizationManagerBeforeMethodInterceptor : Authorized method invocation ReflectiveMethodInvocation: public org.springframework.http.ResponseEntity com.cm.cinematchapp.controllers.EntityController.getFriends(); target is of class [com.cm.cinematchapp.controllers.EntityController]
2023-11-30T02:06:42.588-07:00 DEBUG 36396 --- [http-nio-8080-exec-3] org.hibernate.SQL                        : 
    select
        u1_0.user_id,
        u1_0.avatar_id,
        u1_0.email,
        u1_0.first_name,
        u1_0.last_name,
        u1_0.password,
        u1_0.username 
    from
        user u1_0 
    where
        upper(u1_0.username)=upper(?)
2023-11-30T02:06:42.588-07:00 DEBUG 36396 --- [http-nio-8080-exec-2] org.hibernate.SQL                        : 
    select
        u1_0.user_id,
        u1_0.avatar_id,
        u1_0.email,
        u1_0.first_name,
        u1_0.last_name,
        u1_0.password,
        u1_0.username 
    from
        user u1_0 
    where
        upper(u1_0.username)=upper(?)
2023-11-30T02:06:42.589-07:00 DEBUG 36396 --- [http-nio-8080-exec-2] org.hibernate.SQL                        : 
    select
        r1_0.user_id,
        r1_1.role_id,
        r1_1.name 
    from
        user_roles r1_0 
    join
        role r1_1 
            on r1_1.role_id=r1_0.role_id 
    where
        r1_0.user_id=?
2023-11-30T02:06:42.589-07:00 DEBUG 36396 --- [http-nio-8080-exec-3] org.hibernate.SQL                        : 
    select
        r1_0.user_id,
        r1_1.role_id,
        r1_1.name 
    from
        user_roles r1_0 
    join
        role r1_1 
            on r1_1.role_id=r1_0.role_id 
    where
        r1_0.user_id=?
2023-11-30T02:06:42.589-07:00 DEBUG 36396 --- [http-nio-8080-exec-3] org.hibernate.SQL                        : 
    select
        f1_0.request_id,
        f1_0.recipient_id,
        f1_0.request_status,
        f1_0.requester_id 
    from
        friend_request f1_0 
    where
        f1_0.recipient_id=?
2023-11-30T02:06:42.589-07:00 DEBUG 36396 --- [http-nio-8080-exec-2] org.hibernate.SQL                        : 
    select
        f2_0.user_id,
        f2_0.avatar_id,
        f2_0.email,
        f2_0.first_name,
        f2_0.last_name,
        f2_0.password,
        f2_0.username 
    from
        friendship f1_0 
    join
        user f2_0 
            on f2_0.user_id=f1_0.friend_user_id 
    where
        f1_0.user_id=?
2023-11-30T02:06:42.590-07:00 DEBUG 36396 --- [http-nio-8080-exec-2] org.hibernate.SQL                        : 
    select
        a1_0.avatar_id,
        a1_0.file_name,
        a1_0.path,
        a1_0.file_size 
    from
        avatar a1_0 
    where
        a1_0.avatar_id=?
2023-11-30T02:06:42.590-07:00 DEBUG 36396 --- [http-nio-8080-exec-2] org.hibernate.SQL                        : 
    select
        r1_0.user_id,
        r1_1.role_id,
        r1_1.name 
    from
        user_roles r1_0 
    join
        role r1_1 
            on r1_1.role_id=r1_0.role_id 
    where
        r1_0.user_id=?
2023-11-30T02:06:42.590-07:00 DEBUG 36396 --- [http-nio-8080-exec-2] org.hibernate.SQL                        : 
    select
        r1_0.user_id,
        r1_1.role_id,
        r1_1.name 
    from
        user_roles r1_0 
    join
        role r1_1 
            on r1_1.role_id=r1_0.role_id 
    where
        r1_0.user_id=?
2023-11-30T02:06:43.174-07:00 DEBUG 36396 --- [http-nio-8080-exec-1] o.s.security.web.FilterChainProxy        : Securing GET /api/entities/movies
2023-11-30T02:06:43.175-07:00  INFO 36396 --- [http-nio-8080-exec-1] c.c.c.security.JwtAuthenticationFilter   : authToken:eyJ0eXAiOiJKV1QiLCJhbGciOiJIUzI1NiJ9.eyJleHAiOjE3MDEzMzg2NzAsInVzZXJuYW1lIjoiQWRtaW4xIn0.Gzx9GlnTu1aYyvwAEouDpx8-TYWEXo8a3_pUTS47oWk
2023-11-30T02:06:43.175-07:00  INFO 36396 --- [http-nio-8080-exec-1] c.c.c.security.JwtAuthenticationFilter   : username: Admin1
2023-11-30T02:06:43.176-07:00 DEBUG 36396 --- [http-nio-8080-exec-1] org.hibernate.SQL                        : 
    select
        u1_0.user_id,
        u1_0.avatar_id,
        u1_0.email,
        u1_0.first_name,
        u1_0.last_name,
        u1_0.password,
        u1_0.username 
    from
        user u1_0 
    where
        upper(u1_0.username)=upper(?)
2023-11-30T02:06:43.176-07:00 DEBUG 36396 --- [http-nio-8080-exec-1] org.hibernate.SQL                        : 
    select
        r1_0.user_id,
        r1_1.role_id,
        r1_1.name 
    from
        user_roles r1_0 
    join
        role r1_1 
            on r1_1.role_id=r1_0.role_id 
    where
        r1_0.user_id=?
2023-11-30T02:06:43.177-07:00  INFO 36396 --- [http-nio-8080-exec-1] c.c.c.security.JwtAuthenticationFilter   : Authorities: [ROLE_USER, ROLE_ADMIN]
2023-11-30T02:06:43.177-07:00  INFO 36396 --- [http-nio-8080-exec-1] c.c.c.security.JwtAuthenticationFilter   : SecurityContextImpl [Authentication=UsernamePasswordAuthenticationToken [Principal=Admin1, Credentials=[PROTECTED], Authenticated=true, Details=WebAuthenticationDetails [RemoteIpAddress=0:0:0:0:0:0:0:1, SessionId=null], Granted Authorities=[ROLE_USER, ROLE_ADMIN]]]
2023-11-30T02:06:43.178-07:00 DEBUG 36396 --- [http-nio-8080-exec-1] o.s.security.web.FilterChainProxy        : Secured GET /api/entities/movies
2023-11-30T02:06:43.178-07:00 DEBUG 36396 --- [http-nio-8080-exec-1] horizationManagerBeforeMethodInterceptor : Authorizing method invocation ReflectiveMethodInvocation: public org.springframework.http.ResponseEntity com.cm.cinematchapp.controllers.EntityController.getAllMovies(); target is of class [com.cm.cinematchapp.controllers.EntityController]
2023-11-30T02:06:43.178-07:00 DEBUG 36396 --- [http-nio-8080-exec-1] horizationManagerBeforeMethodInterceptor : Authorized method invocation ReflectiveMethodInvocation: public org.springframework.http.ResponseEntity com.cm.cinematchapp.controllers.EntityController.getAllMovies(); target is of class [com.cm.cinematchapp.controllers.EntityController]
2023-11-30T02:06:43.179-07:00 DEBUG 36396 --- [http-nio-8080-exec-1] org.hibernate.SQL                        : 
    select
        m1_0.movie_id,
        m1_0.description,
        m1_0.poster_id,
        m1_0.rated,
        m1_0.title,
        m1_0.year 
    from
        movie m1_0
2023-11-30T02:06:43.179-07:00 DEBUG 36396 --- [http-nio-8080-exec-1] org.hibernate.SQL                        : 
    select
        m1_0.poster_id,
        m1_0.file_name,
        m1_0.path,
        m1_0.file_size 
    from
        movie_poster m1_0 
    where
        m1_0.poster_id=?
2023-11-30T02:06:43.180-07:00 DEBUG 36396 --- [http-nio-8080-exec-1] org.hibernate.SQL                        : 
    select
        m1_0.poster_id,
        m1_0.file_name,
        m1_0.path,
        m1_0.file_size 
    from
        movie_poster m1_0 
    where
        m1_0.poster_id=?
2023-11-30T02:06:43.180-07:00 DEBUG 36396 --- [http-nio-8080-exec-1] org.hibernate.SQL                        : 
    select
        m1_0.poster_id,
        m1_0.file_name,
        m1_0.path,
        m1_0.file_size 
    from
        movie_poster m1_0 
    where
        m1_0.poster_id=?
2023-11-30T02:06:43.180-07:00 DEBUG 36396 --- [http-nio-8080-exec-1] org.hibernate.SQL                        : 
    select
        m1_0.poster_id,
        m1_0.file_name,
        m1_0.path,
        m1_0.file_size 
    from
        movie_poster m1_0 
    where
        m1_0.poster_id=?
2023-11-30T02:06:43.180-07:00 DEBUG 36396 --- [http-nio-8080-exec-1] org.hibernate.SQL                        : 
    select
        m1_0.poster_id,
        m1_0.file_name,
        m1_0.path,
        m1_0.file_size 
    from
        movie_poster m1_0 
    where
        m1_0.poster_id=?
2023-11-30T02:06:43.181-07:00 DEBUG 36396 --- [http-nio-8080-exec-1] org.hibernate.SQL                        : 
    select
        m1_0.poster_id,
        m1_0.file_name,
        m1_0.path,
        m1_0.file_size 
    from
        movie_poster m1_0 
    where
        m1_0.poster_id=?
2023-11-30T02:06:43.181-07:00 DEBUG 36396 --- [http-nio-8080-exec-1] org.hibernate.SQL                        : 
    select
        m1_0.poster_id,
        m1_0.file_name,
        m1_0.path,
        m1_0.file_size 
    from
        movie_poster m1_0 
    where
        m1_0.poster_id=?
2023-11-30T02:06:43.181-07:00 DEBUG 36396 --- [http-nio-8080-exec-1] org.hibernate.SQL                        : 
    select
        m1_0.poster_id,
        m1_0.file_name,
        m1_0.path,
        m1_0.file_size 
    from
        movie_poster m1_0 
    where
        m1_0.poster_id=?
2023-11-30T02:06:43.181-07:00 DEBUG 36396 --- [http-nio-8080-exec-1] org.hibernate.SQL                        : 
    select
        m1_0.poster_id,
        m1_0.file_name,
        m1_0.path,
        m1_0.file_size 
    from
        movie_poster m1_0 
    where
        m1_0.poster_id=?
2023-11-30T02:06:43.181-07:00 DEBUG 36396 --- [http-nio-8080-exec-1] org.hibernate.SQL                        : 
    select
        m1_0.poster_id,
        m1_0.file_name,
        m1_0.path,
        m1_0.file_size 
    from
        movie_poster m1_0 
    where
        m1_0.poster_id=?
2023-11-30T02:06:43.182-07:00 DEBUG 36396 --- [http-nio-8080-exec-1] org.hibernate.SQL                        : 
    select
        m1_0.poster_id,
        m1_0.file_name,
        m1_0.path,
        m1_0.file_size 
    from
        movie_poster m1_0 
    where
        m1_0.poster_id=?
2023-11-30T02:06:43.182-07:00 DEBUG 36396 --- [http-nio-8080-exec-1] org.hibernate.SQL                        : 
    select
        m1_0.poster_id,
        m1_0.file_name,
        m1_0.path,
        m1_0.file_size 
    from
        movie_poster m1_0 
    where
        m1_0.poster_id=?
2023-11-30T02:06:43.182-07:00 DEBUG 36396 --- [http-nio-8080-exec-1] org.hibernate.SQL                        : 
    select
        m1_0.poster_id,
        m1_0.file_name,
        m1_0.path,
        m1_0.file_size 
    from
        movie_poster m1_0 
    where
        m1_0.poster_id=?
2023-11-30T02:06:43.182-07:00 DEBUG 36396 --- [http-nio-8080-exec-1] org.hibernate.SQL                        : 
    select
        m1_0.poster_id,
        m1_0.file_name,
        m1_0.path,
        m1_0.file_size 
    from
        movie_poster m1_0 
    where
        m1_0.poster_id=?
2023-11-30T02:06:43.182-07:00 DEBUG 36396 --- [http-nio-8080-exec-1] org.hibernate.SQL                        : 
    select
        m1_0.poster_id,
        m1_0.file_name,
        m1_0.path,
        m1_0.file_size 
    from
        movie_poster m1_0 
    where
        m1_0.poster_id=?
2023-11-30T02:06:43.183-07:00 DEBUG 36396 --- [http-nio-8080-exec-1] org.hibernate.SQL                        : 
    select
        c1_0.streaming_info_id,
        c1_0.link,
        c1_0.service,
        c1_0.streaming_type 
    from
        country_info c1_0 
    where
        c1_0.streaming_info_id=?
2023-11-30T02:06:43.184-07:00 DEBUG 36396 --- [http-nio-8080-exec-1] org.hibernate.SQL                        : 
    select
        c1_0.streaming_info_id,
        c1_0.link,
        c1_0.service,
        c1_0.streaming_type 
    from
        country_info c1_0 
    where
        c1_0.streaming_info_id=?
2023-11-30T02:06:43.184-07:00 DEBUG 36396 --- [http-nio-8080-exec-1] org.hibernate.SQL                        : 
    select
        c1_0.streaming_info_id,
        c1_0.link,
        c1_0.service,
        c1_0.streaming_type 
    from
        country_info c1_0 
    where
        c1_0.streaming_info_id=?
2023-11-30T02:06:43.185-07:00 DEBUG 36396 --- [http-nio-8080-exec-1] org.hibernate.SQL                        : 
    select
        c1_0.streaming_info_id,
        c1_0.link,
        c1_0.service,
        c1_0.streaming_type 
    from
        country_info c1_0 
    where
        c1_0.streaming_info_id=?
2023-11-30T02:06:43.185-07:00 DEBUG 36396 --- [http-nio-8080-exec-1] org.hibernate.SQL                        : 
    select
        c1_0.streaming_info_id,
        c1_0.link,
        c1_0.service,
        c1_0.streaming_type 
    from
        country_info c1_0 
    where
        c1_0.streaming_info_id=?
2023-11-30T02:06:43.185-07:00 DEBUG 36396 --- [http-nio-8080-exec-1] org.hibernate.SQL                        : 
    select
        c1_0.streaming_info_id,
        c1_0.link,
        c1_0.service,
        c1_0.streaming_type 
    from
        country_info c1_0 
    where
        c1_0.streaming_info_id=?
2023-11-30T02:06:43.186-07:00 DEBUG 36396 --- [http-nio-8080-exec-1] org.hibernate.SQL                        : 
    select
        c1_0.streaming_info_id,
        c1_0.link,
        c1_0.service,
        c1_0.streaming_type 
    from
        country_info c1_0 
    where
        c1_0.streaming_info_id=?
2023-11-30T02:06:43.186-07:00 DEBUG 36396 --- [http-nio-8080-exec-1] org.hibernate.SQL                        : 
    select
        c1_0.streaming_info_id,
        c1_0.link,
        c1_0.service,
        c1_0.streaming_type 
    from
        country_info c1_0 
    where
        c1_0.streaming_info_id=?
2023-11-30T02:06:43.187-07:00 DEBUG 36396 --- [http-nio-8080-exec-1] org.hibernate.SQL                        : 
    select
        c1_0.streaming_info_id,
        c1_0.link,
        c1_0.service,
        c1_0.streaming_type 
    from
        country_info c1_0 
    where
        c1_0.streaming_info_id=?
2023-11-30T02:06:43.187-07:00 DEBUG 36396 --- [http-nio-8080-exec-1] org.hibernate.SQL                        : 
    select
        c1_0.streaming_info_id,
        c1_0.link,
        c1_0.service,
        c1_0.streaming_type 
    from
        country_info c1_0 
    where
        c1_0.streaming_info_id=?
2023-11-30T02:06:43.188-07:00 DEBUG 36396 --- [http-nio-8080-exec-1] org.hibernate.SQL                        : 
    select
        c1_0.streaming_info_id,
        c1_0.link,
        c1_0.service,
        c1_0.streaming_type 
    from
        country_info c1_0 
    where
        c1_0.streaming_info_id=?
2023-11-30T02:06:43.188-07:00 DEBUG 36396 --- [http-nio-8080-exec-1] org.hibernate.SQL                        : 
    select
        c1_0.streaming_info_id,
        c1_0.link,
        c1_0.service,
        c1_0.streaming_type 
    from
        country_info c1_0 
    where
        c1_0.streaming_info_id=?
2023-11-30T02:06:43.189-07:00 DEBUG 36396 --- [http-nio-8080-exec-1] org.hibernate.SQL                        : 
    select
        c1_0.streaming_info_id,
        c1_0.link,
        c1_0.service,
        c1_0.streaming_type 
    from
        country_info c1_0 
    where
        c1_0.streaming_info_id=?
2023-11-30T02:06:43.189-07:00 DEBUG 36396 --- [http-nio-8080-exec-1] org.hibernate.SQL                        : 
    select
        c1_0.streaming_info_id,
        c1_0.link,
        c1_0.service,
        c1_0.streaming_type 
    from
        country_info c1_0 
    where
        c1_0.streaming_info_id=?
2023-11-30T02:06:43.190-07:00 DEBUG 36396 --- [http-nio-8080-exec-1] org.hibernate.SQL                        : 
    select
        c1_0.streaming_info_id,
        c1_0.link,
        c1_0.service,
        c1_0.streaming_type 
    from
        country_info c1_0 
    where
        c1_0.streaming_info_id=?
2023-11-30T02:06:44.492-07:00 DEBUG 36396 --- [http-nio-8080-exec-10] o.s.security.web.FilterChainProxy        : Securing GET /api/entities/friends
2023-11-30T02:06:44.492-07:00 DEBUG 36396 --- [http-nio-8080-exec-5] o.s.security.web.FilterChainProxy        : Securing GET /api/entities/friend-requests
2023-11-30T02:06:44.492-07:00  INFO 36396 --- [http-nio-8080-exec-10] c.c.c.security.JwtAuthenticationFilter   : authToken:eyJ0eXAiOiJKV1QiLCJhbGciOiJIUzI1NiJ9.eyJleHAiOjE3MDEzMzg2NzAsInVzZXJuYW1lIjoiQWRtaW4xIn0.Gzx9GlnTu1aYyvwAEouDpx8-TYWEXo8a3_pUTS47oWk
2023-11-30T02:06:44.492-07:00  INFO 36396 --- [http-nio-8080-exec-5] c.c.c.security.JwtAuthenticationFilter   : authToken:eyJ0eXAiOiJKV1QiLCJhbGciOiJIUzI1NiJ9.eyJleHAiOjE3MDEzMzg2NzAsInVzZXJuYW1lIjoiQWRtaW4xIn0.Gzx9GlnTu1aYyvwAEouDpx8-TYWEXo8a3_pUTS47oWk
2023-11-30T02:06:44.492-07:00  INFO 36396 --- [http-nio-8080-exec-10] c.c.c.security.JwtAuthenticationFilter   : username: Admin1
2023-11-30T02:06:44.492-07:00  INFO 36396 --- [http-nio-8080-exec-5] c.c.c.security.JwtAuthenticationFilter   : username: Admin1
2023-11-30T02:06:44.493-07:00 DEBUG 36396 --- [http-nio-8080-exec-5] org.hibernate.SQL                        : 
    select
        u1_0.user_id,
        u1_0.avatar_id,
        u1_0.email,
        u1_0.first_name,
        u1_0.last_name,
        u1_0.password,
        u1_0.username 
    from
        user u1_0 
    where
        upper(u1_0.username)=upper(?)
2023-11-30T02:06:44.493-07:00 DEBUG 36396 --- [http-nio-8080-exec-10] org.hibernate.SQL                        : 
    select
        u1_0.user_id,
        u1_0.avatar_id,
        u1_0.email,
        u1_0.first_name,
        u1_0.last_name,
        u1_0.password,
        u1_0.username 
    from
        user u1_0 
    where
        upper(u1_0.username)=upper(?)
2023-11-30T02:06:44.494-07:00 DEBUG 36396 --- [http-nio-8080-exec-10] org.hibernate.SQL                        : 
    select
        r1_0.user_id,
        r1_1.role_id,
        r1_1.name 
    from
        user_roles r1_0 
    join
        role r1_1 
            on r1_1.role_id=r1_0.role_id 
    where
        r1_0.user_id=?
2023-11-30T02:06:44.494-07:00 DEBUG 36396 --- [http-nio-8080-exec-5] org.hibernate.SQL                        : 
    select
        r1_0.user_id,
        r1_1.role_id,
        r1_1.name 
    from
        user_roles r1_0 
    join
        role r1_1 
            on r1_1.role_id=r1_0.role_id 
    where
        r1_0.user_id=?
2023-11-30T02:06:44.495-07:00  INFO 36396 --- [http-nio-8080-exec-5] c.c.c.security.JwtAuthenticationFilter   : Authorities: [ROLE_USER, ROLE_ADMIN]
2023-11-30T02:06:44.495-07:00  INFO 36396 --- [http-nio-8080-exec-10] c.c.c.security.JwtAuthenticationFilter   : Authorities: [ROLE_USER, ROLE_ADMIN]
2023-11-30T02:06:44.495-07:00  INFO 36396 --- [http-nio-8080-exec-5] c.c.c.security.JwtAuthenticationFilter   : SecurityContextImpl [Authentication=UsernamePasswordAuthenticationToken [Principal=Admin1, Credentials=[PROTECTED], Authenticated=true, Details=WebAuthenticationDetails [RemoteIpAddress=0:0:0:0:0:0:0:1, SessionId=null], Granted Authorities=[ROLE_USER, ROLE_ADMIN]]]
2023-11-30T02:06:44.495-07:00  INFO 36396 --- [http-nio-8080-exec-10] c.c.c.security.JwtAuthenticationFilter   : SecurityContextImpl [Authentication=UsernamePasswordAuthenticationToken [Principal=Admin1, Credentials=[PROTECTED], Authenticated=true, Details=WebAuthenticationDetails [RemoteIpAddress=0:0:0:0:0:0:0:1, SessionId=null], Granted Authorities=[ROLE_USER, ROLE_ADMIN]]]
2023-11-30T02:06:44.496-07:00 DEBUG 36396 --- [http-nio-8080-exec-10] o.s.security.web.FilterChainProxy        : Secured GET /api/entities/friends
2023-11-30T02:06:44.496-07:00 DEBUG 36396 --- [http-nio-8080-exec-5] o.s.security.web.FilterChainProxy        : Secured GET /api/entities/friend-requests
2023-11-30T02:06:44.497-07:00 DEBUG 36396 --- [http-nio-8080-exec-10] horizationManagerBeforeMethodInterceptor : Authorizing method invocation ReflectiveMethodInvocation: public org.springframework.http.ResponseEntity com.cm.cinematchapp.controllers.EntityController.getFriends(); target is of class [com.cm.cinematchapp.controllers.EntityController]
2023-11-30T02:06:44.497-07:00 DEBUG 36396 --- [http-nio-8080-exec-5] horizationManagerBeforeMethodInterceptor : Authorizing method invocation ReflectiveMethodInvocation: public org.springframework.http.ResponseEntity com.cm.cinematchapp.controllers.EntityController.getFriendRequests(); target is of class [com.cm.cinematchapp.controllers.EntityController]
2023-11-30T02:06:44.497-07:00 DEBUG 36396 --- [http-nio-8080-exec-10] horizationManagerBeforeMethodInterceptor : Authorized method invocation ReflectiveMethodInvocation: public org.springframework.http.ResponseEntity com.cm.cinematchapp.controllers.EntityController.getFriends(); target is of class [com.cm.cinematchapp.controllers.EntityController]
2023-11-30T02:06:44.497-07:00 DEBUG 36396 --- [http-nio-8080-exec-5] horizationManagerBeforeMethodInterceptor : Authorized method invocation ReflectiveMethodInvocation: public org.springframework.http.ResponseEntity com.cm.cinematchapp.controllers.EntityController.getFriendRequests(); target is of class [com.cm.cinematchapp.controllers.EntityController]
2023-11-30T02:06:44.497-07:00 DEBUG 36396 --- [http-nio-8080-exec-10] org.hibernate.SQL                        : 
    select
        u1_0.user_id,
        u1_0.avatar_id,
        u1_0.email,
        u1_0.first_name,
        u1_0.last_name,
        u1_0.password,
        u1_0.username 
    from
        user u1_0 
    where
        upper(u1_0.username)=upper(?)
2023-11-30T02:06:44.497-07:00 DEBUG 36396 --- [http-nio-8080-exec-5] org.hibernate.SQL                        : 
    select
        u1_0.user_id,
        u1_0.avatar_id,
        u1_0.email,
        u1_0.first_name,
        u1_0.last_name,
        u1_0.password,
        u1_0.username 
    from
        user u1_0 
    where
        upper(u1_0.username)=upper(?)
2023-11-30T02:06:44.498-07:00 DEBUG 36396 --- [http-nio-8080-exec-10] org.hibernate.SQL                        : 
    select
        r1_0.user_id,
        r1_1.role_id,
        r1_1.name 
    from
        user_roles r1_0 
    join
        role r1_1 
            on r1_1.role_id=r1_0.role_id 
    where
        r1_0.user_id=?
2023-11-30T02:06:44.498-07:00 DEBUG 36396 --- [http-nio-8080-exec-5] org.hibernate.SQL                        : 
    select
        r1_0.user_id,
        r1_1.role_id,
        r1_1.name 
    from
        user_roles r1_0 
    join
        role r1_1 
            on r1_1.role_id=r1_0.role_id 
    where
        r1_0.user_id=?
2023-11-30T02:06:44.499-07:00 DEBUG 36396 --- [http-nio-8080-exec-5] org.hibernate.SQL                        : 
    select
        f1_0.request_id,
        f1_0.recipient_id,
        f1_0.request_status,
        f1_0.requester_id 
    from
        friend_request f1_0 
    where
        f1_0.recipient_id=?
2023-11-30T02:06:44.499-07:00 DEBUG 36396 --- [http-nio-8080-exec-10] org.hibernate.SQL                        : 
    select
        f2_0.user_id,
        f2_0.avatar_id,
        f2_0.email,
        f2_0.first_name,
        f2_0.last_name,
        f2_0.password,
        f2_0.username 
    from
        friendship f1_0 
    join
        user f2_0 
            on f2_0.user_id=f1_0.friend_user_id 
    where
        f1_0.user_id=?
2023-11-30T02:06:44.501-07:00 DEBUG 36396 --- [http-nio-8080-exec-10] org.hibernate.SQL                        : 
    select
        a1_0.avatar_id,
        a1_0.file_name,
        a1_0.path,
        a1_0.file_size 
    from
        avatar a1_0 
    where
        a1_0.avatar_id=?
2023-11-30T02:06:44.501-07:00 DEBUG 36396 --- [http-nio-8080-exec-10] org.hibernate.SQL                        : 
    select
        r1_0.user_id,
        r1_1.role_id,
        r1_1.name 
    from
        user_roles r1_0 
    join
        role r1_1 
            on r1_1.role_id=r1_0.role_id 
    where
        r1_0.user_id=?
2023-11-30T02:06:44.501-07:00 DEBUG 36396 --- [http-nio-8080-exec-10] org.hibernate.SQL                        : 
    select
        r1_0.user_id,
        r1_1.role_id,
        r1_1.name 
    from
        user_roles r1_0 
    join
        role r1_1 
            on r1_1.role_id=r1_0.role_id 
    where
        r1_0.user_id=?
2023-11-30T02:10:16.416-07:00 DEBUG 36396 --- [http-nio-8080-exec-2] o.s.security.web.FilterChainProxy        : Securing OPTIONS /api/entities/movies
2023-11-30T02:10:16.419-07:00 DEBUG 36396 --- [http-nio-8080-exec-1] o.s.security.web.FilterChainProxy        : Securing GET /api/entities/movies
2023-11-30T02:10:16.419-07:00  INFO 36396 --- [http-nio-8080-exec-1] c.c.c.security.JwtAuthenticationFilter   : authToken:eyJ0eXAiOiJKV1QiLCJhbGciOiJIUzI1NiJ9.eyJleHAiOjE3MDEzMzg2NzAsInVzZXJuYW1lIjoiQWRtaW4xIn0.Gzx9GlnTu1aYyvwAEouDpx8-TYWEXo8a3_pUTS47oWk
2023-11-30T02:10:16.419-07:00  INFO 36396 --- [http-nio-8080-exec-1] c.c.c.security.JwtAuthenticationFilter   : username: Admin1
2023-11-30T02:10:16.421-07:00 DEBUG 36396 --- [http-nio-8080-exec-1] org.hibernate.SQL                        : 
    select
        u1_0.user_id,
        u1_0.avatar_id,
        u1_0.email,
        u1_0.first_name,
        u1_0.last_name,
        u1_0.password,
        u1_0.username 
    from
        user u1_0 
    where
        upper(u1_0.username)=upper(?)
2023-11-30T02:10:16.422-07:00 DEBUG 36396 --- [http-nio-8080-exec-1] org.hibernate.SQL                        : 
    select
        r1_0.user_id,
        r1_1.role_id,
        r1_1.name 
    from
        user_roles r1_0 
    join
        role r1_1 
            on r1_1.role_id=r1_0.role_id 
    where
        r1_0.user_id=?
2023-11-30T02:10:16.423-07:00  INFO 36396 --- [http-nio-8080-exec-1] c.c.c.security.JwtAuthenticationFilter   : Authorities: [ROLE_USER, ROLE_ADMIN]
2023-11-30T02:10:16.423-07:00  INFO 36396 --- [http-nio-8080-exec-1] c.c.c.security.JwtAuthenticationFilter   : SecurityContextImpl [Authentication=UsernamePasswordAuthenticationToken [Principal=Admin1, Credentials=[PROTECTED], Authenticated=true, Details=WebAuthenticationDetails [RemoteIpAddress=0:0:0:0:0:0:0:1, SessionId=null], Granted Authorities=[ROLE_USER, ROLE_ADMIN]]]
2023-11-30T02:10:16.424-07:00 DEBUG 36396 --- [http-nio-8080-exec-1] o.s.security.web.FilterChainProxy        : Secured GET /api/entities/movies
2023-11-30T02:10:16.425-07:00 DEBUG 36396 --- [http-nio-8080-exec-1] horizationManagerBeforeMethodInterceptor : Authorizing method invocation ReflectiveMethodInvocation: public org.springframework.http.ResponseEntity com.cm.cinematchapp.controllers.EntityController.getAllMovies(); target is of class [com.cm.cinematchapp.controllers.EntityController]
2023-11-30T02:10:16.425-07:00 DEBUG 36396 --- [http-nio-8080-exec-1] horizationManagerBeforeMethodInterceptor : Authorized method invocation ReflectiveMethodInvocation: public org.springframework.http.ResponseEntity com.cm.cinematchapp.controllers.EntityController.getAllMovies(); target is of class [com.cm.cinematchapp.controllers.EntityController]
2023-11-30T02:10:16.426-07:00 DEBUG 36396 --- [http-nio-8080-exec-1] org.hibernate.SQL                        : 
    select
        m1_0.movie_id,
        m1_0.description,
        m1_0.poster_id,
        m1_0.rated,
        m1_0.title,
        m1_0.year 
    from
        movie m1_0
2023-11-30T02:10:16.427-07:00 DEBUG 36396 --- [http-nio-8080-exec-1] org.hibernate.SQL                        : 
    select
        m1_0.poster_id,
        m1_0.file_name,
        m1_0.path,
        m1_0.file_size 
    from
        movie_poster m1_0 
    where
        m1_0.poster_id=?
2023-11-30T02:10:16.428-07:00 DEBUG 36396 --- [http-nio-8080-exec-1] org.hibernate.SQL                        : 
    select
        m1_0.poster_id,
        m1_0.file_name,
        m1_0.path,
        m1_0.file_size 
    from
        movie_poster m1_0 
    where
        m1_0.poster_id=?
2023-11-30T02:10:16.429-07:00 DEBUG 36396 --- [http-nio-8080-exec-1] org.hibernate.SQL                        : 
    select
        m1_0.poster_id,
        m1_0.file_name,
        m1_0.path,
        m1_0.file_size 
    from
        movie_poster m1_0 
    where
        m1_0.poster_id=?
2023-11-30T02:10:16.429-07:00 DEBUG 36396 --- [http-nio-8080-exec-1] org.hibernate.SQL                        : 
    select
        m1_0.poster_id,
        m1_0.file_name,
        m1_0.path,
        m1_0.file_size 
    from
        movie_poster m1_0 
    where
        m1_0.poster_id=?
2023-11-30T02:10:16.429-07:00 DEBUG 36396 --- [http-nio-8080-exec-1] org.hibernate.SQL                        : 
    select
        m1_0.poster_id,
        m1_0.file_name,
        m1_0.path,
        m1_0.file_size 
    from
        movie_poster m1_0 
    where
        m1_0.poster_id=?
2023-11-30T02:10:16.430-07:00 DEBUG 36396 --- [http-nio-8080-exec-1] org.hibernate.SQL                        : 
    select
        m1_0.poster_id,
        m1_0.file_name,
        m1_0.path,
        m1_0.file_size 
    from
        movie_poster m1_0 
    where
        m1_0.poster_id=?
2023-11-30T02:10:16.430-07:00 DEBUG 36396 --- [http-nio-8080-exec-1] org.hibernate.SQL                        : 
    select
        m1_0.poster_id,
        m1_0.file_name,
        m1_0.path,
        m1_0.file_size 
    from
        movie_poster m1_0 
    where
        m1_0.poster_id=?
2023-11-30T02:10:16.430-07:00 DEBUG 36396 --- [http-nio-8080-exec-1] org.hibernate.SQL                        : 
    select
        m1_0.poster_id,
        m1_0.file_name,
        m1_0.path,
        m1_0.file_size 
    from
        movie_poster m1_0 
    where
        m1_0.poster_id=?
2023-11-30T02:10:16.430-07:00 DEBUG 36396 --- [http-nio-8080-exec-1] org.hibernate.SQL                        : 
    select
        m1_0.poster_id,
        m1_0.file_name,
        m1_0.path,
        m1_0.file_size 
    from
        movie_poster m1_0 
    where
        m1_0.poster_id=?
2023-11-30T02:10:16.431-07:00 DEBUG 36396 --- [http-nio-8080-exec-1] org.hibernate.SQL                        : 
    select
        m1_0.poster_id,
        m1_0.file_name,
        m1_0.path,
        m1_0.file_size 
    from
        movie_poster m1_0 
    where
        m1_0.poster_id=?
2023-11-30T02:10:16.431-07:00 DEBUG 36396 --- [http-nio-8080-exec-1] org.hibernate.SQL                        : 
    select
        m1_0.poster_id,
        m1_0.file_name,
        m1_0.path,
        m1_0.file_size 
    from
        movie_poster m1_0 
    where
        m1_0.poster_id=?
2023-11-30T02:10:16.431-07:00 DEBUG 36396 --- [http-nio-8080-exec-1] org.hibernate.SQL                        : 
    select
        m1_0.poster_id,
        m1_0.file_name,
        m1_0.path,
        m1_0.file_size 
    from
        movie_poster m1_0 
    where
        m1_0.poster_id=?
2023-11-30T02:10:16.431-07:00 DEBUG 36396 --- [http-nio-8080-exec-1] org.hibernate.SQL                        : 
    select
        m1_0.poster_id,
        m1_0.file_name,
        m1_0.path,
        m1_0.file_size 
    from
        movie_poster m1_0 
    where
        m1_0.poster_id=?
2023-11-30T02:10:16.432-07:00 DEBUG 36396 --- [http-nio-8080-exec-1] org.hibernate.SQL                        : 
    select
        m1_0.poster_id,
        m1_0.file_name,
        m1_0.path,
        m1_0.file_size 
    from
        movie_poster m1_0 
    where
        m1_0.poster_id=?
2023-11-30T02:10:16.432-07:00 DEBUG 36396 --- [http-nio-8080-exec-1] org.hibernate.SQL                        : 
    select
        m1_0.poster_id,
        m1_0.file_name,
        m1_0.path,
        m1_0.file_size 
    from
        movie_poster m1_0 
    where
        m1_0.poster_id=?
2023-11-30T02:10:16.434-07:00 DEBUG 36396 --- [http-nio-8080-exec-1] org.hibernate.SQL                        : 
    select
        c1_0.streaming_info_id,
        c1_0.link,
        c1_0.service,
        c1_0.streaming_type 
    from
        country_info c1_0 
    where
        c1_0.streaming_info_id=?
2023-11-30T02:10:16.435-07:00 DEBUG 36396 --- [http-nio-8080-exec-1] org.hibernate.SQL                        : 
    select
        c1_0.streaming_info_id,
        c1_0.link,
        c1_0.service,
        c1_0.streaming_type 
    from
        country_info c1_0 
    where
        c1_0.streaming_info_id=?
2023-11-30T02:10:16.436-07:00 DEBUG 36396 --- [http-nio-8080-exec-1] org.hibernate.SQL                        : 
    select
        c1_0.streaming_info_id,
        c1_0.link,
        c1_0.service,
        c1_0.streaming_type 
    from
        country_info c1_0 
    where
        c1_0.streaming_info_id=?
2023-11-30T02:10:16.436-07:00 DEBUG 36396 --- [http-nio-8080-exec-1] org.hibernate.SQL                        : 
    select
        c1_0.streaming_info_id,
        c1_0.link,
        c1_0.service,
        c1_0.streaming_type 
    from
        country_info c1_0 
    where
        c1_0.streaming_info_id=?
2023-11-30T02:10:16.437-07:00 DEBUG 36396 --- [http-nio-8080-exec-1] org.hibernate.SQL                        : 
    select
        c1_0.streaming_info_id,
        c1_0.link,
        c1_0.service,
        c1_0.streaming_type 
    from
        country_info c1_0 
    where
        c1_0.streaming_info_id=?
2023-11-30T02:10:16.438-07:00 DEBUG 36396 --- [http-nio-8080-exec-1] org.hibernate.SQL                        : 
    select
        c1_0.streaming_info_id,
        c1_0.link,
        c1_0.service,
        c1_0.streaming_type 
    from
        country_info c1_0 
    where
        c1_0.streaming_info_id=?
2023-11-30T02:10:16.439-07:00 DEBUG 36396 --- [http-nio-8080-exec-1] org.hibernate.SQL                        : 
    select
        c1_0.streaming_info_id,
        c1_0.link,
        c1_0.service,
        c1_0.streaming_type 
    from
        country_info c1_0 
    where
        c1_0.streaming_info_id=?
2023-11-30T02:10:16.440-07:00 DEBUG 36396 --- [http-nio-8080-exec-1] org.hibernate.SQL                        : 
    select
        c1_0.streaming_info_id,
        c1_0.link,
        c1_0.service,
        c1_0.streaming_type 
    from
        country_info c1_0 
    where
        c1_0.streaming_info_id=?
2023-11-30T02:10:16.440-07:00 DEBUG 36396 --- [http-nio-8080-exec-1] org.hibernate.SQL                        : 
    select
        c1_0.streaming_info_id,
        c1_0.link,
        c1_0.service,
        c1_0.streaming_type 
    from
        country_info c1_0 
    where
        c1_0.streaming_info_id=?
2023-11-30T02:10:16.441-07:00 DEBUG 36396 --- [http-nio-8080-exec-1] org.hibernate.SQL                        : 
    select
        c1_0.streaming_info_id,
        c1_0.link,
        c1_0.service,
        c1_0.streaming_type 
    from
        country_info c1_0 
    where
        c1_0.streaming_info_id=?
2023-11-30T02:10:16.441-07:00 DEBUG 36396 --- [http-nio-8080-exec-1] org.hibernate.SQL                        : 
    select
        c1_0.streaming_info_id,
        c1_0.link,
        c1_0.service,
        c1_0.streaming_type 
    from
        country_info c1_0 
    where
        c1_0.streaming_info_id=?
2023-11-30T02:10:16.442-07:00 DEBUG 36396 --- [http-nio-8080-exec-1] org.hibernate.SQL                        : 
    select
        c1_0.streaming_info_id,
        c1_0.link,
        c1_0.service,
        c1_0.streaming_type 
    from
        country_info c1_0 
    where
        c1_0.streaming_info_id=?
2023-11-30T02:10:16.442-07:00 DEBUG 36396 --- [http-nio-8080-exec-1] org.hibernate.SQL                        : 
    select
        c1_0.streaming_info_id,
        c1_0.link,
        c1_0.service,
        c1_0.streaming_type 
    from
        country_info c1_0 
    where
        c1_0.streaming_info_id=?
2023-11-30T02:10:16.443-07:00 DEBUG 36396 --- [http-nio-8080-exec-1] org.hibernate.SQL                        : 
    select
        c1_0.streaming_info_id,
        c1_0.link,
        c1_0.service,
        c1_0.streaming_type 
    from
        country_info c1_0 
    where
        c1_0.streaming_info_id=?
2023-11-30T02:10:16.444-07:00 DEBUG 36396 --- [http-nio-8080-exec-1] org.hibernate.SQL                        : 
    select
        c1_0.streaming_info_id,
        c1_0.link,
        c1_0.service,
        c1_0.streaming_type 
    from
        country_info c1_0 
    where
        c1_0.streaming_info_id=?
2023-11-30T02:10:58.657-07:00 DEBUG 36396 --- [http-nio-8080-exec-5] o.s.security.web.FilterChainProxy        : Securing OPTIONS /api/entities/friends
2023-11-30T02:10:58.657-07:00 DEBUG 36396 --- [http-nio-8080-exec-10] o.s.security.web.FilterChainProxy        : Securing OPTIONS /api/entities/friend-requests
2023-11-30T02:10:58.659-07:00 DEBUG 36396 --- [http-nio-8080-exec-9] o.s.security.web.FilterChainProxy        : Securing GET /api/entities/friend-requests
2023-11-30T02:10:58.659-07:00 DEBUG 36396 --- [http-nio-8080-exec-7] o.s.security.web.FilterChainProxy        : Securing GET /api/entities/friends
2023-11-30T02:10:58.659-07:00  INFO 36396 --- [http-nio-8080-exec-9] c.c.c.security.JwtAuthenticationFilter   : authToken:eyJ0eXAiOiJKV1QiLCJhbGciOiJIUzI1NiJ9.eyJleHAiOjE3MDEzMzg2NzAsInVzZXJuYW1lIjoiQWRtaW4xIn0.Gzx9GlnTu1aYyvwAEouDpx8-TYWEXo8a3_pUTS47oWk
2023-11-30T02:10:58.659-07:00  INFO 36396 --- [http-nio-8080-exec-7] c.c.c.security.JwtAuthenticationFilter   : authToken:eyJ0eXAiOiJKV1QiLCJhbGciOiJIUzI1NiJ9.eyJleHAiOjE3MDEzMzg2NzAsInVzZXJuYW1lIjoiQWRtaW4xIn0.Gzx9GlnTu1aYyvwAEouDpx8-TYWEXo8a3_pUTS47oWk
2023-11-30T02:10:58.659-07:00  INFO 36396 --- [http-nio-8080-exec-9] c.c.c.security.JwtAuthenticationFilter   : username: Admin1
2023-11-30T02:10:58.659-07:00  INFO 36396 --- [http-nio-8080-exec-7] c.c.c.security.JwtAuthenticationFilter   : username: Admin1
2023-11-30T02:10:58.660-07:00 DEBUG 36396 --- [http-nio-8080-exec-9] org.hibernate.SQL                        : 
    select
        u1_0.user_id,
        u1_0.avatar_id,
        u1_0.email,
        u1_0.first_name,
        u1_0.last_name,
        u1_0.password,
        u1_0.username 
    from
        user u1_0 
    where
        upper(u1_0.username)=upper(?)
2023-11-30T02:10:58.660-07:00 DEBUG 36396 --- [http-nio-8080-exec-7] org.hibernate.SQL                        : 
    select
        u1_0.user_id,
        u1_0.avatar_id,
        u1_0.email,
        u1_0.first_name,
        u1_0.last_name,
        u1_0.password,
        u1_0.username 
    from
        user u1_0 
    where
        upper(u1_0.username)=upper(?)
2023-11-30T02:10:58.661-07:00 DEBUG 36396 --- [http-nio-8080-exec-9] org.hibernate.SQL                        : 
    select
        r1_0.user_id,
        r1_1.role_id,
        r1_1.name 
    from
        user_roles r1_0 
    join
        role r1_1 
            on r1_1.role_id=r1_0.role_id 
    where
        r1_0.user_id=?
2023-11-30T02:10:58.661-07:00 DEBUG 36396 --- [http-nio-8080-exec-7] org.hibernate.SQL                        : 
    select
        r1_0.user_id,
        r1_1.role_id,
        r1_1.name 
    from
        user_roles r1_0 
    join
        role r1_1 
            on r1_1.role_id=r1_0.role_id 
    where
        r1_0.user_id=?
2023-11-30T02:10:58.662-07:00  INFO 36396 --- [http-nio-8080-exec-7] c.c.c.security.JwtAuthenticationFilter   : Authorities: [ROLE_USER, ROLE_ADMIN]
2023-11-30T02:10:58.662-07:00  INFO 36396 --- [http-nio-8080-exec-9] c.c.c.security.JwtAuthenticationFilter   : Authorities: [ROLE_USER, ROLE_ADMIN]
2023-11-30T02:10:58.662-07:00  INFO 36396 --- [http-nio-8080-exec-7] c.c.c.security.JwtAuthenticationFilter   : SecurityContextImpl [Authentication=UsernamePasswordAuthenticationToken [Principal=Admin1, Credentials=[PROTECTED], Authenticated=true, Details=WebAuthenticationDetails [RemoteIpAddress=0:0:0:0:0:0:0:1, SessionId=null], Granted Authorities=[ROLE_USER, ROLE_ADMIN]]]
2023-11-30T02:10:58.662-07:00  INFO 36396 --- [http-nio-8080-exec-9] c.c.c.security.JwtAuthenticationFilter   : SecurityContextImpl [Authentication=UsernamePasswordAuthenticationToken [Principal=Admin1, Credentials=[PROTECTED], Authenticated=true, Details=WebAuthenticationDetails [RemoteIpAddress=0:0:0:0:0:0:0:1, SessionId=null], Granted Authorities=[ROLE_USER, ROLE_ADMIN]]]
2023-11-30T02:10:58.662-07:00 DEBUG 36396 --- [http-nio-8080-exec-9] o.s.security.web.FilterChainProxy        : Secured GET /api/entities/friend-requests
2023-11-30T02:10:58.662-07:00 DEBUG 36396 --- [http-nio-8080-exec-7] o.s.security.web.FilterChainProxy        : Secured GET /api/entities/friends
2023-11-30T02:10:58.662-07:00 DEBUG 36396 --- [http-nio-8080-exec-9] horizationManagerBeforeMethodInterceptor : Authorizing method invocation ReflectiveMethodInvocation: public org.springframework.http.ResponseEntity com.cm.cinematchapp.controllers.EntityController.getFriendRequests(); target is of class [com.cm.cinematchapp.controllers.EntityController]
2023-11-30T02:10:58.662-07:00 DEBUG 36396 --- [http-nio-8080-exec-7] horizationManagerBeforeMethodInterceptor : Authorizing method invocation ReflectiveMethodInvocation: public org.springframework.http.ResponseEntity com.cm.cinematchapp.controllers.EntityController.getFriends(); target is of class [com.cm.cinematchapp.controllers.EntityController]
2023-11-30T02:10:58.663-07:00 DEBUG 36396 --- [http-nio-8080-exec-9] horizationManagerBeforeMethodInterceptor : Authorized method invocation ReflectiveMethodInvocation: public org.springframework.http.ResponseEntity com.cm.cinematchapp.controllers.EntityController.getFriendRequests(); target is of class [com.cm.cinematchapp.controllers.EntityController]
2023-11-30T02:10:58.663-07:00 DEBUG 36396 --- [http-nio-8080-exec-7] horizationManagerBeforeMethodInterceptor : Authorized method invocation ReflectiveMethodInvocation: public org.springframework.http.ResponseEntity com.cm.cinematchapp.controllers.EntityController.getFriends(); target is of class [com.cm.cinematchapp.controllers.EntityController]
2023-11-30T02:10:58.663-07:00 DEBUG 36396 --- [http-nio-8080-exec-9] org.hibernate.SQL                        : 
    select
        u1_0.user_id,
        u1_0.avatar_id,
        u1_0.email,
        u1_0.first_name,
        u1_0.last_name,
        u1_0.password,
        u1_0.username 
    from
        user u1_0 
    where
        upper(u1_0.username)=upper(?)
2023-11-30T02:10:58.663-07:00 DEBUG 36396 --- [http-nio-8080-exec-7] org.hibernate.SQL                        : 
    select
        u1_0.user_id,
        u1_0.avatar_id,
        u1_0.email,
        u1_0.first_name,
        u1_0.last_name,
        u1_0.password,
        u1_0.username 
    from
        user u1_0 
    where
        upper(u1_0.username)=upper(?)
2023-11-30T02:10:58.663-07:00 DEBUG 36396 --- [http-nio-8080-exec-9] org.hibernate.SQL                        : 
    select
        r1_0.user_id,
        r1_1.role_id,
        r1_1.name 
    from
        user_roles r1_0 
    join
        role r1_1 
            on r1_1.role_id=r1_0.role_id 
    where
        r1_0.user_id=?
2023-11-30T02:10:58.663-07:00 DEBUG 36396 --- [http-nio-8080-exec-7] org.hibernate.SQL                        : 
    select
        r1_0.user_id,
        r1_1.role_id,
        r1_1.name 
    from
        user_roles r1_0 
    join
        role r1_1 
            on r1_1.role_id=r1_0.role_id 
    where
        r1_0.user_id=?
2023-11-30T02:10:58.664-07:00 DEBUG 36396 --- [http-nio-8080-exec-9] org.hibernate.SQL                        : 
    select
        f1_0.request_id,
        f1_0.recipient_id,
        f1_0.request_status,
        f1_0.requester_id 
    from
        friend_request f1_0 
    where
        f1_0.recipient_id=?
2023-11-30T02:10:58.664-07:00 DEBUG 36396 --- [http-nio-8080-exec-7] org.hibernate.SQL                        : 
    select
        f2_0.user_id,
        f2_0.avatar_id,
        f2_0.email,
        f2_0.first_name,
        f2_0.last_name,
        f2_0.password,
        f2_0.username 
    from
        friendship f1_0 
    join
        user f2_0 
            on f2_0.user_id=f1_0.friend_user_id 
    where
        f1_0.user_id=?
2023-11-30T02:10:58.665-07:00 DEBUG 36396 --- [http-nio-8080-exec-7] org.hibernate.SQL                        : 
    select
        a1_0.avatar_id,
        a1_0.file_name,
        a1_0.path,
        a1_0.file_size 
    from
        avatar a1_0 
    where
        a1_0.avatar_id=?
2023-11-30T02:10:58.665-07:00 DEBUG 36396 --- [http-nio-8080-exec-7] org.hibernate.SQL                        : 
    select
        r1_0.user_id,
        r1_1.role_id,
        r1_1.name 
    from
        user_roles r1_0 
    join
        role r1_1 
            on r1_1.role_id=r1_0.role_id 
    where
        r1_0.user_id=?
2023-11-30T02:10:58.665-07:00 DEBUG 36396 --- [http-nio-8080-exec-7] org.hibernate.SQL                        : 
    select
        r1_0.user_id,
        r1_1.role_id,
        r1_1.name 
    from
        user_roles r1_0 
    join
        role r1_1 
            on r1_1.role_id=r1_0.role_id 
    where
        r1_0.user_id=?
2023-11-30T02:16:25.458-07:00  INFO 36396 --- [SpringApplicationShutdownHook] j.LocalContainerEntityManagerFactoryBean : Closing JPA EntityManagerFactory for persistence unit 'default'
2023-11-30T02:16:25.461-07:00  INFO 36396 --- [SpringApplicationShutdownHook] com.zaxxer.hikari.HikariDataSource       : HikariPool-1 - Shutdown initiated...
2023-11-30T02:16:25.462-07:00  INFO 36396 --- [SpringApplicationShutdownHook] com.zaxxer.hikari.HikariDataSource       : HikariPool-1 - Shutdown completed.
